fake_feature/0.npy,fake_label/0.npy
fake_feature/1.npy,fake_label/1.npy
fake_feature/2.npy,fake_label/2.npy
fake_feature/3.npy,fake_label/3.npy
fake_feature/4.npy,fake_label/4.npy
fake_feature/5.npy,fake_label/5.npy
fake_feature/6.npy,fake_label/6.npy
fake_feature/7.npy,fake_label/7.npy
fake_feature/8.npy,fake_label/8.npy
fake_feature/9.npy,fake_label/9.npy
fake_feature/10.npy,fake_label/10.npy
fake_feature/11.npy,fake_label/11.npy
fake_feature/12.npy,fake_label/12.npy
fake_feature/13.npy,fake_label/13.npy
fake_feature/14.npy,fake_label/14.npy
fake_feature/15.npy,fake_label/15.npy
fake_feature/16.npy,fake_label/16.npy
fake_feature/17.npy,fake_label/17.npy
fake_feature/18.npy,fake_label/18.npy
fake_feature/19.npy,fake_label/19.npy
fake_feature/20.npy,fake_label/20.npy
fake_feature/21.npy,fake_label/21.npy
fake_feature/22.npy,fake_label/22.npy
fake_feature/23.npy,fake_label/23.npy
fake_feature/24.npy,fake_label/24.npy
fake_feature/25.npy,fake_label/25.npy
fake_feature/26.npy,fake_label/26.npy
fake_feature/27.npy,fake_label/27.npy
fake_feature/28.npy,fake_label/28.npy
fake_feature/29.npy,fake_label/29.npy
fake_feature/30.npy,fake_label/30.npy
fake_feature/31.npy,fake_label/31.npy
fake_feature/32.npy,fake_label/32.npy
fake_feature/33.npy,fake_label/33.npy
fake_feature/34.npy,fake_label/34.npy
fake_feature/35.npy,fake_label/35.npy
fake_feature/36.npy,fake_label/36.npy
fake_feature/37.npy,fake_label/37.npy
fake_feature/38.npy,fake_label/38.npy
fake_feature/39.npy,fake_label/39.npy
fake_feature/40.npy,fake_label/40.npy
fake_feature/41.npy,fake_label/41.npy
fake_feature/42.npy,fake_label/42.npy
fake_feature/43.npy,fake_label/43.npy
fake_feature/44.npy,fake_label/44.npy
fake_feature/45.npy,fake_label/45.npy
fake_feature/46.npy,fake_label/46.npy
fake_feature/47.npy,fake_label/47.npy
fake_feature/48.npy,fake_label/48.npy
fake_feature/49.npy,fake_label/49.npy
fake_feature/50.npy,fake_label/50.npy
fake_feature/51.npy,fake_label/51.npy
fake_feature/52.npy,fake_label/52.npy
fake_feature/53.npy,fake_label/53.npy
fake_feature/54.npy,fake_label/54.npy
fake_feature/55.npy,fake_label/55.npy
fake_feature/56.npy,fake_label/56.npy
fake_feature/57.npy,fake_label/57.npy
fake_feature/58.npy,fake_label/58.npy
fake_feature/59.npy,fake_label/59.npy
fake_feature/60.npy,fake_label/60.npy
fake_feature/61.npy,fake_label/61.npy
fake_feature/62.npy,fake_label/62.npy
fake_feature/63.npy,fake_label/63.npy
fake_feature/64.npy,fake_label/64.npy
fake_feature/65.npy,fake_label/65.npy
fake_feature/66.npy,fake_label/66.npy
fake_feature/67.npy,fake_label/67.npy
fake_feature/68.npy,fake_label/68.npy
fake_feature/69.npy,fake_label/69.npy
fake_feature/70.npy,fake_label/70.npy
fake_feature/71.npy,fake_label/71.npy
fake_feature/72.npy,fake_label/72.npy
fake_feature/73.npy,fake_label/73.npy
fake_feature/74.npy,fake_label/74.npy
fake_feature/75.npy,fake_label/75.npy
fake_feature/76.npy,fake_label/76.npy
fake_feature/77.npy,fake_label/77.npy
fake_feature/78.npy,fake_label/78.npy
fake_feature/79.npy,fake_label/79.npy
fake_feature/80.npy,fake_label/80.npy
fake_feature/81.npy,fake_label/81.npy
fake_feature/82.npy,fake_label/82.npy
fake_feature/83.npy,fake_label/83.npy
fake_feature/84.npy,fake_label/84.npy
fake_feature/85.npy,fake_label/85.npy
fake_feature/86.npy,fake_label/86.npy
fake_feature/87.npy,fake_label/87.npy
fake_feature/88.npy,fake_label/88.npy
fake_feature/89.npy,fake_label/89.npy
fake_feature/90.npy,fake_label/90.npy
fake_feature/91.npy,fake_label/91.npy
fake_feature/92.npy,fake_label/92.npy
fake_feature/93.npy,fake_label/93.npy
fake_feature/94.npy,fake_label/94.npy
fake_feature/95.npy,fake_label/95.npy
fake_feature/96.npy,fake_label/96.npy
fake_feature/97.npy,fake_label/97.npy
fake_feature/98.npy,fake_label/98.npy
fake_feature/99.npy,fake_label/99.npy
fake_feature/100.npy,fake_label/100.npy
fake_feature/101.npy,fake_label/101.npy
fake_feature/102.npy,fake_label/102.npy
fake_feature/103.npy,fake_label/103.npy
fake_feature/104.npy,fake_label/104.npy
fake_feature/105.npy,fake_label/105.npy
fake_feature/106.npy,fake_label/106.npy
fake_feature/107.npy,fake_label/107.npy
fake_feature/108.npy,fake_label/108.npy
fake_feature/109.npy,fake_label/109.npy
fake_feature/110.npy,fake_label/110.npy
fake_feature/111.npy,fake_label/111.npy
fake_feature/112.npy,fake_label/112.npy
fake_feature/113.npy,fake_label/113.npy
fake_feature/114.npy,fake_label/114.npy
fake_feature/115.npy,fake_label/115.npy
fake_feature/116.npy,fake_label/116.npy
fake_feature/117.npy,fake_label/117.npy
fake_feature/118.npy,fake_label/118.npy
fake_feature/119.npy,fake_label/119.npy
fake_feature/120.npy,fake_label/120.npy
fake_feature/121.npy,fake_label/121.npy
fake_feature/122.npy,fake_label/122.npy
fake_feature/123.npy,fake_label/123.npy
fake_feature/124.npy,fake_label/124.npy
fake_feature/125.npy,fake_label/125.npy
fake_feature/126.npy,fake_label/126.npy
fake_feature/127.npy,fake_label/127.npy
fake_feature/128.npy,fake_label/128.npy
fake_feature/129.npy,fake_label/129.npy
fake_feature/130.npy,fake_label/130.npy
fake_feature/131.npy,fake_label/131.npy
fake_feature/132.npy,fake_label/132.npy
fake_feature/133.npy,fake_label/133.npy
fake_feature/134.npy,fake_label/134.npy
fake_feature/135.npy,fake_label/135.npy
fake_feature/136.npy,fake_label/136.npy
fake_feature/137.npy,fake_label/137.npy
fake_feature/138.npy,fake_label/138.npy
fake_feature/139.npy,fake_label/139.npy
fake_feature/140.npy,fake_label/140.npy
fake_feature/141.npy,fake_label/141.npy
fake_feature/142.npy,fake_label/142.npy
fake_feature/143.npy,fake_label/143.npy
fake_feature/144.npy,fake_label/144.npy
fake_feature/145.npy,fake_label/145.npy
fake_feature/146.npy,fake_label/146.npy
fake_feature/147.npy,fake_label/147.npy
fake_feature/148.npy,fake_label/148.npy
fake_feature/149.npy,fake_label/149.npy
fake_feature/150.npy,fake_label/150.npy
fake_feature/151.npy,fake_label/151.npy
fake_feature/152.npy,fake_label/152.npy
fake_feature/153.npy,fake_label/153.npy
fake_feature/154.npy,fake_label/154.npy
fake_feature/155.npy,fake_label/155.npy
fake_feature/156.npy,fake_label/156.npy
fake_feature/157.npy,fake_label/157.npy
fake_feature/158.npy,fake_label/158.npy
fake_feature/159.npy,fake_label/159.npy
fake_feature/160.npy,fake_label/160.npy
fake_feature/161.npy,fake_label/161.npy
fake_feature/162.npy,fake_label/162.npy
fake_feature/163.npy,fake_label/163.npy
fake_feature/164.npy,fake_label/164.npy
fake_feature/165.npy,fake_label/165.npy
fake_feature/166.npy,fake_label/166.npy
fake_feature/167.npy,fake_label/167.npy
fake_feature/168.npy,fake_label/168.npy
fake_feature/169.npy,fake_label/169.npy
fake_feature/170.npy,fake_label/170.npy
fake_feature/171.npy,fake_label/171.npy
fake_feature/172.npy,fake_label/172.npy
fake_feature/173.npy,fake_label/173.npy
fake_feature/174.npy,fake_label/174.npy
fake_feature/175.npy,fake_label/175.npy
fake_feature/176.npy,fake_label/176.npy
fake_feature/177.npy,fake_label/177.npy
fake_feature/178.npy,fake_label/178.npy
fake_feature/179.npy,fake_label/179.npy
fake_feature/180.npy,fake_label/180.npy
fake_feature/181.npy,fake_label/181.npy
fake_feature/182.npy,fake_label/182.npy
fake_feature/183.npy,fake_label/183.npy
fake_feature/184.npy,fake_label/184.npy
fake_feature/185.npy,fake_label/185.npy
fake_feature/186.npy,fake_label/186.npy
fake_feature/187.npy,fake_label/187.npy
fake_feature/188.npy,fake_label/188.npy
fake_feature/189.npy,fake_label/189.npy
fake_feature/190.npy,fake_label/190.npy
fake_feature/191.npy,fake_label/191.npy
fake_feature/192.npy,fake_label/192.npy
fake_feature/193.npy,fake_label/193.npy
fake_feature/194.npy,fake_label/194.npy
fake_feature/195.npy,fake_label/195.npy
fake_feature/196.npy,fake_label/196.npy
fake_feature/197.npy,fake_label/197.npy
fake_feature/198.npy,fake_label/198.npy
fake_feature/199.npy,fake_label/199.npy
fake_feature/200.npy,fake_label/200.npy
fake_feature/201.npy,fake_label/201.npy
fake_feature/202.npy,fake_label/202.npy
fake_feature/203.npy,fake_label/203.npy
fake_feature/204.npy,fake_label/204.npy
fake_feature/205.npy,fake_label/205.npy
fake_feature/206.npy,fake_label/206.npy
fake_feature/207.npy,fake_label/207.npy
fake_feature/208.npy,fake_label/208.npy
fake_feature/209.npy,fake_label/209.npy
fake_feature/210.npy,fake_label/210.npy
fake_feature/211.npy,fake_label/211.npy
fake_feature/212.npy,fake_label/212.npy
fake_feature/213.npy,fake_label/213.npy
fake_feature/214.npy,fake_label/214.npy
fake_feature/215.npy,fake_label/215.npy
fake_feature/216.npy,fake_label/216.npy
fake_feature/217.npy,fake_label/217.npy
fake_feature/218.npy,fake_label/218.npy
fake_feature/219.npy,fake_label/219.npy
fake_feature/220.npy,fake_label/220.npy
fake_feature/221.npy,fake_label/221.npy
fake_feature/222.npy,fake_label/222.npy
fake_feature/223.npy,fake_label/223.npy
fake_feature/224.npy,fake_label/224.npy
fake_feature/225.npy,fake_label/225.npy
fake_feature/226.npy,fake_label/226.npy
fake_feature/227.npy,fake_label/227.npy
fake_feature/228.npy,fake_label/228.npy
fake_feature/229.npy,fake_label/229.npy
fake_feature/230.npy,fake_label/230.npy
fake_feature/231.npy,fake_label/231.npy
fake_feature/232.npy,fake_label/232.npy
fake_feature/233.npy,fake_label/233.npy
fake_feature/234.npy,fake_label/234.npy
fake_feature/235.npy,fake_label/235.npy
fake_feature/236.npy,fake_label/236.npy
fake_feature/237.npy,fake_label/237.npy
fake_feature/238.npy,fake_label/238.npy
fake_feature/239.npy,fake_label/239.npy
fake_feature/240.npy,fake_label/240.npy
fake_feature/241.npy,fake_label/241.npy
fake_feature/242.npy,fake_label/242.npy
fake_feature/243.npy,fake_label/243.npy
fake_feature/244.npy,fake_label/244.npy
fake_feature/245.npy,fake_label/245.npy
fake_feature/246.npy,fake_label/246.npy
fake_feature/247.npy,fake_label/247.npy
fake_feature/248.npy,fake_label/248.npy
fake_feature/249.npy,fake_label/249.npy
fake_feature/250.npy,fake_label/250.npy
fake_feature/251.npy,fake_label/251.npy
fake_feature/252.npy,fake_label/252.npy
fake_feature/253.npy,fake_label/253.npy
fake_feature/254.npy,fake_label/254.npy
fake_feature/255.npy,fake_label/255.npy
fake_feature/256.npy,fake_label/256.npy
fake_feature/257.npy,fake_label/257.npy
fake_feature/258.npy,fake_label/258.npy
fake_feature/259.npy,fake_label/259.npy
fake_feature/260.npy,fake_label/260.npy
fake_feature/261.npy,fake_label/261.npy
fake_feature/262.npy,fake_label/262.npy
fake_feature/263.npy,fake_label/263.npy
fake_feature/264.npy,fake_label/264.npy
fake_feature/265.npy,fake_label/265.npy
fake_feature/266.npy,fake_label/266.npy
fake_feature/267.npy,fake_label/267.npy
fake_feature/268.npy,fake_label/268.npy
fake_feature/269.npy,fake_label/269.npy
fake_feature/270.npy,fake_label/270.npy
fake_feature/271.npy,fake_label/271.npy
fake_feature/272.npy,fake_label/272.npy
fake_feature/273.npy,fake_label/273.npy
fake_feature/274.npy,fake_label/274.npy
fake_feature/275.npy,fake_label/275.npy
fake_feature/276.npy,fake_label/276.npy
fake_feature/277.npy,fake_label/277.npy
fake_feature/278.npy,fake_label/278.npy
fake_feature/279.npy,fake_label/279.npy
fake_feature/280.npy,fake_label/280.npy
fake_feature/281.npy,fake_label/281.npy
fake_feature/282.npy,fake_label/282.npy
fake_feature/283.npy,fake_label/283.npy
fake_feature/284.npy,fake_label/284.npy
fake_feature/285.npy,fake_label/285.npy
fake_feature/286.npy,fake_label/286.npy
fake_feature/287.npy,fake_label/287.npy
fake_feature/288.npy,fake_label/288.npy
fake_feature/289.npy,fake_label/289.npy
fake_feature/290.npy,fake_label/290.npy
fake_feature/291.npy,fake_label/291.npy
fake_feature/292.npy,fake_label/292.npy
fake_feature/293.npy,fake_label/293.npy
fake_feature/294.npy,fake_label/294.npy
fake_feature/295.npy,fake_label/295.npy
fake_feature/296.npy,fake_label/296.npy
fake_feature/297.npy,fake_label/297.npy
fake_feature/298.npy,fake_label/298.npy
fake_feature/299.npy,fake_label/299.npy
fake_feature/300.npy,fake_label/300.npy
fake_feature/301.npy,fake_label/301.npy
fake_feature/302.npy,fake_label/302.npy
fake_feature/303.npy,fake_label/303.npy
fake_feature/304.npy,fake_label/304.npy
fake_feature/305.npy,fake_label/305.npy
fake_feature/306.npy,fake_label/306.npy
fake_feature/307.npy,fake_label/307.npy
fake_feature/308.npy,fake_label/308.npy
fake_feature/309.npy,fake_label/309.npy
fake_feature/310.npy,fake_label/310.npy
fake_feature/311.npy,fake_label/311.npy
fake_feature/312.npy,fake_label/312.npy
fake_feature/313.npy,fake_label/313.npy
fake_feature/314.npy,fake_label/314.npy
fake_feature/315.npy,fake_label/315.npy
fake_feature/316.npy,fake_label/316.npy
fake_feature/317.npy,fake_label/317.npy
fake_feature/318.npy,fake_label/318.npy
fake_feature/319.npy,fake_label/319.npy
fake_feature/320.npy,fake_label/320.npy
fake_feature/321.npy,fake_label/321.npy
fake_feature/322.npy,fake_label/322.npy
fake_feature/323.npy,fake_label/323.npy
fake_feature/324.npy,fake_label/324.npy
fake_feature/325.npy,fake_label/325.npy
fake_feature/326.npy,fake_label/326.npy
fake_feature/327.npy,fake_label/327.npy
fake_feature/328.npy,fake_label/328.npy
fake_feature/329.npy,fake_label/329.npy
fake_feature/330.npy,fake_label/330.npy
fake_feature/331.npy,fake_label/331.npy
fake_feature/332.npy,fake_label/332.npy
fake_feature/333.npy,fake_label/333.npy
fake_feature/334.npy,fake_label/334.npy
fake_feature/335.npy,fake_label/335.npy
fake_feature/336.npy,fake_label/336.npy
fake_feature/337.npy,fake_label/337.npy
fake_feature/338.npy,fake_label/338.npy
fake_feature/339.npy,fake_label/339.npy
fake_feature/340.npy,fake_label/340.npy
fake_feature/341.npy,fake_label/341.npy
fake_feature/342.npy,fake_label/342.npy
fake_feature/343.npy,fake_label/343.npy
fake_feature/344.npy,fake_label/344.npy
fake_feature/345.npy,fake_label/345.npy
fake_feature/346.npy,fake_label/346.npy
fake_feature/347.npy,fake_label/347.npy
fake_feature/348.npy,fake_label/348.npy
fake_feature/349.npy,fake_label/349.npy
fake_feature/350.npy,fake_label/350.npy
fake_feature/351.npy,fake_label/351.npy
fake_feature/352.npy,fake_label/352.npy
fake_feature/353.npy,fake_label/353.npy
fake_feature/354.npy,fake_label/354.npy
fake_feature/355.npy,fake_label/355.npy
fake_feature/356.npy,fake_label/356.npy
fake_feature/357.npy,fake_label/357.npy
fake_feature/358.npy,fake_label/358.npy
fake_feature/359.npy,fake_label/359.npy
fake_feature/360.npy,fake_label/360.npy
fake_feature/361.npy,fake_label/361.npy
fake_feature/362.npy,fake_label/362.npy
fake_feature/363.npy,fake_label/363.npy
fake_feature/364.npy,fake_label/364.npy
fake_feature/365.npy,fake_label/365.npy
fake_feature/366.npy,fake_label/366.npy
fake_feature/367.npy,fake_label/367.npy
fake_feature/368.npy,fake_label/368.npy
fake_feature/369.npy,fake_label/369.npy
fake_feature/370.npy,fake_label/370.npy
fake_feature/371.npy,fake_label/371.npy
fake_feature/372.npy,fake_label/372.npy
fake_feature/373.npy,fake_label/373.npy
fake_feature/374.npy,fake_label/374.npy
fake_feature/375.npy,fake_label/375.npy
fake_feature/376.npy,fake_label/376.npy
fake_feature/377.npy,fake_label/377.npy
fake_feature/378.npy,fake_label/378.npy
fake_feature/379.npy,fake_label/379.npy
fake_feature/380.npy,fake_label/380.npy
fake_feature/381.npy,fake_label/381.npy
fake_feature/382.npy,fake_label/382.npy
fake_feature/383.npy,fake_label/383.npy
fake_feature/384.npy,fake_label/384.npy
fake_feature/385.npy,fake_label/385.npy
fake_feature/386.npy,fake_label/386.npy
fake_feature/387.npy,fake_label/387.npy
fake_feature/388.npy,fake_label/388.npy
fake_feature/389.npy,fake_label/389.npy
fake_feature/390.npy,fake_label/390.npy
fake_feature/391.npy,fake_label/391.npy
fake_feature/392.npy,fake_label/392.npy
fake_feature/393.npy,fake_label/393.npy
fake_feature/394.npy,fake_label/394.npy
fake_feature/395.npy,fake_label/395.npy
fake_feature/396.npy,fake_label/396.npy
fake_feature/397.npy,fake_label/397.npy
fake_feature/398.npy,fake_label/398.npy
fake_feature/399.npy,fake_label/399.npy
fake_feature/400.npy,fake_label/400.npy
fake_feature/401.npy,fake_label/401.npy
fake_feature/402.npy,fake_label/402.npy
fake_feature/403.npy,fake_label/403.npy
fake_feature/404.npy,fake_label/404.npy
fake_feature/405.npy,fake_label/405.npy
fake_feature/406.npy,fake_label/406.npy
fake_feature/407.npy,fake_label/407.npy
fake_feature/408.npy,fake_label/408.npy
fake_feature/409.npy,fake_label/409.npy
fake_feature/410.npy,fake_label/410.npy
fake_feature/411.npy,fake_label/411.npy
fake_feature/412.npy,fake_label/412.npy
fake_feature/413.npy,fake_label/413.npy
fake_feature/414.npy,fake_label/414.npy
fake_feature/415.npy,fake_label/415.npy
fake_feature/416.npy,fake_label/416.npy
fake_feature/417.npy,fake_label/417.npy
fake_feature/418.npy,fake_label/418.npy
fake_feature/419.npy,fake_label/419.npy
fake_feature/420.npy,fake_label/420.npy
fake_feature/421.npy,fake_label/421.npy
fake_feature/422.npy,fake_label/422.npy
fake_feature/423.npy,fake_label/423.npy
fake_feature/424.npy,fake_label/424.npy
fake_feature/425.npy,fake_label/425.npy
fake_feature/426.npy,fake_label/426.npy
fake_feature/427.npy,fake_label/427.npy
fake_feature/428.npy,fake_label/428.npy
fake_feature/429.npy,fake_label/429.npy
fake_feature/430.npy,fake_label/430.npy
fake_feature/431.npy,fake_label/431.npy
fake_feature/432.npy,fake_label/432.npy
fake_feature/433.npy,fake_label/433.npy
fake_feature/434.npy,fake_label/434.npy
fake_feature/435.npy,fake_label/435.npy
fake_feature/436.npy,fake_label/436.npy
fake_feature/437.npy,fake_label/437.npy
fake_feature/438.npy,fake_label/438.npy
fake_feature/439.npy,fake_label/439.npy
fake_feature/440.npy,fake_label/440.npy
fake_feature/441.npy,fake_label/441.npy
fake_feature/442.npy,fake_label/442.npy
fake_feature/443.npy,fake_label/443.npy
fake_feature/444.npy,fake_label/444.npy
fake_feature/445.npy,fake_label/445.npy
fake_feature/446.npy,fake_label/446.npy
fake_feature/447.npy,fake_label/447.npy
fake_feature/448.npy,fake_label/448.npy
fake_feature/449.npy,fake_label/449.npy
fake_feature/450.npy,fake_label/450.npy
fake_feature/451.npy,fake_label/451.npy
fake_feature/452.npy,fake_label/452.npy
fake_feature/453.npy,fake_label/453.npy
fake_feature/454.npy,fake_label/454.npy
fake_feature/455.npy,fake_label/455.npy
fake_feature/456.npy,fake_label/456.npy
fake_feature/457.npy,fake_label/457.npy
fake_feature/458.npy,fake_label/458.npy
fake_feature/459.npy,fake_label/459.npy
fake_feature/460.npy,fake_label/460.npy
fake_feature/461.npy,fake_label/461.npy
fake_feature/462.npy,fake_label/462.npy
fake_feature/463.npy,fake_label/463.npy
fake_feature/464.npy,fake_label/464.npy
fake_feature/465.npy,fake_label/465.npy
fake_feature/466.npy,fake_label/466.npy
fake_feature/467.npy,fake_label/467.npy
fake_feature/468.npy,fake_label/468.npy
fake_feature/469.npy,fake_label/469.npy
fake_feature/470.npy,fake_label/470.npy
fake_feature/471.npy,fake_label/471.npy
fake_feature/472.npy,fake_label/472.npy
fake_feature/473.npy,fake_label/473.npy
fake_feature/474.npy,fake_label/474.npy
fake_feature/475.npy,fake_label/475.npy
fake_feature/476.npy,fake_label/476.npy
fake_feature/477.npy,fake_label/477.npy
fake_feature/478.npy,fake_label/478.npy
fake_feature/479.npy,fake_label/479.npy
fake_feature/480.npy,fake_label/480.npy
fake_feature/481.npy,fake_label/481.npy
fake_feature/482.npy,fake_label/482.npy
fake_feature/483.npy,fake_label/483.npy
fake_feature/484.npy,fake_label/484.npy
fake_feature/485.npy,fake_label/485.npy
fake_feature/486.npy,fake_label/486.npy
fake_feature/487.npy,fake_label/487.npy
fake_feature/488.npy,fake_label/488.npy
fake_feature/489.npy,fake_label/489.npy
fake_feature/490.npy,fake_label/490.npy
fake_feature/491.npy,fake_label/491.npy
fake_feature/492.npy,fake_label/492.npy
fake_feature/493.npy,fake_label/493.npy
fake_feature/494.npy,fake_label/494.npy
fake_feature/495.npy,fake_label/495.npy
fake_feature/496.npy,fake_label/496.npy
fake_feature/497.npy,fake_label/497.npy
fake_feature/498.npy,fake_label/498.npy
fake_feature/499.npy,fake_label/499.npy
fake_feature/500.npy,fake_label/500.npy
fake_feature/501.npy,fake_label/501.npy
fake_feature/502.npy,fake_label/502.npy
fake_feature/503.npy,fake_label/503.npy
fake_feature/504.npy,fake_label/504.npy
fake_feature/505.npy,fake_label/505.npy
fake_feature/506.npy,fake_label/506.npy
fake_feature/507.npy,fake_label/507.npy
fake_feature/508.npy,fake_label/508.npy
fake_feature/509.npy,fake_label/509.npy
fake_feature/510.npy,fake_label/510.npy
fake_feature/511.npy,fake_label/511.npy
fake_feature/512.npy,fake_label/512.npy
fake_feature/513.npy,fake_label/513.npy
fake_feature/514.npy,fake_label/514.npy
fake_feature/515.npy,fake_label/515.npy
fake_feature/516.npy,fake_label/516.npy
fake_feature/517.npy,fake_label/517.npy
fake_feature/518.npy,fake_label/518.npy
fake_feature/519.npy,fake_label/519.npy
fake_feature/520.npy,fake_label/520.npy
fake_feature/521.npy,fake_label/521.npy
fake_feature/522.npy,fake_label/522.npy
fake_feature/523.npy,fake_label/523.npy
fake_feature/524.npy,fake_label/524.npy
fake_feature/525.npy,fake_label/525.npy
fake_feature/526.npy,fake_label/526.npy
fake_feature/527.npy,fake_label/527.npy
fake_feature/528.npy,fake_label/528.npy
fake_feature/529.npy,fake_label/529.npy
fake_feature/530.npy,fake_label/530.npy
fake_feature/531.npy,fake_label/531.npy
fake_feature/532.npy,fake_label/532.npy
fake_feature/533.npy,fake_label/533.npy
fake_feature/534.npy,fake_label/534.npy
fake_feature/535.npy,fake_label/535.npy
fake_feature/536.npy,fake_label/536.npy
fake_feature/537.npy,fake_label/537.npy
fake_feature/538.npy,fake_label/538.npy
fake_feature/539.npy,fake_label/539.npy
fake_feature/540.npy,fake_label/540.npy
fake_feature/541.npy,fake_label/541.npy
fake_feature/542.npy,fake_label/542.npy
fake_feature/543.npy,fake_label/543.npy
fake_feature/544.npy,fake_label/544.npy
fake_feature/545.npy,fake_label/545.npy
fake_feature/546.npy,fake_label/546.npy
fake_feature/547.npy,fake_label/547.npy
fake_feature/548.npy,fake_label/548.npy
fake_feature/549.npy,fake_label/549.npy
fake_feature/550.npy,fake_label/550.npy
fake_feature/551.npy,fake_label/551.npy
fake_feature/552.npy,fake_label/552.npy
fake_feature/553.npy,fake_label/553.npy
fake_feature/554.npy,fake_label/554.npy
fake_feature/555.npy,fake_label/555.npy
fake_feature/556.npy,fake_label/556.npy
fake_feature/557.npy,fake_label/557.npy
fake_feature/558.npy,fake_label/558.npy
fake_feature/559.npy,fake_label/559.npy
fake_feature/560.npy,fake_label/560.npy
fake_feature/561.npy,fake_label/561.npy
fake_feature/562.npy,fake_label/562.npy
fake_feature/563.npy,fake_label/563.npy
fake_feature/564.npy,fake_label/564.npy
fake_feature/565.npy,fake_label/565.npy
fake_feature/566.npy,fake_label/566.npy
fake_feature/567.npy,fake_label/567.npy
fake_feature/568.npy,fake_label/568.npy
fake_feature/569.npy,fake_label/569.npy
fake_feature/570.npy,fake_label/570.npy
fake_feature/571.npy,fake_label/571.npy
fake_feature/572.npy,fake_label/572.npy
fake_feature/573.npy,fake_label/573.npy
fake_feature/574.npy,fake_label/574.npy
fake_feature/575.npy,fake_label/575.npy
fake_feature/576.npy,fake_label/576.npy
fake_feature/577.npy,fake_label/577.npy
fake_feature/578.npy,fake_label/578.npy
fake_feature/579.npy,fake_label/579.npy
fake_feature/580.npy,fake_label/580.npy
fake_feature/581.npy,fake_label/581.npy
fake_feature/582.npy,fake_label/582.npy
fake_feature/583.npy,fake_label/583.npy
fake_feature/584.npy,fake_label/584.npy
fake_feature/585.npy,fake_label/585.npy
fake_feature/586.npy,fake_label/586.npy
fake_feature/587.npy,fake_label/587.npy
fake_feature/588.npy,fake_label/588.npy
fake_feature/589.npy,fake_label/589.npy
fake_feature/590.npy,fake_label/590.npy
fake_feature/591.npy,fake_label/591.npy
fake_feature/592.npy,fake_label/592.npy
fake_feature/593.npy,fake_label/593.npy
fake_feature/594.npy,fake_label/594.npy
fake_feature/595.npy,fake_label/595.npy
fake_feature/596.npy,fake_label/596.npy
fake_feature/597.npy,fake_label/597.npy
fake_feature/598.npy,fake_label/598.npy
fake_feature/599.npy,fake_label/599.npy
fake_feature/600.npy,fake_label/600.npy
fake_feature/601.npy,fake_label/601.npy
fake_feature/602.npy,fake_label/602.npy
fake_feature/603.npy,fake_label/603.npy
fake_feature/604.npy,fake_label/604.npy
fake_feature/605.npy,fake_label/605.npy
fake_feature/606.npy,fake_label/606.npy
fake_feature/607.npy,fake_label/607.npy
fake_feature/608.npy,fake_label/608.npy
fake_feature/609.npy,fake_label/609.npy
fake_feature/610.npy,fake_label/610.npy
fake_feature/611.npy,fake_label/611.npy
fake_feature/612.npy,fake_label/612.npy
fake_feature/613.npy,fake_label/613.npy
fake_feature/614.npy,fake_label/614.npy
fake_feature/615.npy,fake_label/615.npy
fake_feature/616.npy,fake_label/616.npy
fake_feature/617.npy,fake_label/617.npy
fake_feature/618.npy,fake_label/618.npy
fake_feature/619.npy,fake_label/619.npy
fake_feature/620.npy,fake_label/620.npy
fake_feature/621.npy,fake_label/621.npy
fake_feature/622.npy,fake_label/622.npy
fake_feature/623.npy,fake_label/623.npy
fake_feature/624.npy,fake_label/624.npy
fake_feature/625.npy,fake_label/625.npy
fake_feature/626.npy,fake_label/626.npy
fake_feature/627.npy,fake_label/627.npy
fake_feature/628.npy,fake_label/628.npy
fake_feature/629.npy,fake_label/629.npy
fake_feature/630.npy,fake_label/630.npy
fake_feature/631.npy,fake_label/631.npy
fake_feature/632.npy,fake_label/632.npy
fake_feature/633.npy,fake_label/633.npy
fake_feature/634.npy,fake_label/634.npy
fake_feature/635.npy,fake_label/635.npy
fake_feature/636.npy,fake_label/636.npy
fake_feature/637.npy,fake_label/637.npy
fake_feature/638.npy,fake_label/638.npy
fake_feature/639.npy,fake_label/639.npy
fake_feature/640.npy,fake_label/640.npy
fake_feature/641.npy,fake_label/641.npy
fake_feature/642.npy,fake_label/642.npy
fake_feature/643.npy,fake_label/643.npy
fake_feature/644.npy,fake_label/644.npy
fake_feature/645.npy,fake_label/645.npy
fake_feature/646.npy,fake_label/646.npy
fake_feature/647.npy,fake_label/647.npy
fake_feature/648.npy,fake_label/648.npy
fake_feature/649.npy,fake_label/649.npy
fake_feature/650.npy,fake_label/650.npy
fake_feature/651.npy,fake_label/651.npy
fake_feature/652.npy,fake_label/652.npy
fake_feature/653.npy,fake_label/653.npy
fake_feature/654.npy,fake_label/654.npy
fake_feature/655.npy,fake_label/655.npy
fake_feature/656.npy,fake_label/656.npy
fake_feature/657.npy,fake_label/657.npy
fake_feature/658.npy,fake_label/658.npy
fake_feature/659.npy,fake_label/659.npy
fake_feature/660.npy,fake_label/660.npy
fake_feature/661.npy,fake_label/661.npy
fake_feature/662.npy,fake_label/662.npy
fake_feature/663.npy,fake_label/663.npy
fake_feature/664.npy,fake_label/664.npy
fake_feature/665.npy,fake_label/665.npy
fake_feature/666.npy,fake_label/666.npy
fake_feature/667.npy,fake_label/667.npy
fake_feature/668.npy,fake_label/668.npy
fake_feature/669.npy,fake_label/669.npy
fake_feature/670.npy,fake_label/670.npy
fake_feature/671.npy,fake_label/671.npy
fake_feature/672.npy,fake_label/672.npy
fake_feature/673.npy,fake_label/673.npy
fake_feature/674.npy,fake_label/674.npy
fake_feature/675.npy,fake_label/675.npy
fake_feature/676.npy,fake_label/676.npy
fake_feature/677.npy,fake_label/677.npy
fake_feature/678.npy,fake_label/678.npy
fake_feature/679.npy,fake_label/679.npy
fake_feature/680.npy,fake_label/680.npy
fake_feature/681.npy,fake_label/681.npy
fake_feature/682.npy,fake_label/682.npy
fake_feature/683.npy,fake_label/683.npy
fake_feature/684.npy,fake_label/684.npy
fake_feature/685.npy,fake_label/685.npy
fake_feature/686.npy,fake_label/686.npy
fake_feature/687.npy,fake_label/687.npy
fake_feature/688.npy,fake_label/688.npy
fake_feature/689.npy,fake_label/689.npy
fake_feature/690.npy,fake_label/690.npy
fake_feature/691.npy,fake_label/691.npy
fake_feature/692.npy,fake_label/692.npy
fake_feature/693.npy,fake_label/693.npy
fake_feature/694.npy,fake_label/694.npy
fake_feature/695.npy,fake_label/695.npy
fake_feature/696.npy,fake_label/696.npy
fake_feature/697.npy,fake_label/697.npy
fake_feature/698.npy,fake_label/698.npy
fake_feature/699.npy,fake_label/699.npy
fake_feature/700.npy,fake_label/700.npy
fake_feature/701.npy,fake_label/701.npy
fake_feature/702.npy,fake_label/702.npy
fake_feature/703.npy,fake_label/703.npy
fake_feature/704.npy,fake_label/704.npy
fake_feature/705.npy,fake_label/705.npy
fake_feature/706.npy,fake_label/706.npy
fake_feature/707.npy,fake_label/707.npy
fake_feature/708.npy,fake_label/708.npy
fake_feature/709.npy,fake_label/709.npy
fake_feature/710.npy,fake_label/710.npy
fake_feature/711.npy,fake_label/711.npy
fake_feature/712.npy,fake_label/712.npy
fake_feature/713.npy,fake_label/713.npy
fake_feature/714.npy,fake_label/714.npy
fake_feature/715.npy,fake_label/715.npy
fake_feature/716.npy,fake_label/716.npy
fake_feature/717.npy,fake_label/717.npy
fake_feature/718.npy,fake_label/718.npy
fake_feature/719.npy,fake_label/719.npy
fake_feature/720.npy,fake_label/720.npy
fake_feature/721.npy,fake_label/721.npy
fake_feature/722.npy,fake_label/722.npy
fake_feature/723.npy,fake_label/723.npy
fake_feature/724.npy,fake_label/724.npy
fake_feature/725.npy,fake_label/725.npy
fake_feature/726.npy,fake_label/726.npy
fake_feature/727.npy,fake_label/727.npy
fake_feature/728.npy,fake_label/728.npy
fake_feature/729.npy,fake_label/729.npy
fake_feature/730.npy,fake_label/730.npy
fake_feature/731.npy,fake_label/731.npy
fake_feature/732.npy,fake_label/732.npy
fake_feature/733.npy,fake_label/733.npy
fake_feature/734.npy,fake_label/734.npy
fake_feature/735.npy,fake_label/735.npy
fake_feature/736.npy,fake_label/736.npy
fake_feature/737.npy,fake_label/737.npy
fake_feature/738.npy,fake_label/738.npy
fake_feature/739.npy,fake_label/739.npy
fake_feature/740.npy,fake_label/740.npy
fake_feature/741.npy,fake_label/741.npy
fake_feature/742.npy,fake_label/742.npy
fake_feature/743.npy,fake_label/743.npy
fake_feature/744.npy,fake_label/744.npy
fake_feature/745.npy,fake_label/745.npy
fake_feature/746.npy,fake_label/746.npy
fake_feature/747.npy,fake_label/747.npy
fake_feature/748.npy,fake_label/748.npy
fake_feature/749.npy,fake_label/749.npy
fake_feature/750.npy,fake_label/750.npy
fake_feature/751.npy,fake_label/751.npy
fake_feature/752.npy,fake_label/752.npy
fake_feature/753.npy,fake_label/753.npy
fake_feature/754.npy,fake_label/754.npy
fake_feature/755.npy,fake_label/755.npy
fake_feature/756.npy,fake_label/756.npy
fake_feature/757.npy,fake_label/757.npy
fake_feature/758.npy,fake_label/758.npy
fake_feature/759.npy,fake_label/759.npy
fake_feature/760.npy,fake_label/760.npy
fake_feature/761.npy,fake_label/761.npy
fake_feature/762.npy,fake_label/762.npy
fake_feature/763.npy,fake_label/763.npy
fake_feature/764.npy,fake_label/764.npy
fake_feature/765.npy,fake_label/765.npy
fake_feature/766.npy,fake_label/766.npy
fake_feature/767.npy,fake_label/767.npy
fake_feature/768.npy,fake_label/768.npy
fake_feature/769.npy,fake_label/769.npy
fake_feature/770.npy,fake_label/770.npy
fake_feature/771.npy,fake_label/771.npy
fake_feature/772.npy,fake_label/772.npy
fake_feature/773.npy,fake_label/773.npy
fake_feature/774.npy,fake_label/774.npy
fake_feature/775.npy,fake_label/775.npy
fake_feature/776.npy,fake_label/776.npy
fake_feature/777.npy,fake_label/777.npy
fake_feature/778.npy,fake_label/778.npy
fake_feature/779.npy,fake_label/779.npy
fake_feature/780.npy,fake_label/780.npy
fake_feature/781.npy,fake_label/781.npy
fake_feature/782.npy,fake_label/782.npy
fake_feature/783.npy,fake_label/783.npy
fake_feature/784.npy,fake_label/784.npy
fake_feature/785.npy,fake_label/785.npy
fake_feature/786.npy,fake_label/786.npy
fake_feature/787.npy,fake_label/787.npy
fake_feature/788.npy,fake_label/788.npy
fake_feature/789.npy,fake_label/789.npy
fake_feature/790.npy,fake_label/790.npy
fake_feature/791.npy,fake_label/791.npy
fake_feature/792.npy,fake_label/792.npy
fake_feature/793.npy,fake_label/793.npy
fake_feature/794.npy,fake_label/794.npy
fake_feature/795.npy,fake_label/795.npy
fake_feature/796.npy,fake_label/796.npy
fake_feature/797.npy,fake_label/797.npy
fake_feature/798.npy,fake_label/798.npy
fake_feature/799.npy,fake_label/799.npy
fake_feature/800.npy,fake_label/800.npy
fake_feature/801.npy,fake_label/801.npy
fake_feature/802.npy,fake_label/802.npy
fake_feature/803.npy,fake_label/803.npy
fake_feature/804.npy,fake_label/804.npy
fake_feature/805.npy,fake_label/805.npy
fake_feature/806.npy,fake_label/806.npy
fake_feature/807.npy,fake_label/807.npy
fake_feature/808.npy,fake_label/808.npy
fake_feature/809.npy,fake_label/809.npy
fake_feature/810.npy,fake_label/810.npy
fake_feature/811.npy,fake_label/811.npy
fake_feature/812.npy,fake_label/812.npy
fake_feature/813.npy,fake_label/813.npy
fake_feature/814.npy,fake_label/814.npy
fake_feature/815.npy,fake_label/815.npy
fake_feature/816.npy,fake_label/816.npy
fake_feature/817.npy,fake_label/817.npy
fake_feature/818.npy,fake_label/818.npy
fake_feature/819.npy,fake_label/819.npy
fake_feature/820.npy,fake_label/820.npy
fake_feature/821.npy,fake_label/821.npy
fake_feature/822.npy,fake_label/822.npy
fake_feature/823.npy,fake_label/823.npy
fake_feature/824.npy,fake_label/824.npy
fake_feature/825.npy,fake_label/825.npy
fake_feature/826.npy,fake_label/826.npy
fake_feature/827.npy,fake_label/827.npy
fake_feature/828.npy,fake_label/828.npy
fake_feature/829.npy,fake_label/829.npy
fake_feature/830.npy,fake_label/830.npy
fake_feature/831.npy,fake_label/831.npy
fake_feature/832.npy,fake_label/832.npy
fake_feature/833.npy,fake_label/833.npy
fake_feature/834.npy,fake_label/834.npy
fake_feature/835.npy,fake_label/835.npy
fake_feature/836.npy,fake_label/836.npy
fake_feature/837.npy,fake_label/837.npy
fake_feature/838.npy,fake_label/838.npy
fake_feature/839.npy,fake_label/839.npy
fake_feature/840.npy,fake_label/840.npy
fake_feature/841.npy,fake_label/841.npy
fake_feature/842.npy,fake_label/842.npy
fake_feature/843.npy,fake_label/843.npy
fake_feature/844.npy,fake_label/844.npy
fake_feature/845.npy,fake_label/845.npy
fake_feature/846.npy,fake_label/846.npy
fake_feature/847.npy,fake_label/847.npy
fake_feature/848.npy,fake_label/848.npy
fake_feature/849.npy,fake_label/849.npy
fake_feature/850.npy,fake_label/850.npy
fake_feature/851.npy,fake_label/851.npy
fake_feature/852.npy,fake_label/852.npy
fake_feature/853.npy,fake_label/853.npy
fake_feature/854.npy,fake_label/854.npy
fake_feature/855.npy,fake_label/855.npy
fake_feature/856.npy,fake_label/856.npy
fake_feature/857.npy,fake_label/857.npy
fake_feature/858.npy,fake_label/858.npy
fake_feature/859.npy,fake_label/859.npy
fake_feature/860.npy,fake_label/860.npy
fake_feature/861.npy,fake_label/861.npy
fake_feature/862.npy,fake_label/862.npy
fake_feature/863.npy,fake_label/863.npy
fake_feature/864.npy,fake_label/864.npy
fake_feature/865.npy,fake_label/865.npy
fake_feature/866.npy,fake_label/866.npy
fake_feature/867.npy,fake_label/867.npy
fake_feature/868.npy,fake_label/868.npy
fake_feature/869.npy,fake_label/869.npy
fake_feature/870.npy,fake_label/870.npy
fake_feature/871.npy,fake_label/871.npy
fake_feature/872.npy,fake_label/872.npy
fake_feature/873.npy,fake_label/873.npy
fake_feature/874.npy,fake_label/874.npy
fake_feature/875.npy,fake_label/875.npy
fake_feature/876.npy,fake_label/876.npy
fake_feature/877.npy,fake_label/877.npy
fake_feature/878.npy,fake_label/878.npy
fake_feature/879.npy,fake_label/879.npy
fake_feature/880.npy,fake_label/880.npy
fake_feature/881.npy,fake_label/881.npy
fake_feature/882.npy,fake_label/882.npy
fake_feature/883.npy,fake_label/883.npy
fake_feature/884.npy,fake_label/884.npy
fake_feature/885.npy,fake_label/885.npy
fake_feature/886.npy,fake_label/886.npy
fake_feature/887.npy,fake_label/887.npy
fake_feature/888.npy,fake_label/888.npy
fake_feature/889.npy,fake_label/889.npy
fake_feature/890.npy,fake_label/890.npy
fake_feature/891.npy,fake_label/891.npy
fake_feature/892.npy,fake_label/892.npy
fake_feature/893.npy,fake_label/893.npy
fake_feature/894.npy,fake_label/894.npy
fake_feature/895.npy,fake_label/895.npy
fake_feature/896.npy,fake_label/896.npy
fake_feature/897.npy,fake_label/897.npy
fake_feature/898.npy,fake_label/898.npy
fake_feature/899.npy,fake_label/899.npy
fake_feature/900.npy,fake_label/900.npy
fake_feature/901.npy,fake_label/901.npy
fake_feature/902.npy,fake_label/902.npy
fake_feature/903.npy,fake_label/903.npy
fake_feature/904.npy,fake_label/904.npy
fake_feature/905.npy,fake_label/905.npy
fake_feature/906.npy,fake_label/906.npy
fake_feature/907.npy,fake_label/907.npy
fake_feature/908.npy,fake_label/908.npy
fake_feature/909.npy,fake_label/909.npy
fake_feature/910.npy,fake_label/910.npy
fake_feature/911.npy,fake_label/911.npy
fake_feature/912.npy,fake_label/912.npy
fake_feature/913.npy,fake_label/913.npy
fake_feature/914.npy,fake_label/914.npy
fake_feature/915.npy,fake_label/915.npy
fake_feature/916.npy,fake_label/916.npy
fake_feature/917.npy,fake_label/917.npy
fake_feature/918.npy,fake_label/918.npy
fake_feature/919.npy,fake_label/919.npy
fake_feature/920.npy,fake_label/920.npy
fake_feature/921.npy,fake_label/921.npy
fake_feature/922.npy,fake_label/922.npy
fake_feature/923.npy,fake_label/923.npy
fake_feature/924.npy,fake_label/924.npy
fake_feature/925.npy,fake_label/925.npy
fake_feature/926.npy,fake_label/926.npy
fake_feature/927.npy,fake_label/927.npy
fake_feature/928.npy,fake_label/928.npy
fake_feature/929.npy,fake_label/929.npy
fake_feature/930.npy,fake_label/930.npy
fake_feature/931.npy,fake_label/931.npy
fake_feature/932.npy,fake_label/932.npy
fake_feature/933.npy,fake_label/933.npy
fake_feature/934.npy,fake_label/934.npy
fake_feature/935.npy,fake_label/935.npy
fake_feature/936.npy,fake_label/936.npy
fake_feature/937.npy,fake_label/937.npy
fake_feature/938.npy,fake_label/938.npy
fake_feature/939.npy,fake_label/939.npy
fake_feature/940.npy,fake_label/940.npy
fake_feature/941.npy,fake_label/941.npy
fake_feature/942.npy,fake_label/942.npy
fake_feature/943.npy,fake_label/943.npy
fake_feature/944.npy,fake_label/944.npy
fake_feature/945.npy,fake_label/945.npy
fake_feature/946.npy,fake_label/946.npy
fake_feature/947.npy,fake_label/947.npy
fake_feature/948.npy,fake_label/948.npy
fake_feature/949.npy,fake_label/949.npy
fake_feature/950.npy,fake_label/950.npy
fake_feature/951.npy,fake_label/951.npy
fake_feature/952.npy,fake_label/952.npy
fake_feature/953.npy,fake_label/953.npy
fake_feature/954.npy,fake_label/954.npy
fake_feature/955.npy,fake_label/955.npy
fake_feature/956.npy,fake_label/956.npy
fake_feature/957.npy,fake_label/957.npy
fake_feature/958.npy,fake_label/958.npy
fake_feature/959.npy,fake_label/959.npy
fake_feature/960.npy,fake_label/960.npy
fake_feature/961.npy,fake_label/961.npy
fake_feature/962.npy,fake_label/962.npy
fake_feature/963.npy,fake_label/963.npy
fake_feature/964.npy,fake_label/964.npy
fake_feature/965.npy,fake_label/965.npy
fake_feature/966.npy,fake_label/966.npy
fake_feature/967.npy,fake_label/967.npy
fake_feature/968.npy,fake_label/968.npy
fake_feature/969.npy,fake_label/969.npy
fake_feature/970.npy,fake_label/970.npy
fake_feature/971.npy,fake_label/971.npy
fake_feature/972.npy,fake_label/972.npy
fake_feature/973.npy,fake_label/973.npy
fake_feature/974.npy,fake_label/974.npy
fake_feature/975.npy,fake_label/975.npy
fake_feature/976.npy,fake_label/976.npy
fake_feature/977.npy,fake_label/977.npy
fake_feature/978.npy,fake_label/978.npy
fake_feature/979.npy,fake_label/979.npy
fake_feature/980.npy,fake_label/980.npy
fake_feature/981.npy,fake_label/981.npy
fake_feature/982.npy,fake_label/982.npy
fake_feature/983.npy,fake_label/983.npy
fake_feature/984.npy,fake_label/984.npy
fake_feature/985.npy,fake_label/985.npy
fake_feature/986.npy,fake_label/986.npy
fake_feature/987.npy,fake_label/987.npy
fake_feature/988.npy,fake_label/988.npy
fake_feature/989.npy,fake_label/989.npy
fake_feature/990.npy,fake_label/990.npy
fake_feature/991.npy,fake_label/991.npy
fake_feature/992.npy,fake_label/992.npy
fake_feature/993.npy,fake_label/993.npy
fake_feature/994.npy,fake_label/994.npy
fake_feature/995.npy,fake_label/995.npy
fake_feature/996.npy,fake_label/996.npy
fake_feature/997.npy,fake_label/997.npy
fake_feature/998.npy,fake_label/998.npy
fake_feature/999.npy,fake_label/999.npy
fake_feature/1000.npy,fake_label/1000.npy
fake_feature/1001.npy,fake_label/1001.npy
fake_feature/1002.npy,fake_label/1002.npy
fake_feature/1003.npy,fake_label/1003.npy
fake_feature/1004.npy,fake_label/1004.npy
fake_feature/1005.npy,fake_label/1005.npy
fake_feature/1006.npy,fake_label/1006.npy
fake_feature/1007.npy,fake_label/1007.npy
fake_feature/1008.npy,fake_label/1008.npy
fake_feature/1009.npy,fake_label/1009.npy
fake_feature/1010.npy,fake_label/1010.npy
fake_feature/1011.npy,fake_label/1011.npy
fake_feature/1012.npy,fake_label/1012.npy
fake_feature/1013.npy,fake_label/1013.npy
fake_feature/1014.npy,fake_label/1014.npy
fake_feature/1015.npy,fake_label/1015.npy
fake_feature/1016.npy,fake_label/1016.npy
fake_feature/1017.npy,fake_label/1017.npy
fake_feature/1018.npy,fake_label/1018.npy
fake_feature/1019.npy,fake_label/1019.npy
fake_feature/1020.npy,fake_label/1020.npy
fake_feature/1021.npy,fake_label/1021.npy
fake_feature/1022.npy,fake_label/1022.npy
fake_feature/1023.npy,fake_label/1023.npy
fake_feature/1024.npy,fake_label/1024.npy
fake_feature/1025.npy,fake_label/1025.npy
fake_feature/1026.npy,fake_label/1026.npy
fake_feature/1027.npy,fake_label/1027.npy
fake_feature/1028.npy,fake_label/1028.npy
fake_feature/1029.npy,fake_label/1029.npy
fake_feature/1030.npy,fake_label/1030.npy
fake_feature/1031.npy,fake_label/1031.npy
fake_feature/1032.npy,fake_label/1032.npy
fake_feature/1033.npy,fake_label/1033.npy
fake_feature/1034.npy,fake_label/1034.npy
fake_feature/1035.npy,fake_label/1035.npy
fake_feature/1036.npy,fake_label/1036.npy
fake_feature/1037.npy,fake_label/1037.npy
fake_feature/1038.npy,fake_label/1038.npy
fake_feature/1039.npy,fake_label/1039.npy
fake_feature/1040.npy,fake_label/1040.npy
fake_feature/1041.npy,fake_label/1041.npy
fake_feature/1042.npy,fake_label/1042.npy
fake_feature/1043.npy,fake_label/1043.npy
fake_feature/1044.npy,fake_label/1044.npy
fake_feature/1045.npy,fake_label/1045.npy
fake_feature/1046.npy,fake_label/1046.npy
fake_feature/1047.npy,fake_label/1047.npy
fake_feature/1048.npy,fake_label/1048.npy
fake_feature/1049.npy,fake_label/1049.npy
fake_feature/1050.npy,fake_label/1050.npy
fake_feature/1051.npy,fake_label/1051.npy
fake_feature/1052.npy,fake_label/1052.npy
fake_feature/1053.npy,fake_label/1053.npy
fake_feature/1054.npy,fake_label/1054.npy
fake_feature/1055.npy,fake_label/1055.npy
fake_feature/1056.npy,fake_label/1056.npy
fake_feature/1057.npy,fake_label/1057.npy
fake_feature/1058.npy,fake_label/1058.npy
fake_feature/1059.npy,fake_label/1059.npy
fake_feature/1060.npy,fake_label/1060.npy
fake_feature/1061.npy,fake_label/1061.npy
fake_feature/1062.npy,fake_label/1062.npy
fake_feature/1063.npy,fake_label/1063.npy
fake_feature/1064.npy,fake_label/1064.npy
fake_feature/1065.npy,fake_label/1065.npy
fake_feature/1066.npy,fake_label/1066.npy
fake_feature/1067.npy,fake_label/1067.npy
fake_feature/1068.npy,fake_label/1068.npy
fake_feature/1069.npy,fake_label/1069.npy
fake_feature/1070.npy,fake_label/1070.npy
fake_feature/1071.npy,fake_label/1071.npy
fake_feature/1072.npy,fake_label/1072.npy
fake_feature/1073.npy,fake_label/1073.npy
fake_feature/1074.npy,fake_label/1074.npy
fake_feature/1075.npy,fake_label/1075.npy
fake_feature/1076.npy,fake_label/1076.npy
fake_feature/1077.npy,fake_label/1077.npy
fake_feature/1078.npy,fake_label/1078.npy
fake_feature/1079.npy,fake_label/1079.npy
fake_feature/1080.npy,fake_label/1080.npy
fake_feature/1081.npy,fake_label/1081.npy
fake_feature/1082.npy,fake_label/1082.npy
fake_feature/1083.npy,fake_label/1083.npy
fake_feature/1084.npy,fake_label/1084.npy
fake_feature/1085.npy,fake_label/1085.npy
fake_feature/1086.npy,fake_label/1086.npy
fake_feature/1087.npy,fake_label/1087.npy
fake_feature/1088.npy,fake_label/1088.npy
fake_feature/1089.npy,fake_label/1089.npy
fake_feature/1090.npy,fake_label/1090.npy
fake_feature/1091.npy,fake_label/1091.npy
fake_feature/1092.npy,fake_label/1092.npy
fake_feature/1093.npy,fake_label/1093.npy
fake_feature/1094.npy,fake_label/1094.npy
fake_feature/1095.npy,fake_label/1095.npy
fake_feature/1096.npy,fake_label/1096.npy
fake_feature/1097.npy,fake_label/1097.npy
fake_feature/1098.npy,fake_label/1098.npy
fake_feature/1099.npy,fake_label/1099.npy
fake_feature/1100.npy,fake_label/1100.npy
fake_feature/1101.npy,fake_label/1101.npy
fake_feature/1102.npy,fake_label/1102.npy
fake_feature/1103.npy,fake_label/1103.npy
fake_feature/1104.npy,fake_label/1104.npy
fake_feature/1105.npy,fake_label/1105.npy
fake_feature/1106.npy,fake_label/1106.npy
fake_feature/1107.npy,fake_label/1107.npy
fake_feature/1108.npy,fake_label/1108.npy
fake_feature/1109.npy,fake_label/1109.npy
fake_feature/1110.npy,fake_label/1110.npy
fake_feature/1111.npy,fake_label/1111.npy
fake_feature/1112.npy,fake_label/1112.npy
fake_feature/1113.npy,fake_label/1113.npy
fake_feature/1114.npy,fake_label/1114.npy
fake_feature/1115.npy,fake_label/1115.npy
fake_feature/1116.npy,fake_label/1116.npy
fake_feature/1117.npy,fake_label/1117.npy
fake_feature/1118.npy,fake_label/1118.npy
fake_feature/1119.npy,fake_label/1119.npy
fake_feature/1120.npy,fake_label/1120.npy
fake_feature/1121.npy,fake_label/1121.npy
fake_feature/1122.npy,fake_label/1122.npy
fake_feature/1123.npy,fake_label/1123.npy
fake_feature/1124.npy,fake_label/1124.npy
fake_feature/1125.npy,fake_label/1125.npy
fake_feature/1126.npy,fake_label/1126.npy
fake_feature/1127.npy,fake_label/1127.npy
fake_feature/1128.npy,fake_label/1128.npy
fake_feature/1129.npy,fake_label/1129.npy
fake_feature/1130.npy,fake_label/1130.npy
fake_feature/1131.npy,fake_label/1131.npy
fake_feature/1132.npy,fake_label/1132.npy
fake_feature/1133.npy,fake_label/1133.npy
fake_feature/1134.npy,fake_label/1134.npy
fake_feature/1135.npy,fake_label/1135.npy
fake_feature/1136.npy,fake_label/1136.npy
fake_feature/1137.npy,fake_label/1137.npy
fake_feature/1138.npy,fake_label/1138.npy
fake_feature/1139.npy,fake_label/1139.npy
fake_feature/1140.npy,fake_label/1140.npy
fake_feature/1141.npy,fake_label/1141.npy
fake_feature/1142.npy,fake_label/1142.npy
fake_feature/1143.npy,fake_label/1143.npy
fake_feature/1144.npy,fake_label/1144.npy
fake_feature/1145.npy,fake_label/1145.npy
fake_feature/1146.npy,fake_label/1146.npy
fake_feature/1147.npy,fake_label/1147.npy
fake_feature/1148.npy,fake_label/1148.npy
fake_feature/1149.npy,fake_label/1149.npy
fake_feature/1150.npy,fake_label/1150.npy
fake_feature/1151.npy,fake_label/1151.npy
fake_feature/1152.npy,fake_label/1152.npy
fake_feature/1153.npy,fake_label/1153.npy
fake_feature/1154.npy,fake_label/1154.npy
fake_feature/1155.npy,fake_label/1155.npy
fake_feature/1156.npy,fake_label/1156.npy
fake_feature/1157.npy,fake_label/1157.npy
fake_feature/1158.npy,fake_label/1158.npy
fake_feature/1159.npy,fake_label/1159.npy
fake_feature/1160.npy,fake_label/1160.npy
fake_feature/1161.npy,fake_label/1161.npy
fake_feature/1162.npy,fake_label/1162.npy
fake_feature/1163.npy,fake_label/1163.npy
fake_feature/1164.npy,fake_label/1164.npy
fake_feature/1165.npy,fake_label/1165.npy
fake_feature/1166.npy,fake_label/1166.npy
fake_feature/1167.npy,fake_label/1167.npy
fake_feature/1168.npy,fake_label/1168.npy
fake_feature/1169.npy,fake_label/1169.npy
fake_feature/1170.npy,fake_label/1170.npy
fake_feature/1171.npy,fake_label/1171.npy
fake_feature/1172.npy,fake_label/1172.npy
fake_feature/1173.npy,fake_label/1173.npy
fake_feature/1174.npy,fake_label/1174.npy
fake_feature/1175.npy,fake_label/1175.npy
fake_feature/1176.npy,fake_label/1176.npy
fake_feature/1177.npy,fake_label/1177.npy
fake_feature/1178.npy,fake_label/1178.npy
fake_feature/1179.npy,fake_label/1179.npy
fake_feature/1180.npy,fake_label/1180.npy
fake_feature/1181.npy,fake_label/1181.npy
fake_feature/1182.npy,fake_label/1182.npy
fake_feature/1183.npy,fake_label/1183.npy
fake_feature/1184.npy,fake_label/1184.npy
fake_feature/1185.npy,fake_label/1185.npy
fake_feature/1186.npy,fake_label/1186.npy
fake_feature/1187.npy,fake_label/1187.npy
fake_feature/1188.npy,fake_label/1188.npy
fake_feature/1189.npy,fake_label/1189.npy
fake_feature/1190.npy,fake_label/1190.npy
fake_feature/1191.npy,fake_label/1191.npy
fake_feature/1192.npy,fake_label/1192.npy
fake_feature/1193.npy,fake_label/1193.npy
fake_feature/1194.npy,fake_label/1194.npy
fake_feature/1195.npy,fake_label/1195.npy
fake_feature/1196.npy,fake_label/1196.npy
fake_feature/1197.npy,fake_label/1197.npy
fake_feature/1198.npy,fake_label/1198.npy
fake_feature/1199.npy,fake_label/1199.npy
fake_feature/1200.npy,fake_label/1200.npy
fake_feature/1201.npy,fake_label/1201.npy
fake_feature/1202.npy,fake_label/1202.npy
fake_feature/1203.npy,fake_label/1203.npy
fake_feature/1204.npy,fake_label/1204.npy
fake_feature/1205.npy,fake_label/1205.npy
fake_feature/1206.npy,fake_label/1206.npy
fake_feature/1207.npy,fake_label/1207.npy
fake_feature/1208.npy,fake_label/1208.npy
fake_feature/1209.npy,fake_label/1209.npy
fake_feature/1210.npy,fake_label/1210.npy
fake_feature/1211.npy,fake_label/1211.npy
fake_feature/1212.npy,fake_label/1212.npy
fake_feature/1213.npy,fake_label/1213.npy
fake_feature/1214.npy,fake_label/1214.npy
fake_feature/1215.npy,fake_label/1215.npy
fake_feature/1216.npy,fake_label/1216.npy
fake_feature/1217.npy,fake_label/1217.npy
fake_feature/1218.npy,fake_label/1218.npy
fake_feature/1219.npy,fake_label/1219.npy
fake_feature/1220.npy,fake_label/1220.npy
fake_feature/1221.npy,fake_label/1221.npy
fake_feature/1222.npy,fake_label/1222.npy
fake_feature/1223.npy,fake_label/1223.npy
fake_feature/1224.npy,fake_label/1224.npy
fake_feature/1225.npy,fake_label/1225.npy
fake_feature/1226.npy,fake_label/1226.npy
fake_feature/1227.npy,fake_label/1227.npy
fake_feature/1228.npy,fake_label/1228.npy
fake_feature/1229.npy,fake_label/1229.npy
fake_feature/1230.npy,fake_label/1230.npy
fake_feature/1231.npy,fake_label/1231.npy
fake_feature/1232.npy,fake_label/1232.npy
fake_feature/1233.npy,fake_label/1233.npy
fake_feature/1234.npy,fake_label/1234.npy
fake_feature/1235.npy,fake_label/1235.npy
fake_feature/1236.npy,fake_label/1236.npy
fake_feature/1237.npy,fake_label/1237.npy
fake_feature/1238.npy,fake_label/1238.npy
fake_feature/1239.npy,fake_label/1239.npy
fake_feature/1240.npy,fake_label/1240.npy
fake_feature/1241.npy,fake_label/1241.npy
fake_feature/1242.npy,fake_label/1242.npy
fake_feature/1243.npy,fake_label/1243.npy
fake_feature/1244.npy,fake_label/1244.npy
fake_feature/1245.npy,fake_label/1245.npy
fake_feature/1246.npy,fake_label/1246.npy
fake_feature/1247.npy,fake_label/1247.npy
fake_feature/1248.npy,fake_label/1248.npy
fake_feature/1249.npy,fake_label/1249.npy
fake_feature/1250.npy,fake_label/1250.npy
fake_feature/1251.npy,fake_label/1251.npy
fake_feature/1252.npy,fake_label/1252.npy
fake_feature/1253.npy,fake_label/1253.npy
fake_feature/1254.npy,fake_label/1254.npy
fake_feature/1255.npy,fake_label/1255.npy
fake_feature/1256.npy,fake_label/1256.npy
fake_feature/1257.npy,fake_label/1257.npy
fake_feature/1258.npy,fake_label/1258.npy
fake_feature/1259.npy,fake_label/1259.npy
fake_feature/1260.npy,fake_label/1260.npy
fake_feature/1261.npy,fake_label/1261.npy
fake_feature/1262.npy,fake_label/1262.npy
fake_feature/1263.npy,fake_label/1263.npy
fake_feature/1264.npy,fake_label/1264.npy
fake_feature/1265.npy,fake_label/1265.npy
fake_feature/1266.npy,fake_label/1266.npy
fake_feature/1267.npy,fake_label/1267.npy
fake_feature/1268.npy,fake_label/1268.npy
fake_feature/1269.npy,fake_label/1269.npy
fake_feature/1270.npy,fake_label/1270.npy
fake_feature/1271.npy,fake_label/1271.npy
fake_feature/1272.npy,fake_label/1272.npy
fake_feature/1273.npy,fake_label/1273.npy
fake_feature/1274.npy,fake_label/1274.npy
fake_feature/1275.npy,fake_label/1275.npy
fake_feature/1276.npy,fake_label/1276.npy
fake_feature/1277.npy,fake_label/1277.npy
fake_feature/1278.npy,fake_label/1278.npy
fake_feature/1279.npy,fake_label/1279.npy
fake_feature/1280.npy,fake_label/1280.npy
fake_feature/1281.npy,fake_label/1281.npy
fake_feature/1282.npy,fake_label/1282.npy
fake_feature/1283.npy,fake_label/1283.npy
fake_feature/1284.npy,fake_label/1284.npy
fake_feature/1285.npy,fake_label/1285.npy
fake_feature/1286.npy,fake_label/1286.npy
fake_feature/1287.npy,fake_label/1287.npy
fake_feature/1288.npy,fake_label/1288.npy
fake_feature/1289.npy,fake_label/1289.npy
fake_feature/1290.npy,fake_label/1290.npy
fake_feature/1291.npy,fake_label/1291.npy
fake_feature/1292.npy,fake_label/1292.npy
fake_feature/1293.npy,fake_label/1293.npy
fake_feature/1294.npy,fake_label/1294.npy
fake_feature/1295.npy,fake_label/1295.npy
fake_feature/1296.npy,fake_label/1296.npy
fake_feature/1297.npy,fake_label/1297.npy
fake_feature/1298.npy,fake_label/1298.npy
fake_feature/1299.npy,fake_label/1299.npy
fake_feature/1300.npy,fake_label/1300.npy
fake_feature/1301.npy,fake_label/1301.npy
fake_feature/1302.npy,fake_label/1302.npy
fake_feature/1303.npy,fake_label/1303.npy
fake_feature/1304.npy,fake_label/1304.npy
fake_feature/1305.npy,fake_label/1305.npy
fake_feature/1306.npy,fake_label/1306.npy
fake_feature/1307.npy,fake_label/1307.npy
fake_feature/1308.npy,fake_label/1308.npy
fake_feature/1309.npy,fake_label/1309.npy
fake_feature/1310.npy,fake_label/1310.npy
fake_feature/1311.npy,fake_label/1311.npy
fake_feature/1312.npy,fake_label/1312.npy
fake_feature/1313.npy,fake_label/1313.npy
fake_feature/1314.npy,fake_label/1314.npy
fake_feature/1315.npy,fake_label/1315.npy
fake_feature/1316.npy,fake_label/1316.npy
fake_feature/1317.npy,fake_label/1317.npy
fake_feature/1318.npy,fake_label/1318.npy
fake_feature/1319.npy,fake_label/1319.npy
fake_feature/1320.npy,fake_label/1320.npy
fake_feature/1321.npy,fake_label/1321.npy
fake_feature/1322.npy,fake_label/1322.npy
fake_feature/1323.npy,fake_label/1323.npy
fake_feature/1324.npy,fake_label/1324.npy
fake_feature/1325.npy,fake_label/1325.npy
fake_feature/1326.npy,fake_label/1326.npy
fake_feature/1327.npy,fake_label/1327.npy
fake_feature/1328.npy,fake_label/1328.npy
fake_feature/1329.npy,fake_label/1329.npy
fake_feature/1330.npy,fake_label/1330.npy
fake_feature/1331.npy,fake_label/1331.npy
fake_feature/1332.npy,fake_label/1332.npy
fake_feature/1333.npy,fake_label/1333.npy
fake_feature/1334.npy,fake_label/1334.npy
fake_feature/1335.npy,fake_label/1335.npy
fake_feature/1336.npy,fake_label/1336.npy
fake_feature/1337.npy,fake_label/1337.npy
fake_feature/1338.npy,fake_label/1338.npy
fake_feature/1339.npy,fake_label/1339.npy
fake_feature/1340.npy,fake_label/1340.npy
fake_feature/1341.npy,fake_label/1341.npy
fake_feature/1342.npy,fake_label/1342.npy
fake_feature/1343.npy,fake_label/1343.npy
fake_feature/1344.npy,fake_label/1344.npy
fake_feature/1345.npy,fake_label/1345.npy
fake_feature/1346.npy,fake_label/1346.npy
fake_feature/1347.npy,fake_label/1347.npy
fake_feature/1348.npy,fake_label/1348.npy
fake_feature/1349.npy,fake_label/1349.npy
fake_feature/1350.npy,fake_label/1350.npy
fake_feature/1351.npy,fake_label/1351.npy
fake_feature/1352.npy,fake_label/1352.npy
fake_feature/1353.npy,fake_label/1353.npy
fake_feature/1354.npy,fake_label/1354.npy
fake_feature/1355.npy,fake_label/1355.npy
fake_feature/1356.npy,fake_label/1356.npy
fake_feature/1357.npy,fake_label/1357.npy
fake_feature/1358.npy,fake_label/1358.npy
fake_feature/1359.npy,fake_label/1359.npy
fake_feature/1360.npy,fake_label/1360.npy
fake_feature/1361.npy,fake_label/1361.npy
fake_feature/1362.npy,fake_label/1362.npy
fake_feature/1363.npy,fake_label/1363.npy
fake_feature/1364.npy,fake_label/1364.npy
fake_feature/1365.npy,fake_label/1365.npy
fake_feature/1366.npy,fake_label/1366.npy
fake_feature/1367.npy,fake_label/1367.npy
fake_feature/1368.npy,fake_label/1368.npy
fake_feature/1369.npy,fake_label/1369.npy
fake_feature/1370.npy,fake_label/1370.npy
fake_feature/1371.npy,fake_label/1371.npy
fake_feature/1372.npy,fake_label/1372.npy
fake_feature/1373.npy,fake_label/1373.npy
fake_feature/1374.npy,fake_label/1374.npy
fake_feature/1375.npy,fake_label/1375.npy
fake_feature/1376.npy,fake_label/1376.npy
fake_feature/1377.npy,fake_label/1377.npy
fake_feature/1378.npy,fake_label/1378.npy
fake_feature/1379.npy,fake_label/1379.npy
fake_feature/1380.npy,fake_label/1380.npy
fake_feature/1381.npy,fake_label/1381.npy
fake_feature/1382.npy,fake_label/1382.npy
fake_feature/1383.npy,fake_label/1383.npy
fake_feature/1384.npy,fake_label/1384.npy
fake_feature/1385.npy,fake_label/1385.npy
fake_feature/1386.npy,fake_label/1386.npy
fake_feature/1387.npy,fake_label/1387.npy
fake_feature/1388.npy,fake_label/1388.npy
fake_feature/1389.npy,fake_label/1389.npy
fake_feature/1390.npy,fake_label/1390.npy
fake_feature/1391.npy,fake_label/1391.npy
fake_feature/1392.npy,fake_label/1392.npy
fake_feature/1393.npy,fake_label/1393.npy
fake_feature/1394.npy,fake_label/1394.npy
fake_feature/1395.npy,fake_label/1395.npy
fake_feature/1396.npy,fake_label/1396.npy
fake_feature/1397.npy,fake_label/1397.npy
fake_feature/1398.npy,fake_label/1398.npy
fake_feature/1399.npy,fake_label/1399.npy
fake_feature/1400.npy,fake_label/1400.npy
fake_feature/1401.npy,fake_label/1401.npy
fake_feature/1402.npy,fake_label/1402.npy
fake_feature/1403.npy,fake_label/1403.npy
fake_feature/1404.npy,fake_label/1404.npy
fake_feature/1405.npy,fake_label/1405.npy
fake_feature/1406.npy,fake_label/1406.npy
fake_feature/1407.npy,fake_label/1407.npy
fake_feature/1408.npy,fake_label/1408.npy
fake_feature/1409.npy,fake_label/1409.npy
fake_feature/1410.npy,fake_label/1410.npy
fake_feature/1411.npy,fake_label/1411.npy
fake_feature/1412.npy,fake_label/1412.npy
fake_feature/1413.npy,fake_label/1413.npy
fake_feature/1414.npy,fake_label/1414.npy
fake_feature/1415.npy,fake_label/1415.npy
fake_feature/1416.npy,fake_label/1416.npy
fake_feature/1417.npy,fake_label/1417.npy
fake_feature/1418.npy,fake_label/1418.npy
fake_feature/1419.npy,fake_label/1419.npy
fake_feature/1420.npy,fake_label/1420.npy
fake_feature/1421.npy,fake_label/1421.npy
fake_feature/1422.npy,fake_label/1422.npy
fake_feature/1423.npy,fake_label/1423.npy
fake_feature/1424.npy,fake_label/1424.npy
fake_feature/1425.npy,fake_label/1425.npy
fake_feature/1426.npy,fake_label/1426.npy
fake_feature/1427.npy,fake_label/1427.npy
fake_feature/1428.npy,fake_label/1428.npy
fake_feature/1429.npy,fake_label/1429.npy
fake_feature/1430.npy,fake_label/1430.npy
fake_feature/1431.npy,fake_label/1431.npy
fake_feature/1432.npy,fake_label/1432.npy
fake_feature/1433.npy,fake_label/1433.npy
fake_feature/1434.npy,fake_label/1434.npy
fake_feature/1435.npy,fake_label/1435.npy
fake_feature/1436.npy,fake_label/1436.npy
fake_feature/1437.npy,fake_label/1437.npy
fake_feature/1438.npy,fake_label/1438.npy
fake_feature/1439.npy,fake_label/1439.npy
fake_feature/1440.npy,fake_label/1440.npy
fake_feature/1441.npy,fake_label/1441.npy
fake_feature/1442.npy,fake_label/1442.npy
fake_feature/1443.npy,fake_label/1443.npy
fake_feature/1444.npy,fake_label/1444.npy
fake_feature/1445.npy,fake_label/1445.npy
fake_feature/1446.npy,fake_label/1446.npy
fake_feature/1447.npy,fake_label/1447.npy
fake_feature/1448.npy,fake_label/1448.npy
fake_feature/1449.npy,fake_label/1449.npy
fake_feature/1450.npy,fake_label/1450.npy
fake_feature/1451.npy,fake_label/1451.npy
fake_feature/1452.npy,fake_label/1452.npy
fake_feature/1453.npy,fake_label/1453.npy
fake_feature/1454.npy,fake_label/1454.npy
fake_feature/1455.npy,fake_label/1455.npy
fake_feature/1456.npy,fake_label/1456.npy
fake_feature/1457.npy,fake_label/1457.npy
fake_feature/1458.npy,fake_label/1458.npy
fake_feature/1459.npy,fake_label/1459.npy
fake_feature/1460.npy,fake_label/1460.npy
fake_feature/1461.npy,fake_label/1461.npy
fake_feature/1462.npy,fake_label/1462.npy
fake_feature/1463.npy,fake_label/1463.npy
fake_feature/1464.npy,fake_label/1464.npy
fake_feature/1465.npy,fake_label/1465.npy
fake_feature/1466.npy,fake_label/1466.npy
fake_feature/1467.npy,fake_label/1467.npy
fake_feature/1468.npy,fake_label/1468.npy
fake_feature/1469.npy,fake_label/1469.npy
fake_feature/1470.npy,fake_label/1470.npy
fake_feature/1471.npy,fake_label/1471.npy
fake_feature/1472.npy,fake_label/1472.npy
fake_feature/1473.npy,fake_label/1473.npy
fake_feature/1474.npy,fake_label/1474.npy
fake_feature/1475.npy,fake_label/1475.npy
fake_feature/1476.npy,fake_label/1476.npy
fake_feature/1477.npy,fake_label/1477.npy
fake_feature/1478.npy,fake_label/1478.npy
fake_feature/1479.npy,fake_label/1479.npy
fake_feature/1480.npy,fake_label/1480.npy
fake_feature/1481.npy,fake_label/1481.npy
fake_feature/1482.npy,fake_label/1482.npy
fake_feature/1483.npy,fake_label/1483.npy
fake_feature/1484.npy,fake_label/1484.npy
fake_feature/1485.npy,fake_label/1485.npy
fake_feature/1486.npy,fake_label/1486.npy
fake_feature/1487.npy,fake_label/1487.npy
fake_feature/1488.npy,fake_label/1488.npy
fake_feature/1489.npy,fake_label/1489.npy
fake_feature/1490.npy,fake_label/1490.npy
fake_feature/1491.npy,fake_label/1491.npy
fake_feature/1492.npy,fake_label/1492.npy
fake_feature/1493.npy,fake_label/1493.npy
fake_feature/1494.npy,fake_label/1494.npy
fake_feature/1495.npy,fake_label/1495.npy
fake_feature/1496.npy,fake_label/1496.npy
fake_feature/1497.npy,fake_label/1497.npy
fake_feature/1498.npy,fake_label/1498.npy
fake_feature/1499.npy,fake_label/1499.npy
fake_feature/1500.npy,fake_label/1500.npy
fake_feature/1501.npy,fake_label/1501.npy
fake_feature/1502.npy,fake_label/1502.npy
fake_feature/1503.npy,fake_label/1503.npy
fake_feature/1504.npy,fake_label/1504.npy
fake_feature/1505.npy,fake_label/1505.npy
fake_feature/1506.npy,fake_label/1506.npy
fake_feature/1507.npy,fake_label/1507.npy
fake_feature/1508.npy,fake_label/1508.npy
fake_feature/1509.npy,fake_label/1509.npy
fake_feature/1510.npy,fake_label/1510.npy
fake_feature/1511.npy,fake_label/1511.npy
fake_feature/1512.npy,fake_label/1512.npy
fake_feature/1513.npy,fake_label/1513.npy
fake_feature/1514.npy,fake_label/1514.npy
fake_feature/1515.npy,fake_label/1515.npy
fake_feature/1516.npy,fake_label/1516.npy
fake_feature/1517.npy,fake_label/1517.npy
fake_feature/1518.npy,fake_label/1518.npy
fake_feature/1519.npy,fake_label/1519.npy
fake_feature/1520.npy,fake_label/1520.npy
fake_feature/1521.npy,fake_label/1521.npy
fake_feature/1522.npy,fake_label/1522.npy
fake_feature/1523.npy,fake_label/1523.npy
fake_feature/1524.npy,fake_label/1524.npy
fake_feature/1525.npy,fake_label/1525.npy
fake_feature/1526.npy,fake_label/1526.npy
fake_feature/1527.npy,fake_label/1527.npy
fake_feature/1528.npy,fake_label/1528.npy
fake_feature/1529.npy,fake_label/1529.npy
fake_feature/1530.npy,fake_label/1530.npy
fake_feature/1531.npy,fake_label/1531.npy
fake_feature/1532.npy,fake_label/1532.npy
fake_feature/1533.npy,fake_label/1533.npy
fake_feature/1534.npy,fake_label/1534.npy
fake_feature/1535.npy,fake_label/1535.npy
fake_feature/1536.npy,fake_label/1536.npy
fake_feature/1537.npy,fake_label/1537.npy
fake_feature/1538.npy,fake_label/1538.npy
fake_feature/1539.npy,fake_label/1539.npy
fake_feature/1540.npy,fake_label/1540.npy
fake_feature/1541.npy,fake_label/1541.npy
fake_feature/1542.npy,fake_label/1542.npy
fake_feature/1543.npy,fake_label/1543.npy
fake_feature/1544.npy,fake_label/1544.npy
fake_feature/1545.npy,fake_label/1545.npy
fake_feature/1546.npy,fake_label/1546.npy
fake_feature/1547.npy,fake_label/1547.npy
fake_feature/1548.npy,fake_label/1548.npy
fake_feature/1549.npy,fake_label/1549.npy
fake_feature/1550.npy,fake_label/1550.npy
fake_feature/1551.npy,fake_label/1551.npy
fake_feature/1552.npy,fake_label/1552.npy
fake_feature/1553.npy,fake_label/1553.npy
fake_feature/1554.npy,fake_label/1554.npy
fake_feature/1555.npy,fake_label/1555.npy
fake_feature/1556.npy,fake_label/1556.npy
fake_feature/1557.npy,fake_label/1557.npy
fake_feature/1558.npy,fake_label/1558.npy
fake_feature/1559.npy,fake_label/1559.npy
fake_feature/1560.npy,fake_label/1560.npy
fake_feature/1561.npy,fake_label/1561.npy
fake_feature/1562.npy,fake_label/1562.npy
fake_feature/1563.npy,fake_label/1563.npy
fake_feature/1564.npy,fake_label/1564.npy
fake_feature/1565.npy,fake_label/1565.npy
fake_feature/1566.npy,fake_label/1566.npy
fake_feature/1567.npy,fake_label/1567.npy
fake_feature/1568.npy,fake_label/1568.npy
fake_feature/1569.npy,fake_label/1569.npy
fake_feature/1570.npy,fake_label/1570.npy
fake_feature/1571.npy,fake_label/1571.npy
fake_feature/1572.npy,fake_label/1572.npy
fake_feature/1573.npy,fake_label/1573.npy
fake_feature/1574.npy,fake_label/1574.npy
fake_feature/1575.npy,fake_label/1575.npy
fake_feature/1576.npy,fake_label/1576.npy
fake_feature/1577.npy,fake_label/1577.npy
fake_feature/1578.npy,fake_label/1578.npy
fake_feature/1579.npy,fake_label/1579.npy
fake_feature/1580.npy,fake_label/1580.npy
fake_feature/1581.npy,fake_label/1581.npy
fake_feature/1582.npy,fake_label/1582.npy
fake_feature/1583.npy,fake_label/1583.npy
fake_feature/1584.npy,fake_label/1584.npy
fake_feature/1585.npy,fake_label/1585.npy
fake_feature/1586.npy,fake_label/1586.npy
fake_feature/1587.npy,fake_label/1587.npy
fake_feature/1588.npy,fake_label/1588.npy
fake_feature/1589.npy,fake_label/1589.npy
fake_feature/1590.npy,fake_label/1590.npy
fake_feature/1591.npy,fake_label/1591.npy
fake_feature/1592.npy,fake_label/1592.npy
fake_feature/1593.npy,fake_label/1593.npy
fake_feature/1594.npy,fake_label/1594.npy
fake_feature/1595.npy,fake_label/1595.npy
fake_feature/1596.npy,fake_label/1596.npy
fake_feature/1597.npy,fake_label/1597.npy
fake_feature/1598.npy,fake_label/1598.npy
fake_feature/1599.npy,fake_label/1599.npy
fake_feature/1600.npy,fake_label/1600.npy
fake_feature/1601.npy,fake_label/1601.npy
fake_feature/1602.npy,fake_label/1602.npy
fake_feature/1603.npy,fake_label/1603.npy
fake_feature/1604.npy,fake_label/1604.npy
fake_feature/1605.npy,fake_label/1605.npy
fake_feature/1606.npy,fake_label/1606.npy
fake_feature/1607.npy,fake_label/1607.npy
fake_feature/1608.npy,fake_label/1608.npy
fake_feature/1609.npy,fake_label/1609.npy
fake_feature/1610.npy,fake_label/1610.npy
fake_feature/1611.npy,fake_label/1611.npy
fake_feature/1612.npy,fake_label/1612.npy
fake_feature/1613.npy,fake_label/1613.npy
fake_feature/1614.npy,fake_label/1614.npy
fake_feature/1615.npy,fake_label/1615.npy
fake_feature/1616.npy,fake_label/1616.npy
fake_feature/1617.npy,fake_label/1617.npy
fake_feature/1618.npy,fake_label/1618.npy
fake_feature/1619.npy,fake_label/1619.npy
fake_feature/1620.npy,fake_label/1620.npy
fake_feature/1621.npy,fake_label/1621.npy
fake_feature/1622.npy,fake_label/1622.npy
fake_feature/1623.npy,fake_label/1623.npy
fake_feature/1624.npy,fake_label/1624.npy
fake_feature/1625.npy,fake_label/1625.npy
fake_feature/1626.npy,fake_label/1626.npy
fake_feature/1627.npy,fake_label/1627.npy
fake_feature/1628.npy,fake_label/1628.npy
fake_feature/1629.npy,fake_label/1629.npy
fake_feature/1630.npy,fake_label/1630.npy
fake_feature/1631.npy,fake_label/1631.npy
fake_feature/1632.npy,fake_label/1632.npy
fake_feature/1633.npy,fake_label/1633.npy
fake_feature/1634.npy,fake_label/1634.npy
fake_feature/1635.npy,fake_label/1635.npy
fake_feature/1636.npy,fake_label/1636.npy
fake_feature/1637.npy,fake_label/1637.npy
fake_feature/1638.npy,fake_label/1638.npy
fake_feature/1639.npy,fake_label/1639.npy
fake_feature/1640.npy,fake_label/1640.npy
fake_feature/1641.npy,fake_label/1641.npy
fake_feature/1642.npy,fake_label/1642.npy
fake_feature/1643.npy,fake_label/1643.npy
fake_feature/1644.npy,fake_label/1644.npy
fake_feature/1645.npy,fake_label/1645.npy
fake_feature/1646.npy,fake_label/1646.npy
fake_feature/1647.npy,fake_label/1647.npy
fake_feature/1648.npy,fake_label/1648.npy
fake_feature/1649.npy,fake_label/1649.npy
fake_feature/1650.npy,fake_label/1650.npy
fake_feature/1651.npy,fake_label/1651.npy
fake_feature/1652.npy,fake_label/1652.npy
fake_feature/1653.npy,fake_label/1653.npy
fake_feature/1654.npy,fake_label/1654.npy
fake_feature/1655.npy,fake_label/1655.npy
fake_feature/1656.npy,fake_label/1656.npy
fake_feature/1657.npy,fake_label/1657.npy
fake_feature/1658.npy,fake_label/1658.npy
fake_feature/1659.npy,fake_label/1659.npy
fake_feature/1660.npy,fake_label/1660.npy
fake_feature/1661.npy,fake_label/1661.npy
fake_feature/1662.npy,fake_label/1662.npy
fake_feature/1663.npy,fake_label/1663.npy
fake_feature/1664.npy,fake_label/1664.npy
fake_feature/1665.npy,fake_label/1665.npy
fake_feature/1666.npy,fake_label/1666.npy
fake_feature/1667.npy,fake_label/1667.npy
fake_feature/1668.npy,fake_label/1668.npy
fake_feature/1669.npy,fake_label/1669.npy
fake_feature/1670.npy,fake_label/1670.npy
fake_feature/1671.npy,fake_label/1671.npy
fake_feature/1672.npy,fake_label/1672.npy
fake_feature/1673.npy,fake_label/1673.npy
fake_feature/1674.npy,fake_label/1674.npy
fake_feature/1675.npy,fake_label/1675.npy
fake_feature/1676.npy,fake_label/1676.npy
fake_feature/1677.npy,fake_label/1677.npy
fake_feature/1678.npy,fake_label/1678.npy
fake_feature/1679.npy,fake_label/1679.npy
fake_feature/1680.npy,fake_label/1680.npy
fake_feature/1681.npy,fake_label/1681.npy
fake_feature/1682.npy,fake_label/1682.npy
fake_feature/1683.npy,fake_label/1683.npy
fake_feature/1684.npy,fake_label/1684.npy
fake_feature/1685.npy,fake_label/1685.npy
fake_feature/1686.npy,fake_label/1686.npy
fake_feature/1687.npy,fake_label/1687.npy
fake_feature/1688.npy,fake_label/1688.npy
fake_feature/1689.npy,fake_label/1689.npy
fake_feature/1690.npy,fake_label/1690.npy
fake_feature/1691.npy,fake_label/1691.npy
fake_feature/1692.npy,fake_label/1692.npy
fake_feature/1693.npy,fake_label/1693.npy
fake_feature/1694.npy,fake_label/1694.npy
fake_feature/1695.npy,fake_label/1695.npy
fake_feature/1696.npy,fake_label/1696.npy
fake_feature/1697.npy,fake_label/1697.npy
fake_feature/1698.npy,fake_label/1698.npy
fake_feature/1699.npy,fake_label/1699.npy
fake_feature/1700.npy,fake_label/1700.npy
fake_feature/1701.npy,fake_label/1701.npy
fake_feature/1702.npy,fake_label/1702.npy
fake_feature/1703.npy,fake_label/1703.npy
fake_feature/1704.npy,fake_label/1704.npy
fake_feature/1705.npy,fake_label/1705.npy
fake_feature/1706.npy,fake_label/1706.npy
fake_feature/1707.npy,fake_label/1707.npy
fake_feature/1708.npy,fake_label/1708.npy
fake_feature/1709.npy,fake_label/1709.npy
fake_feature/1710.npy,fake_label/1710.npy
fake_feature/1711.npy,fake_label/1711.npy
fake_feature/1712.npy,fake_label/1712.npy
fake_feature/1713.npy,fake_label/1713.npy
fake_feature/1714.npy,fake_label/1714.npy
fake_feature/1715.npy,fake_label/1715.npy
fake_feature/1716.npy,fake_label/1716.npy
fake_feature/1717.npy,fake_label/1717.npy
fake_feature/1718.npy,fake_label/1718.npy
fake_feature/1719.npy,fake_label/1719.npy
fake_feature/1720.npy,fake_label/1720.npy
fake_feature/1721.npy,fake_label/1721.npy
fake_feature/1722.npy,fake_label/1722.npy
fake_feature/1723.npy,fake_label/1723.npy
fake_feature/1724.npy,fake_label/1724.npy
fake_feature/1725.npy,fake_label/1725.npy
fake_feature/1726.npy,fake_label/1726.npy
fake_feature/1727.npy,fake_label/1727.npy
fake_feature/1728.npy,fake_label/1728.npy
fake_feature/1729.npy,fake_label/1729.npy
fake_feature/1730.npy,fake_label/1730.npy
fake_feature/1731.npy,fake_label/1731.npy
fake_feature/1732.npy,fake_label/1732.npy
fake_feature/1733.npy,fake_label/1733.npy
fake_feature/1734.npy,fake_label/1734.npy
fake_feature/1735.npy,fake_label/1735.npy
fake_feature/1736.npy,fake_label/1736.npy
fake_feature/1737.npy,fake_label/1737.npy
fake_feature/1738.npy,fake_label/1738.npy
fake_feature/1739.npy,fake_label/1739.npy
fake_feature/1740.npy,fake_label/1740.npy
fake_feature/1741.npy,fake_label/1741.npy
fake_feature/1742.npy,fake_label/1742.npy
fake_feature/1743.npy,fake_label/1743.npy
fake_feature/1744.npy,fake_label/1744.npy
fake_feature/1745.npy,fake_label/1745.npy
fake_feature/1746.npy,fake_label/1746.npy
fake_feature/1747.npy,fake_label/1747.npy
fake_feature/1748.npy,fake_label/1748.npy
fake_feature/1749.npy,fake_label/1749.npy
fake_feature/1750.npy,fake_label/1750.npy
fake_feature/1751.npy,fake_label/1751.npy
fake_feature/1752.npy,fake_label/1752.npy
fake_feature/1753.npy,fake_label/1753.npy
fake_feature/1754.npy,fake_label/1754.npy
fake_feature/1755.npy,fake_label/1755.npy
fake_feature/1756.npy,fake_label/1756.npy
fake_feature/1757.npy,fake_label/1757.npy
fake_feature/1758.npy,fake_label/1758.npy
fake_feature/1759.npy,fake_label/1759.npy
fake_feature/1760.npy,fake_label/1760.npy
fake_feature/1761.npy,fake_label/1761.npy
fake_feature/1762.npy,fake_label/1762.npy
fake_feature/1763.npy,fake_label/1763.npy
fake_feature/1764.npy,fake_label/1764.npy
fake_feature/1765.npy,fake_label/1765.npy
fake_feature/1766.npy,fake_label/1766.npy
fake_feature/1767.npy,fake_label/1767.npy
fake_feature/1768.npy,fake_label/1768.npy
fake_feature/1769.npy,fake_label/1769.npy
fake_feature/1770.npy,fake_label/1770.npy
fake_feature/1771.npy,fake_label/1771.npy
fake_feature/1772.npy,fake_label/1772.npy
fake_feature/1773.npy,fake_label/1773.npy
fake_feature/1774.npy,fake_label/1774.npy
fake_feature/1775.npy,fake_label/1775.npy
fake_feature/1776.npy,fake_label/1776.npy
fake_feature/1777.npy,fake_label/1777.npy
fake_feature/1778.npy,fake_label/1778.npy
fake_feature/1779.npy,fake_label/1779.npy
fake_feature/1780.npy,fake_label/1780.npy
fake_feature/1781.npy,fake_label/1781.npy
fake_feature/1782.npy,fake_label/1782.npy
fake_feature/1783.npy,fake_label/1783.npy
fake_feature/1784.npy,fake_label/1784.npy
fake_feature/1785.npy,fake_label/1785.npy
fake_feature/1786.npy,fake_label/1786.npy
fake_feature/1787.npy,fake_label/1787.npy
fake_feature/1788.npy,fake_label/1788.npy
fake_feature/1789.npy,fake_label/1789.npy
fake_feature/1790.npy,fake_label/1790.npy
fake_feature/1791.npy,fake_label/1791.npy
fake_feature/1792.npy,fake_label/1792.npy
fake_feature/1793.npy,fake_label/1793.npy
fake_feature/1794.npy,fake_label/1794.npy
fake_feature/1795.npy,fake_label/1795.npy
fake_feature/1796.npy,fake_label/1796.npy
fake_feature/1797.npy,fake_label/1797.npy
fake_feature/1798.npy,fake_label/1798.npy
fake_feature/1799.npy,fake_label/1799.npy
fake_feature/1800.npy,fake_label/1800.npy
fake_feature/1801.npy,fake_label/1801.npy
fake_feature/1802.npy,fake_label/1802.npy
fake_feature/1803.npy,fake_label/1803.npy
fake_feature/1804.npy,fake_label/1804.npy
fake_feature/1805.npy,fake_label/1805.npy
fake_feature/1806.npy,fake_label/1806.npy
fake_feature/1807.npy,fake_label/1807.npy
fake_feature/1808.npy,fake_label/1808.npy
fake_feature/1809.npy,fake_label/1809.npy
fake_feature/1810.npy,fake_label/1810.npy
fake_feature/1811.npy,fake_label/1811.npy
fake_feature/1812.npy,fake_label/1812.npy
fake_feature/1813.npy,fake_label/1813.npy
fake_feature/1814.npy,fake_label/1814.npy
fake_feature/1815.npy,fake_label/1815.npy
fake_feature/1816.npy,fake_label/1816.npy
fake_feature/1817.npy,fake_label/1817.npy
fake_feature/1818.npy,fake_label/1818.npy
fake_feature/1819.npy,fake_label/1819.npy
fake_feature/1820.npy,fake_label/1820.npy
fake_feature/1821.npy,fake_label/1821.npy
fake_feature/1822.npy,fake_label/1822.npy
fake_feature/1823.npy,fake_label/1823.npy
fake_feature/1824.npy,fake_label/1824.npy
fake_feature/1825.npy,fake_label/1825.npy
fake_feature/1826.npy,fake_label/1826.npy
fake_feature/1827.npy,fake_label/1827.npy
fake_feature/1828.npy,fake_label/1828.npy
fake_feature/1829.npy,fake_label/1829.npy
fake_feature/1830.npy,fake_label/1830.npy
fake_feature/1831.npy,fake_label/1831.npy
fake_feature/1832.npy,fake_label/1832.npy
fake_feature/1833.npy,fake_label/1833.npy
fake_feature/1834.npy,fake_label/1834.npy
fake_feature/1835.npy,fake_label/1835.npy
fake_feature/1836.npy,fake_label/1836.npy
fake_feature/1837.npy,fake_label/1837.npy
fake_feature/1838.npy,fake_label/1838.npy
fake_feature/1839.npy,fake_label/1839.npy
fake_feature/1840.npy,fake_label/1840.npy
fake_feature/1841.npy,fake_label/1841.npy
fake_feature/1842.npy,fake_label/1842.npy
fake_feature/1843.npy,fake_label/1843.npy
fake_feature/1844.npy,fake_label/1844.npy
fake_feature/1845.npy,fake_label/1845.npy
fake_feature/1846.npy,fake_label/1846.npy
fake_feature/1847.npy,fake_label/1847.npy
fake_feature/1848.npy,fake_label/1848.npy
fake_feature/1849.npy,fake_label/1849.npy
fake_feature/1850.npy,fake_label/1850.npy
fake_feature/1851.npy,fake_label/1851.npy
fake_feature/1852.npy,fake_label/1852.npy
fake_feature/1853.npy,fake_label/1853.npy
fake_feature/1854.npy,fake_label/1854.npy
fake_feature/1855.npy,fake_label/1855.npy
fake_feature/1856.npy,fake_label/1856.npy
fake_feature/1857.npy,fake_label/1857.npy
fake_feature/1858.npy,fake_label/1858.npy
fake_feature/1859.npy,fake_label/1859.npy
fake_feature/1860.npy,fake_label/1860.npy
fake_feature/1861.npy,fake_label/1861.npy
fake_feature/1862.npy,fake_label/1862.npy
fake_feature/1863.npy,fake_label/1863.npy
fake_feature/1864.npy,fake_label/1864.npy
fake_feature/1865.npy,fake_label/1865.npy
fake_feature/1866.npy,fake_label/1866.npy
fake_feature/1867.npy,fake_label/1867.npy
fake_feature/1868.npy,fake_label/1868.npy
fake_feature/1869.npy,fake_label/1869.npy
fake_feature/1870.npy,fake_label/1870.npy
fake_feature/1871.npy,fake_label/1871.npy
fake_feature/1872.npy,fake_label/1872.npy
fake_feature/1873.npy,fake_label/1873.npy
fake_feature/1874.npy,fake_label/1874.npy
fake_feature/1875.npy,fake_label/1875.npy
fake_feature/1876.npy,fake_label/1876.npy
fake_feature/1877.npy,fake_label/1877.npy
fake_feature/1878.npy,fake_label/1878.npy
fake_feature/1879.npy,fake_label/1879.npy
fake_feature/1880.npy,fake_label/1880.npy
fake_feature/1881.npy,fake_label/1881.npy
fake_feature/1882.npy,fake_label/1882.npy
fake_feature/1883.npy,fake_label/1883.npy
fake_feature/1884.npy,fake_label/1884.npy
fake_feature/1885.npy,fake_label/1885.npy
fake_feature/1886.npy,fake_label/1886.npy
fake_feature/1887.npy,fake_label/1887.npy
fake_feature/1888.npy,fake_label/1888.npy
fake_feature/1889.npy,fake_label/1889.npy
fake_feature/1890.npy,fake_label/1890.npy
fake_feature/1891.npy,fake_label/1891.npy
fake_feature/1892.npy,fake_label/1892.npy
fake_feature/1893.npy,fake_label/1893.npy
fake_feature/1894.npy,fake_label/1894.npy
fake_feature/1895.npy,fake_label/1895.npy
fake_feature/1896.npy,fake_label/1896.npy
fake_feature/1897.npy,fake_label/1897.npy
fake_feature/1898.npy,fake_label/1898.npy
fake_feature/1899.npy,fake_label/1899.npy
fake_feature/1900.npy,fake_label/1900.npy
fake_feature/1901.npy,fake_label/1901.npy
fake_feature/1902.npy,fake_label/1902.npy
fake_feature/1903.npy,fake_label/1903.npy
fake_feature/1904.npy,fake_label/1904.npy
fake_feature/1905.npy,fake_label/1905.npy
fake_feature/1906.npy,fake_label/1906.npy
fake_feature/1907.npy,fake_label/1907.npy
fake_feature/1908.npy,fake_label/1908.npy
fake_feature/1909.npy,fake_label/1909.npy
fake_feature/1910.npy,fake_label/1910.npy
fake_feature/1911.npy,fake_label/1911.npy
fake_feature/1912.npy,fake_label/1912.npy
fake_feature/1913.npy,fake_label/1913.npy
fake_feature/1914.npy,fake_label/1914.npy
fake_feature/1915.npy,fake_label/1915.npy
fake_feature/1916.npy,fake_label/1916.npy
fake_feature/1917.npy,fake_label/1917.npy
fake_feature/1918.npy,fake_label/1918.npy
fake_feature/1919.npy,fake_label/1919.npy
fake_feature/1920.npy,fake_label/1920.npy
fake_feature/1921.npy,fake_label/1921.npy
fake_feature/1922.npy,fake_label/1922.npy
fake_feature/1923.npy,fake_label/1923.npy
fake_feature/1924.npy,fake_label/1924.npy
fake_feature/1925.npy,fake_label/1925.npy
fake_feature/1926.npy,fake_label/1926.npy
fake_feature/1927.npy,fake_label/1927.npy
fake_feature/1928.npy,fake_label/1928.npy
fake_feature/1929.npy,fake_label/1929.npy
fake_feature/1930.npy,fake_label/1930.npy
fake_feature/1931.npy,fake_label/1931.npy
fake_feature/1932.npy,fake_label/1932.npy
fake_feature/1933.npy,fake_label/1933.npy
fake_feature/1934.npy,fake_label/1934.npy
fake_feature/1935.npy,fake_label/1935.npy
fake_feature/1936.npy,fake_label/1936.npy
fake_feature/1937.npy,fake_label/1937.npy
fake_feature/1938.npy,fake_label/1938.npy
fake_feature/1939.npy,fake_label/1939.npy
fake_feature/1940.npy,fake_label/1940.npy
fake_feature/1941.npy,fake_label/1941.npy
fake_feature/1942.npy,fake_label/1942.npy
fake_feature/1943.npy,fake_label/1943.npy
fake_feature/1944.npy,fake_label/1944.npy
fake_feature/1945.npy,fake_label/1945.npy
fake_feature/1946.npy,fake_label/1946.npy
fake_feature/1947.npy,fake_label/1947.npy
fake_feature/1948.npy,fake_label/1948.npy
fake_feature/1949.npy,fake_label/1949.npy
fake_feature/1950.npy,fake_label/1950.npy
fake_feature/1951.npy,fake_label/1951.npy
fake_feature/1952.npy,fake_label/1952.npy
fake_feature/1953.npy,fake_label/1953.npy
fake_feature/1954.npy,fake_label/1954.npy
fake_feature/1955.npy,fake_label/1955.npy
fake_feature/1956.npy,fake_label/1956.npy
fake_feature/1957.npy,fake_label/1957.npy
fake_feature/1958.npy,fake_label/1958.npy
fake_feature/1959.npy,fake_label/1959.npy
fake_feature/1960.npy,fake_label/1960.npy
fake_feature/1961.npy,fake_label/1961.npy
fake_feature/1962.npy,fake_label/1962.npy
fake_feature/1963.npy,fake_label/1963.npy
fake_feature/1964.npy,fake_label/1964.npy
fake_feature/1965.npy,fake_label/1965.npy
fake_feature/1966.npy,fake_label/1966.npy
fake_feature/1967.npy,fake_label/1967.npy
fake_feature/1968.npy,fake_label/1968.npy
fake_feature/1969.npy,fake_label/1969.npy
fake_feature/1970.npy,fake_label/1970.npy
fake_feature/1971.npy,fake_label/1971.npy
fake_feature/1972.npy,fake_label/1972.npy
fake_feature/1973.npy,fake_label/1973.npy
fake_feature/1974.npy,fake_label/1974.npy
fake_feature/1975.npy,fake_label/1975.npy
fake_feature/1976.npy,fake_label/1976.npy
fake_feature/1977.npy,fake_label/1977.npy
fake_feature/1978.npy,fake_label/1978.npy
fake_feature/1979.npy,fake_label/1979.npy
fake_feature/1980.npy,fake_label/1980.npy
fake_feature/1981.npy,fake_label/1981.npy
fake_feature/1982.npy,fake_label/1982.npy
fake_feature/1983.npy,fake_label/1983.npy
fake_feature/1984.npy,fake_label/1984.npy
fake_feature/1985.npy,fake_label/1985.npy
fake_feature/1986.npy,fake_label/1986.npy
fake_feature/1987.npy,fake_label/1987.npy
fake_feature/1988.npy,fake_label/1988.npy
fake_feature/1989.npy,fake_label/1989.npy
fake_feature/1990.npy,fake_label/1990.npy
fake_feature/1991.npy,fake_label/1991.npy
fake_feature/1992.npy,fake_label/1992.npy
fake_feature/1993.npy,fake_label/1993.npy
fake_feature/1994.npy,fake_label/1994.npy
fake_feature/1995.npy,fake_label/1995.npy
fake_feature/1996.npy,fake_label/1996.npy
fake_feature/1997.npy,fake_label/1997.npy
fake_feature/1998.npy,fake_label/1998.npy
fake_feature/1999.npy,fake_label/1999.npy
fake_feature/2000.npy,fake_label/2000.npy
fake_feature/2001.npy,fake_label/2001.npy
fake_feature/2002.npy,fake_label/2002.npy
fake_feature/2003.npy,fake_label/2003.npy
fake_feature/2004.npy,fake_label/2004.npy
fake_feature/2005.npy,fake_label/2005.npy
fake_feature/2006.npy,fake_label/2006.npy
fake_feature/2007.npy,fake_label/2007.npy
fake_feature/2008.npy,fake_label/2008.npy
fake_feature/2009.npy,fake_label/2009.npy
fake_feature/2010.npy,fake_label/2010.npy
fake_feature/2011.npy,fake_label/2011.npy
fake_feature/2012.npy,fake_label/2012.npy
fake_feature/2013.npy,fake_label/2013.npy
fake_feature/2014.npy,fake_label/2014.npy
fake_feature/2015.npy,fake_label/2015.npy
fake_feature/2016.npy,fake_label/2016.npy
fake_feature/2017.npy,fake_label/2017.npy
fake_feature/2018.npy,fake_label/2018.npy
fake_feature/2019.npy,fake_label/2019.npy
fake_feature/2020.npy,fake_label/2020.npy
fake_feature/2021.npy,fake_label/2021.npy
fake_feature/2022.npy,fake_label/2022.npy
fake_feature/2023.npy,fake_label/2023.npy
fake_feature/2024.npy,fake_label/2024.npy
fake_feature/2025.npy,fake_label/2025.npy
fake_feature/2026.npy,fake_label/2026.npy
fake_feature/2027.npy,fake_label/2027.npy
fake_feature/2028.npy,fake_label/2028.npy
fake_feature/2029.npy,fake_label/2029.npy
fake_feature/2030.npy,fake_label/2030.npy
fake_feature/2031.npy,fake_label/2031.npy
fake_feature/2032.npy,fake_label/2032.npy
fake_feature/2033.npy,fake_label/2033.npy
fake_feature/2034.npy,fake_label/2034.npy
fake_feature/2035.npy,fake_label/2035.npy
fake_feature/2036.npy,fake_label/2036.npy
fake_feature/2037.npy,fake_label/2037.npy
fake_feature/2038.npy,fake_label/2038.npy
fake_feature/2039.npy,fake_label/2039.npy
fake_feature/2040.npy,fake_label/2040.npy
fake_feature/2041.npy,fake_label/2041.npy
fake_feature/2042.npy,fake_label/2042.npy
fake_feature/2043.npy,fake_label/2043.npy
fake_feature/2044.npy,fake_label/2044.npy
fake_feature/2045.npy,fake_label/2045.npy
fake_feature/2046.npy,fake_label/2046.npy
fake_feature/2047.npy,fake_label/2047.npy
fake_feature/2048.npy,fake_label/2048.npy
fake_feature/2049.npy,fake_label/2049.npy
fake_feature/2050.npy,fake_label/2050.npy
fake_feature/2051.npy,fake_label/2051.npy
fake_feature/2052.npy,fake_label/2052.npy
fake_feature/2053.npy,fake_label/2053.npy
fake_feature/2054.npy,fake_label/2054.npy
fake_feature/2055.npy,fake_label/2055.npy
fake_feature/2056.npy,fake_label/2056.npy
fake_feature/2057.npy,fake_label/2057.npy
fake_feature/2058.npy,fake_label/2058.npy
fake_feature/2059.npy,fake_label/2059.npy
fake_feature/2060.npy,fake_label/2060.npy
fake_feature/2061.npy,fake_label/2061.npy
fake_feature/2062.npy,fake_label/2062.npy
fake_feature/2063.npy,fake_label/2063.npy
fake_feature/2064.npy,fake_label/2064.npy
fake_feature/2065.npy,fake_label/2065.npy
fake_feature/2066.npy,fake_label/2066.npy
fake_feature/2067.npy,fake_label/2067.npy
fake_feature/2068.npy,fake_label/2068.npy
fake_feature/2069.npy,fake_label/2069.npy
fake_feature/2070.npy,fake_label/2070.npy
fake_feature/2071.npy,fake_label/2071.npy
fake_feature/2072.npy,fake_label/2072.npy
fake_feature/2073.npy,fake_label/2073.npy
fake_feature/2074.npy,fake_label/2074.npy
fake_feature/2075.npy,fake_label/2075.npy
fake_feature/2076.npy,fake_label/2076.npy
fake_feature/2077.npy,fake_label/2077.npy
fake_feature/2078.npy,fake_label/2078.npy
fake_feature/2079.npy,fake_label/2079.npy
fake_feature/2080.npy,fake_label/2080.npy
fake_feature/2081.npy,fake_label/2081.npy
fake_feature/2082.npy,fake_label/2082.npy
fake_feature/2083.npy,fake_label/2083.npy
fake_feature/2084.npy,fake_label/2084.npy
fake_feature/2085.npy,fake_label/2085.npy
fake_feature/2086.npy,fake_label/2086.npy
fake_feature/2087.npy,fake_label/2087.npy
fake_feature/2088.npy,fake_label/2088.npy
fake_feature/2089.npy,fake_label/2089.npy
fake_feature/2090.npy,fake_label/2090.npy
fake_feature/2091.npy,fake_label/2091.npy
fake_feature/2092.npy,fake_label/2092.npy
fake_feature/2093.npy,fake_label/2093.npy
fake_feature/2094.npy,fake_label/2094.npy
fake_feature/2095.npy,fake_label/2095.npy
fake_feature/2096.npy,fake_label/2096.npy
fake_feature/2097.npy,fake_label/2097.npy
fake_feature/2098.npy,fake_label/2098.npy
fake_feature/2099.npy,fake_label/2099.npy
fake_feature/2100.npy,fake_label/2100.npy
fake_feature/2101.npy,fake_label/2101.npy
fake_feature/2102.npy,fake_label/2102.npy
fake_feature/2103.npy,fake_label/2103.npy
fake_feature/2104.npy,fake_label/2104.npy
fake_feature/2105.npy,fake_label/2105.npy
fake_feature/2106.npy,fake_label/2106.npy
fake_feature/2107.npy,fake_label/2107.npy
fake_feature/2108.npy,fake_label/2108.npy
fake_feature/2109.npy,fake_label/2109.npy
fake_feature/2110.npy,fake_label/2110.npy
fake_feature/2111.npy,fake_label/2111.npy
fake_feature/2112.npy,fake_label/2112.npy
fake_feature/2113.npy,fake_label/2113.npy
fake_feature/2114.npy,fake_label/2114.npy
fake_feature/2115.npy,fake_label/2115.npy
fake_feature/2116.npy,fake_label/2116.npy
fake_feature/2117.npy,fake_label/2117.npy
fake_feature/2118.npy,fake_label/2118.npy
fake_feature/2119.npy,fake_label/2119.npy
fake_feature/2120.npy,fake_label/2120.npy
fake_feature/2121.npy,fake_label/2121.npy
fake_feature/2122.npy,fake_label/2122.npy
fake_feature/2123.npy,fake_label/2123.npy
fake_feature/2124.npy,fake_label/2124.npy
fake_feature/2125.npy,fake_label/2125.npy
fake_feature/2126.npy,fake_label/2126.npy
fake_feature/2127.npy,fake_label/2127.npy
fake_feature/2128.npy,fake_label/2128.npy
fake_feature/2129.npy,fake_label/2129.npy
fake_feature/2130.npy,fake_label/2130.npy
fake_feature/2131.npy,fake_label/2131.npy
fake_feature/2132.npy,fake_label/2132.npy
fake_feature/2133.npy,fake_label/2133.npy
fake_feature/2134.npy,fake_label/2134.npy
fake_feature/2135.npy,fake_label/2135.npy
fake_feature/2136.npy,fake_label/2136.npy
fake_feature/2137.npy,fake_label/2137.npy
fake_feature/2138.npy,fake_label/2138.npy
fake_feature/2139.npy,fake_label/2139.npy
fake_feature/2140.npy,fake_label/2140.npy
fake_feature/2141.npy,fake_label/2141.npy
fake_feature/2142.npy,fake_label/2142.npy
fake_feature/2143.npy,fake_label/2143.npy
fake_feature/2144.npy,fake_label/2144.npy
fake_feature/2145.npy,fake_label/2145.npy
fake_feature/2146.npy,fake_label/2146.npy
fake_feature/2147.npy,fake_label/2147.npy
fake_feature/2148.npy,fake_label/2148.npy
fake_feature/2149.npy,fake_label/2149.npy
fake_feature/2150.npy,fake_label/2150.npy
fake_feature/2151.npy,fake_label/2151.npy
fake_feature/2152.npy,fake_label/2152.npy
fake_feature/2153.npy,fake_label/2153.npy
fake_feature/2154.npy,fake_label/2154.npy
fake_feature/2155.npy,fake_label/2155.npy
fake_feature/2156.npy,fake_label/2156.npy
fake_feature/2157.npy,fake_label/2157.npy
fake_feature/2158.npy,fake_label/2158.npy
fake_feature/2159.npy,fake_label/2159.npy
fake_feature/2160.npy,fake_label/2160.npy
fake_feature/2161.npy,fake_label/2161.npy
fake_feature/2162.npy,fake_label/2162.npy
fake_feature/2163.npy,fake_label/2163.npy
fake_feature/2164.npy,fake_label/2164.npy
fake_feature/2165.npy,fake_label/2165.npy
fake_feature/2166.npy,fake_label/2166.npy
fake_feature/2167.npy,fake_label/2167.npy
fake_feature/2168.npy,fake_label/2168.npy
fake_feature/2169.npy,fake_label/2169.npy
fake_feature/2170.npy,fake_label/2170.npy
fake_feature/2171.npy,fake_label/2171.npy
fake_feature/2172.npy,fake_label/2172.npy
fake_feature/2173.npy,fake_label/2173.npy
fake_feature/2174.npy,fake_label/2174.npy
fake_feature/2175.npy,fake_label/2175.npy
fake_feature/2176.npy,fake_label/2176.npy
fake_feature/2177.npy,fake_label/2177.npy
fake_feature/2178.npy,fake_label/2178.npy
fake_feature/2179.npy,fake_label/2179.npy
fake_feature/2180.npy,fake_label/2180.npy
fake_feature/2181.npy,fake_label/2181.npy
fake_feature/2182.npy,fake_label/2182.npy
fake_feature/2183.npy,fake_label/2183.npy
fake_feature/2184.npy,fake_label/2184.npy
fake_feature/2185.npy,fake_label/2185.npy
fake_feature/2186.npy,fake_label/2186.npy
fake_feature/2187.npy,fake_label/2187.npy
fake_feature/2188.npy,fake_label/2188.npy
fake_feature/2189.npy,fake_label/2189.npy
fake_feature/2190.npy,fake_label/2190.npy
fake_feature/2191.npy,fake_label/2191.npy
fake_feature/2192.npy,fake_label/2192.npy
fake_feature/2193.npy,fake_label/2193.npy
fake_feature/2194.npy,fake_label/2194.npy
fake_feature/2195.npy,fake_label/2195.npy
fake_feature/2196.npy,fake_label/2196.npy
fake_feature/2197.npy,fake_label/2197.npy
fake_feature/2198.npy,fake_label/2198.npy
fake_feature/2199.npy,fake_label/2199.npy
fake_feature/2200.npy,fake_label/2200.npy
fake_feature/2201.npy,fake_label/2201.npy
fake_feature/2202.npy,fake_label/2202.npy
fake_feature/2203.npy,fake_label/2203.npy
fake_feature/2204.npy,fake_label/2204.npy
fake_feature/2205.npy,fake_label/2205.npy
fake_feature/2206.npy,fake_label/2206.npy
fake_feature/2207.npy,fake_label/2207.npy
fake_feature/2208.npy,fake_label/2208.npy
fake_feature/2209.npy,fake_label/2209.npy
fake_feature/2210.npy,fake_label/2210.npy
fake_feature/2211.npy,fake_label/2211.npy
fake_feature/2212.npy,fake_label/2212.npy
fake_feature/2213.npy,fake_label/2213.npy
fake_feature/2214.npy,fake_label/2214.npy
fake_feature/2215.npy,fake_label/2215.npy
fake_feature/2216.npy,fake_label/2216.npy
fake_feature/2217.npy,fake_label/2217.npy
fake_feature/2218.npy,fake_label/2218.npy
fake_feature/2219.npy,fake_label/2219.npy
fake_feature/2220.npy,fake_label/2220.npy
fake_feature/2221.npy,fake_label/2221.npy
fake_feature/2222.npy,fake_label/2222.npy
fake_feature/2223.npy,fake_label/2223.npy
fake_feature/2224.npy,fake_label/2224.npy
fake_feature/2225.npy,fake_label/2225.npy
fake_feature/2226.npy,fake_label/2226.npy
fake_feature/2227.npy,fake_label/2227.npy
fake_feature/2228.npy,fake_label/2228.npy
fake_feature/2229.npy,fake_label/2229.npy
fake_feature/2230.npy,fake_label/2230.npy
fake_feature/2231.npy,fake_label/2231.npy
fake_feature/2232.npy,fake_label/2232.npy
fake_feature/2233.npy,fake_label/2233.npy
fake_feature/2234.npy,fake_label/2234.npy
fake_feature/2235.npy,fake_label/2235.npy
fake_feature/2236.npy,fake_label/2236.npy
fake_feature/2237.npy,fake_label/2237.npy
fake_feature/2238.npy,fake_label/2238.npy
fake_feature/2239.npy,fake_label/2239.npy
fake_feature/2240.npy,fake_label/2240.npy
fake_feature/2241.npy,fake_label/2241.npy
fake_feature/2242.npy,fake_label/2242.npy
fake_feature/2243.npy,fake_label/2243.npy
fake_feature/2244.npy,fake_label/2244.npy
fake_feature/2245.npy,fake_label/2245.npy
fake_feature/2246.npy,fake_label/2246.npy
fake_feature/2247.npy,fake_label/2247.npy
fake_feature/2248.npy,fake_label/2248.npy
fake_feature/2249.npy,fake_label/2249.npy
fake_feature/2250.npy,fake_label/2250.npy
fake_feature/2251.npy,fake_label/2251.npy
fake_feature/2252.npy,fake_label/2252.npy
fake_feature/2253.npy,fake_label/2253.npy
fake_feature/2254.npy,fake_label/2254.npy
fake_feature/2255.npy,fake_label/2255.npy
fake_feature/2256.npy,fake_label/2256.npy
fake_feature/2257.npy,fake_label/2257.npy
fake_feature/2258.npy,fake_label/2258.npy
fake_feature/2259.npy,fake_label/2259.npy
fake_feature/2260.npy,fake_label/2260.npy
fake_feature/2261.npy,fake_label/2261.npy
fake_feature/2262.npy,fake_label/2262.npy
fake_feature/2263.npy,fake_label/2263.npy
fake_feature/2264.npy,fake_label/2264.npy
fake_feature/2265.npy,fake_label/2265.npy
fake_feature/2266.npy,fake_label/2266.npy
fake_feature/2267.npy,fake_label/2267.npy
fake_feature/2268.npy,fake_label/2268.npy
fake_feature/2269.npy,fake_label/2269.npy
fake_feature/2270.npy,fake_label/2270.npy
fake_feature/2271.npy,fake_label/2271.npy
fake_feature/2272.npy,fake_label/2272.npy
fake_feature/2273.npy,fake_label/2273.npy
fake_feature/2274.npy,fake_label/2274.npy
fake_feature/2275.npy,fake_label/2275.npy
fake_feature/2276.npy,fake_label/2276.npy
fake_feature/2277.npy,fake_label/2277.npy
fake_feature/2278.npy,fake_label/2278.npy
fake_feature/2279.npy,fake_label/2279.npy
fake_feature/2280.npy,fake_label/2280.npy
fake_feature/2281.npy,fake_label/2281.npy
fake_feature/2282.npy,fake_label/2282.npy
fake_feature/2283.npy,fake_label/2283.npy
fake_feature/2284.npy,fake_label/2284.npy
fake_feature/2285.npy,fake_label/2285.npy
fake_feature/2286.npy,fake_label/2286.npy
fake_feature/2287.npy,fake_label/2287.npy
fake_feature/2288.npy,fake_label/2288.npy
fake_feature/2289.npy,fake_label/2289.npy
fake_feature/2290.npy,fake_label/2290.npy
fake_feature/2291.npy,fake_label/2291.npy
fake_feature/2292.npy,fake_label/2292.npy
fake_feature/2293.npy,fake_label/2293.npy
fake_feature/2294.npy,fake_label/2294.npy
fake_feature/2295.npy,fake_label/2295.npy
fake_feature/2296.npy,fake_label/2296.npy
fake_feature/2297.npy,fake_label/2297.npy
fake_feature/2298.npy,fake_label/2298.npy
fake_feature/2299.npy,fake_label/2299.npy
fake_feature/2300.npy,fake_label/2300.npy
fake_feature/2301.npy,fake_label/2301.npy
fake_feature/2302.npy,fake_label/2302.npy
fake_feature/2303.npy,fake_label/2303.npy
fake_feature/2304.npy,fake_label/2304.npy
fake_feature/2305.npy,fake_label/2305.npy
fake_feature/2306.npy,fake_label/2306.npy
fake_feature/2307.npy,fake_label/2307.npy
fake_feature/2308.npy,fake_label/2308.npy
fake_feature/2309.npy,fake_label/2309.npy
fake_feature/2310.npy,fake_label/2310.npy
fake_feature/2311.npy,fake_label/2311.npy
fake_feature/2312.npy,fake_label/2312.npy
fake_feature/2313.npy,fake_label/2313.npy
fake_feature/2314.npy,fake_label/2314.npy
fake_feature/2315.npy,fake_label/2315.npy
fake_feature/2316.npy,fake_label/2316.npy
fake_feature/2317.npy,fake_label/2317.npy
fake_feature/2318.npy,fake_label/2318.npy
fake_feature/2319.npy,fake_label/2319.npy
fake_feature/2320.npy,fake_label/2320.npy
fake_feature/2321.npy,fake_label/2321.npy
fake_feature/2322.npy,fake_label/2322.npy
fake_feature/2323.npy,fake_label/2323.npy
fake_feature/2324.npy,fake_label/2324.npy
fake_feature/2325.npy,fake_label/2325.npy
fake_feature/2326.npy,fake_label/2326.npy
fake_feature/2327.npy,fake_label/2327.npy
fake_feature/2328.npy,fake_label/2328.npy
fake_feature/2329.npy,fake_label/2329.npy
fake_feature/2330.npy,fake_label/2330.npy
fake_feature/2331.npy,fake_label/2331.npy
fake_feature/2332.npy,fake_label/2332.npy
fake_feature/2333.npy,fake_label/2333.npy
fake_feature/2334.npy,fake_label/2334.npy
fake_feature/2335.npy,fake_label/2335.npy
fake_feature/2336.npy,fake_label/2336.npy
fake_feature/2337.npy,fake_label/2337.npy
fake_feature/2338.npy,fake_label/2338.npy
fake_feature/2339.npy,fake_label/2339.npy
fake_feature/2340.npy,fake_label/2340.npy
fake_feature/2341.npy,fake_label/2341.npy
fake_feature/2342.npy,fake_label/2342.npy
fake_feature/2343.npy,fake_label/2343.npy
fake_feature/2344.npy,fake_label/2344.npy
fake_feature/2345.npy,fake_label/2345.npy
fake_feature/2346.npy,fake_label/2346.npy
fake_feature/2347.npy,fake_label/2347.npy
fake_feature/2348.npy,fake_label/2348.npy
fake_feature/2349.npy,fake_label/2349.npy
fake_feature/2350.npy,fake_label/2350.npy
fake_feature/2351.npy,fake_label/2351.npy
fake_feature/2352.npy,fake_label/2352.npy
fake_feature/2353.npy,fake_label/2353.npy
fake_feature/2354.npy,fake_label/2354.npy
fake_feature/2355.npy,fake_label/2355.npy
fake_feature/2356.npy,fake_label/2356.npy
fake_feature/2357.npy,fake_label/2357.npy
fake_feature/2358.npy,fake_label/2358.npy
fake_feature/2359.npy,fake_label/2359.npy
fake_feature/2360.npy,fake_label/2360.npy
fake_feature/2361.npy,fake_label/2361.npy
fake_feature/2362.npy,fake_label/2362.npy
fake_feature/2363.npy,fake_label/2363.npy
fake_feature/2364.npy,fake_label/2364.npy
fake_feature/2365.npy,fake_label/2365.npy
fake_feature/2366.npy,fake_label/2366.npy
fake_feature/2367.npy,fake_label/2367.npy
fake_feature/2368.npy,fake_label/2368.npy
fake_feature/2369.npy,fake_label/2369.npy
fake_feature/2370.npy,fake_label/2370.npy
fake_feature/2371.npy,fake_label/2371.npy
fake_feature/2372.npy,fake_label/2372.npy
fake_feature/2373.npy,fake_label/2373.npy
fake_feature/2374.npy,fake_label/2374.npy
fake_feature/2375.npy,fake_label/2375.npy
fake_feature/2376.npy,fake_label/2376.npy
fake_feature/2377.npy,fake_label/2377.npy
fake_feature/2378.npy,fake_label/2378.npy
fake_feature/2379.npy,fake_label/2379.npy
fake_feature/2380.npy,fake_label/2380.npy
fake_feature/2381.npy,fake_label/2381.npy
fake_feature/2382.npy,fake_label/2382.npy
fake_feature/2383.npy,fake_label/2383.npy
fake_feature/2384.npy,fake_label/2384.npy
fake_feature/2385.npy,fake_label/2385.npy
fake_feature/2386.npy,fake_label/2386.npy
fake_feature/2387.npy,fake_label/2387.npy
fake_feature/2388.npy,fake_label/2388.npy
fake_feature/2389.npy,fake_label/2389.npy
fake_feature/2390.npy,fake_label/2390.npy
fake_feature/2391.npy,fake_label/2391.npy
fake_feature/2392.npy,fake_label/2392.npy
fake_feature/2393.npy,fake_label/2393.npy
fake_feature/2394.npy,fake_label/2394.npy
fake_feature/2395.npy,fake_label/2395.npy
fake_feature/2396.npy,fake_label/2396.npy
fake_feature/2397.npy,fake_label/2397.npy
fake_feature/2398.npy,fake_label/2398.npy
fake_feature/2399.npy,fake_label/2399.npy
fake_feature/2400.npy,fake_label/2400.npy
fake_feature/2401.npy,fake_label/2401.npy
fake_feature/2402.npy,fake_label/2402.npy
fake_feature/2403.npy,fake_label/2403.npy
fake_feature/2404.npy,fake_label/2404.npy
fake_feature/2405.npy,fake_label/2405.npy
fake_feature/2406.npy,fake_label/2406.npy
fake_feature/2407.npy,fake_label/2407.npy
fake_feature/2408.npy,fake_label/2408.npy
fake_feature/2409.npy,fake_label/2409.npy
fake_feature/2410.npy,fake_label/2410.npy
fake_feature/2411.npy,fake_label/2411.npy
fake_feature/2412.npy,fake_label/2412.npy
fake_feature/2413.npy,fake_label/2413.npy
fake_feature/2414.npy,fake_label/2414.npy
fake_feature/2415.npy,fake_label/2415.npy
fake_feature/2416.npy,fake_label/2416.npy
fake_feature/2417.npy,fake_label/2417.npy
fake_feature/2418.npy,fake_label/2418.npy
fake_feature/2419.npy,fake_label/2419.npy
fake_feature/2420.npy,fake_label/2420.npy
fake_feature/2421.npy,fake_label/2421.npy
fake_feature/2422.npy,fake_label/2422.npy
fake_feature/2423.npy,fake_label/2423.npy
fake_feature/2424.npy,fake_label/2424.npy
fake_feature/2425.npy,fake_label/2425.npy
fake_feature/2426.npy,fake_label/2426.npy
fake_feature/2427.npy,fake_label/2427.npy
fake_feature/2428.npy,fake_label/2428.npy
fake_feature/2429.npy,fake_label/2429.npy
fake_feature/2430.npy,fake_label/2430.npy
fake_feature/2431.npy,fake_label/2431.npy
fake_feature/2432.npy,fake_label/2432.npy
fake_feature/2433.npy,fake_label/2433.npy
fake_feature/2434.npy,fake_label/2434.npy
fake_feature/2435.npy,fake_label/2435.npy
fake_feature/2436.npy,fake_label/2436.npy
fake_feature/2437.npy,fake_label/2437.npy
fake_feature/2438.npy,fake_label/2438.npy
fake_feature/2439.npy,fake_label/2439.npy
fake_feature/2440.npy,fake_label/2440.npy
fake_feature/2441.npy,fake_label/2441.npy
fake_feature/2442.npy,fake_label/2442.npy
fake_feature/2443.npy,fake_label/2443.npy
fake_feature/2444.npy,fake_label/2444.npy
fake_feature/2445.npy,fake_label/2445.npy
fake_feature/2446.npy,fake_label/2446.npy
fake_feature/2447.npy,fake_label/2447.npy
fake_feature/2448.npy,fake_label/2448.npy
fake_feature/2449.npy,fake_label/2449.npy
fake_feature/2450.npy,fake_label/2450.npy
fake_feature/2451.npy,fake_label/2451.npy
fake_feature/2452.npy,fake_label/2452.npy
fake_feature/2453.npy,fake_label/2453.npy
fake_feature/2454.npy,fake_label/2454.npy
fake_feature/2455.npy,fake_label/2455.npy
fake_feature/2456.npy,fake_label/2456.npy
fake_feature/2457.npy,fake_label/2457.npy
fake_feature/2458.npy,fake_label/2458.npy
fake_feature/2459.npy,fake_label/2459.npy
fake_feature/2460.npy,fake_label/2460.npy
fake_feature/2461.npy,fake_label/2461.npy
fake_feature/2462.npy,fake_label/2462.npy
fake_feature/2463.npy,fake_label/2463.npy
fake_feature/2464.npy,fake_label/2464.npy
fake_feature/2465.npy,fake_label/2465.npy
fake_feature/2466.npy,fake_label/2466.npy
fake_feature/2467.npy,fake_label/2467.npy
fake_feature/2468.npy,fake_label/2468.npy
fake_feature/2469.npy,fake_label/2469.npy
fake_feature/2470.npy,fake_label/2470.npy
fake_feature/2471.npy,fake_label/2471.npy
fake_feature/2472.npy,fake_label/2472.npy
fake_feature/2473.npy,fake_label/2473.npy
fake_feature/2474.npy,fake_label/2474.npy
fake_feature/2475.npy,fake_label/2475.npy
fake_feature/2476.npy,fake_label/2476.npy
fake_feature/2477.npy,fake_label/2477.npy
fake_feature/2478.npy,fake_label/2478.npy
fake_feature/2479.npy,fake_label/2479.npy
fake_feature/2480.npy,fake_label/2480.npy
fake_feature/2481.npy,fake_label/2481.npy
fake_feature/2482.npy,fake_label/2482.npy
fake_feature/2483.npy,fake_label/2483.npy
fake_feature/2484.npy,fake_label/2484.npy
fake_feature/2485.npy,fake_label/2485.npy
fake_feature/2486.npy,fake_label/2486.npy
fake_feature/2487.npy,fake_label/2487.npy
fake_feature/2488.npy,fake_label/2488.npy
fake_feature/2489.npy,fake_label/2489.npy
fake_feature/2490.npy,fake_label/2490.npy
fake_feature/2491.npy,fake_label/2491.npy
fake_feature/2492.npy,fake_label/2492.npy
fake_feature/2493.npy,fake_label/2493.npy
fake_feature/2494.npy,fake_label/2494.npy
fake_feature/2495.npy,fake_label/2495.npy
fake_feature/2496.npy,fake_label/2496.npy
fake_feature/2497.npy,fake_label/2497.npy
fake_feature/2498.npy,fake_label/2498.npy
fake_feature/2499.npy,fake_label/2499.npy
fake_feature/2500.npy,fake_label/2500.npy
fake_feature/2501.npy,fake_label/2501.npy
fake_feature/2502.npy,fake_label/2502.npy
fake_feature/2503.npy,fake_label/2503.npy
fake_feature/2504.npy,fake_label/2504.npy
fake_feature/2505.npy,fake_label/2505.npy
fake_feature/2506.npy,fake_label/2506.npy
fake_feature/2507.npy,fake_label/2507.npy
fake_feature/2508.npy,fake_label/2508.npy
fake_feature/2509.npy,fake_label/2509.npy
fake_feature/2510.npy,fake_label/2510.npy
fake_feature/2511.npy,fake_label/2511.npy
fake_feature/2512.npy,fake_label/2512.npy
fake_feature/2513.npy,fake_label/2513.npy
fake_feature/2514.npy,fake_label/2514.npy
fake_feature/2515.npy,fake_label/2515.npy
fake_feature/2516.npy,fake_label/2516.npy
fake_feature/2517.npy,fake_label/2517.npy
fake_feature/2518.npy,fake_label/2518.npy
fake_feature/2519.npy,fake_label/2519.npy
fake_feature/2520.npy,fake_label/2520.npy
fake_feature/2521.npy,fake_label/2521.npy
fake_feature/2522.npy,fake_label/2522.npy
fake_feature/2523.npy,fake_label/2523.npy
fake_feature/2524.npy,fake_label/2524.npy
fake_feature/2525.npy,fake_label/2525.npy
fake_feature/2526.npy,fake_label/2526.npy
fake_feature/2527.npy,fake_label/2527.npy
fake_feature/2528.npy,fake_label/2528.npy
fake_feature/2529.npy,fake_label/2529.npy
fake_feature/2530.npy,fake_label/2530.npy
fake_feature/2531.npy,fake_label/2531.npy
fake_feature/2532.npy,fake_label/2532.npy
fake_feature/2533.npy,fake_label/2533.npy
fake_feature/2534.npy,fake_label/2534.npy
fake_feature/2535.npy,fake_label/2535.npy
fake_feature/2536.npy,fake_label/2536.npy
fake_feature/2537.npy,fake_label/2537.npy
fake_feature/2538.npy,fake_label/2538.npy
fake_feature/2539.npy,fake_label/2539.npy
fake_feature/2540.npy,fake_label/2540.npy
fake_feature/2541.npy,fake_label/2541.npy
fake_feature/2542.npy,fake_label/2542.npy
fake_feature/2543.npy,fake_label/2543.npy
fake_feature/2544.npy,fake_label/2544.npy
fake_feature/2545.npy,fake_label/2545.npy
fake_feature/2546.npy,fake_label/2546.npy
fake_feature/2547.npy,fake_label/2547.npy
fake_feature/2548.npy,fake_label/2548.npy
fake_feature/2549.npy,fake_label/2549.npy
fake_feature/2550.npy,fake_label/2550.npy
fake_feature/2551.npy,fake_label/2551.npy
fake_feature/2552.npy,fake_label/2552.npy
fake_feature/2553.npy,fake_label/2553.npy
fake_feature/2554.npy,fake_label/2554.npy
fake_feature/2555.npy,fake_label/2555.npy
fake_feature/2556.npy,fake_label/2556.npy
fake_feature/2557.npy,fake_label/2557.npy
fake_feature/2558.npy,fake_label/2558.npy
fake_feature/2559.npy,fake_label/2559.npy
fake_feature/2560.npy,fake_label/2560.npy
fake_feature/2561.npy,fake_label/2561.npy
fake_feature/2562.npy,fake_label/2562.npy
fake_feature/2563.npy,fake_label/2563.npy
fake_feature/2564.npy,fake_label/2564.npy
fake_feature/2565.npy,fake_label/2565.npy
fake_feature/2566.npy,fake_label/2566.npy
fake_feature/2567.npy,fake_label/2567.npy
fake_feature/2568.npy,fake_label/2568.npy
fake_feature/2569.npy,fake_label/2569.npy
fake_feature/2570.npy,fake_label/2570.npy
fake_feature/2571.npy,fake_label/2571.npy
fake_feature/2572.npy,fake_label/2572.npy
fake_feature/2573.npy,fake_label/2573.npy
fake_feature/2574.npy,fake_label/2574.npy
fake_feature/2575.npy,fake_label/2575.npy
fake_feature/2576.npy,fake_label/2576.npy
fake_feature/2577.npy,fake_label/2577.npy
fake_feature/2578.npy,fake_label/2578.npy
fake_feature/2579.npy,fake_label/2579.npy
fake_feature/2580.npy,fake_label/2580.npy
fake_feature/2581.npy,fake_label/2581.npy
fake_feature/2582.npy,fake_label/2582.npy
fake_feature/2583.npy,fake_label/2583.npy
fake_feature/2584.npy,fake_label/2584.npy
fake_feature/2585.npy,fake_label/2585.npy
fake_feature/2586.npy,fake_label/2586.npy
fake_feature/2587.npy,fake_label/2587.npy
fake_feature/2588.npy,fake_label/2588.npy
fake_feature/2589.npy,fake_label/2589.npy
fake_feature/2590.npy,fake_label/2590.npy
fake_feature/2591.npy,fake_label/2591.npy
fake_feature/2592.npy,fake_label/2592.npy
fake_feature/2593.npy,fake_label/2593.npy
fake_feature/2594.npy,fake_label/2594.npy
fake_feature/2595.npy,fake_label/2595.npy
fake_feature/2596.npy,fake_label/2596.npy
fake_feature/2597.npy,fake_label/2597.npy
fake_feature/2598.npy,fake_label/2598.npy
fake_feature/2599.npy,fake_label/2599.npy
fake_feature/2600.npy,fake_label/2600.npy
fake_feature/2601.npy,fake_label/2601.npy
fake_feature/2602.npy,fake_label/2602.npy
fake_feature/2603.npy,fake_label/2603.npy
fake_feature/2604.npy,fake_label/2604.npy
fake_feature/2605.npy,fake_label/2605.npy
fake_feature/2606.npy,fake_label/2606.npy
fake_feature/2607.npy,fake_label/2607.npy
fake_feature/2608.npy,fake_label/2608.npy
fake_feature/2609.npy,fake_label/2609.npy
fake_feature/2610.npy,fake_label/2610.npy
fake_feature/2611.npy,fake_label/2611.npy
fake_feature/2612.npy,fake_label/2612.npy
fake_feature/2613.npy,fake_label/2613.npy
fake_feature/2614.npy,fake_label/2614.npy
fake_feature/2615.npy,fake_label/2615.npy
fake_feature/2616.npy,fake_label/2616.npy
fake_feature/2617.npy,fake_label/2617.npy
fake_feature/2618.npy,fake_label/2618.npy
fake_feature/2619.npy,fake_label/2619.npy
fake_feature/2620.npy,fake_label/2620.npy
fake_feature/2621.npy,fake_label/2621.npy
fake_feature/2622.npy,fake_label/2622.npy
fake_feature/2623.npy,fake_label/2623.npy
fake_feature/2624.npy,fake_label/2624.npy
fake_feature/2625.npy,fake_label/2625.npy
fake_feature/2626.npy,fake_label/2626.npy
fake_feature/2627.npy,fake_label/2627.npy
fake_feature/2628.npy,fake_label/2628.npy
fake_feature/2629.npy,fake_label/2629.npy
fake_feature/2630.npy,fake_label/2630.npy
fake_feature/2631.npy,fake_label/2631.npy
fake_feature/2632.npy,fake_label/2632.npy
fake_feature/2633.npy,fake_label/2633.npy
fake_feature/2634.npy,fake_label/2634.npy
fake_feature/2635.npy,fake_label/2635.npy
fake_feature/2636.npy,fake_label/2636.npy
fake_feature/2637.npy,fake_label/2637.npy
fake_feature/2638.npy,fake_label/2638.npy
fake_feature/2639.npy,fake_label/2639.npy
fake_feature/2640.npy,fake_label/2640.npy
fake_feature/2641.npy,fake_label/2641.npy
fake_feature/2642.npy,fake_label/2642.npy
fake_feature/2643.npy,fake_label/2643.npy
fake_feature/2644.npy,fake_label/2644.npy
fake_feature/2645.npy,fake_label/2645.npy
fake_feature/2646.npy,fake_label/2646.npy
fake_feature/2647.npy,fake_label/2647.npy
fake_feature/2648.npy,fake_label/2648.npy
fake_feature/2649.npy,fake_label/2649.npy
fake_feature/2650.npy,fake_label/2650.npy
fake_feature/2651.npy,fake_label/2651.npy
fake_feature/2652.npy,fake_label/2652.npy
fake_feature/2653.npy,fake_label/2653.npy
fake_feature/2654.npy,fake_label/2654.npy
fake_feature/2655.npy,fake_label/2655.npy
fake_feature/2656.npy,fake_label/2656.npy
fake_feature/2657.npy,fake_label/2657.npy
fake_feature/2658.npy,fake_label/2658.npy
fake_feature/2659.npy,fake_label/2659.npy
fake_feature/2660.npy,fake_label/2660.npy
fake_feature/2661.npy,fake_label/2661.npy
fake_feature/2662.npy,fake_label/2662.npy
fake_feature/2663.npy,fake_label/2663.npy
fake_feature/2664.npy,fake_label/2664.npy
fake_feature/2665.npy,fake_label/2665.npy
fake_feature/2666.npy,fake_label/2666.npy
fake_feature/2667.npy,fake_label/2667.npy
fake_feature/2668.npy,fake_label/2668.npy
fake_feature/2669.npy,fake_label/2669.npy
fake_feature/2670.npy,fake_label/2670.npy
fake_feature/2671.npy,fake_label/2671.npy
fake_feature/2672.npy,fake_label/2672.npy
fake_feature/2673.npy,fake_label/2673.npy
fake_feature/2674.npy,fake_label/2674.npy
fake_feature/2675.npy,fake_label/2675.npy
fake_feature/2676.npy,fake_label/2676.npy
fake_feature/2677.npy,fake_label/2677.npy
fake_feature/2678.npy,fake_label/2678.npy
fake_feature/2679.npy,fake_label/2679.npy
fake_feature/2680.npy,fake_label/2680.npy
fake_feature/2681.npy,fake_label/2681.npy
fake_feature/2682.npy,fake_label/2682.npy
fake_feature/2683.npy,fake_label/2683.npy
fake_feature/2684.npy,fake_label/2684.npy
fake_feature/2685.npy,fake_label/2685.npy
fake_feature/2686.npy,fake_label/2686.npy
fake_feature/2687.npy,fake_label/2687.npy
fake_feature/2688.npy,fake_label/2688.npy
fake_feature/2689.npy,fake_label/2689.npy
fake_feature/2690.npy,fake_label/2690.npy
fake_feature/2691.npy,fake_label/2691.npy
fake_feature/2692.npy,fake_label/2692.npy
fake_feature/2693.npy,fake_label/2693.npy
fake_feature/2694.npy,fake_label/2694.npy
fake_feature/2695.npy,fake_label/2695.npy
fake_feature/2696.npy,fake_label/2696.npy
fake_feature/2697.npy,fake_label/2697.npy
fake_feature/2698.npy,fake_label/2698.npy
fake_feature/2699.npy,fake_label/2699.npy
fake_feature/2700.npy,fake_label/2700.npy
fake_feature/2701.npy,fake_label/2701.npy
fake_feature/2702.npy,fake_label/2702.npy
fake_feature/2703.npy,fake_label/2703.npy
fake_feature/2704.npy,fake_label/2704.npy
fake_feature/2705.npy,fake_label/2705.npy
fake_feature/2706.npy,fake_label/2706.npy
fake_feature/2707.npy,fake_label/2707.npy
fake_feature/2708.npy,fake_label/2708.npy
fake_feature/2709.npy,fake_label/2709.npy
fake_feature/2710.npy,fake_label/2710.npy
fake_feature/2711.npy,fake_label/2711.npy
fake_feature/2712.npy,fake_label/2712.npy
fake_feature/2713.npy,fake_label/2713.npy
fake_feature/2714.npy,fake_label/2714.npy
fake_feature/2715.npy,fake_label/2715.npy
fake_feature/2716.npy,fake_label/2716.npy
fake_feature/2717.npy,fake_label/2717.npy
fake_feature/2718.npy,fake_label/2718.npy
fake_feature/2719.npy,fake_label/2719.npy
fake_feature/2720.npy,fake_label/2720.npy
fake_feature/2721.npy,fake_label/2721.npy
fake_feature/2722.npy,fake_label/2722.npy
fake_feature/2723.npy,fake_label/2723.npy
fake_feature/2724.npy,fake_label/2724.npy
fake_feature/2725.npy,fake_label/2725.npy
fake_feature/2726.npy,fake_label/2726.npy
fake_feature/2727.npy,fake_label/2727.npy
fake_feature/2728.npy,fake_label/2728.npy
fake_feature/2729.npy,fake_label/2729.npy
fake_feature/2730.npy,fake_label/2730.npy
fake_feature/2731.npy,fake_label/2731.npy
fake_feature/2732.npy,fake_label/2732.npy
fake_feature/2733.npy,fake_label/2733.npy
fake_feature/2734.npy,fake_label/2734.npy
fake_feature/2735.npy,fake_label/2735.npy
fake_feature/2736.npy,fake_label/2736.npy
fake_feature/2737.npy,fake_label/2737.npy
fake_feature/2738.npy,fake_label/2738.npy
fake_feature/2739.npy,fake_label/2739.npy
fake_feature/2740.npy,fake_label/2740.npy
fake_feature/2741.npy,fake_label/2741.npy
fake_feature/2742.npy,fake_label/2742.npy
fake_feature/2743.npy,fake_label/2743.npy
fake_feature/2744.npy,fake_label/2744.npy
fake_feature/2745.npy,fake_label/2745.npy
fake_feature/2746.npy,fake_label/2746.npy
fake_feature/2747.npy,fake_label/2747.npy
fake_feature/2748.npy,fake_label/2748.npy
fake_feature/2749.npy,fake_label/2749.npy
fake_feature/2750.npy,fake_label/2750.npy
fake_feature/2751.npy,fake_label/2751.npy
fake_feature/2752.npy,fake_label/2752.npy
fake_feature/2753.npy,fake_label/2753.npy
fake_feature/2754.npy,fake_label/2754.npy
fake_feature/2755.npy,fake_label/2755.npy
fake_feature/2756.npy,fake_label/2756.npy
fake_feature/2757.npy,fake_label/2757.npy
fake_feature/2758.npy,fake_label/2758.npy
fake_feature/2759.npy,fake_label/2759.npy
fake_feature/2760.npy,fake_label/2760.npy
fake_feature/2761.npy,fake_label/2761.npy
fake_feature/2762.npy,fake_label/2762.npy
fake_feature/2763.npy,fake_label/2763.npy
fake_feature/2764.npy,fake_label/2764.npy
fake_feature/2765.npy,fake_label/2765.npy
fake_feature/2766.npy,fake_label/2766.npy
fake_feature/2767.npy,fake_label/2767.npy
fake_feature/2768.npy,fake_label/2768.npy
fake_feature/2769.npy,fake_label/2769.npy
fake_feature/2770.npy,fake_label/2770.npy
fake_feature/2771.npy,fake_label/2771.npy
fake_feature/2772.npy,fake_label/2772.npy
fake_feature/2773.npy,fake_label/2773.npy
fake_feature/2774.npy,fake_label/2774.npy
fake_feature/2775.npy,fake_label/2775.npy
fake_feature/2776.npy,fake_label/2776.npy
fake_feature/2777.npy,fake_label/2777.npy
fake_feature/2778.npy,fake_label/2778.npy
fake_feature/2779.npy,fake_label/2779.npy
fake_feature/2780.npy,fake_label/2780.npy
fake_feature/2781.npy,fake_label/2781.npy
fake_feature/2782.npy,fake_label/2782.npy
fake_feature/2783.npy,fake_label/2783.npy
fake_feature/2784.npy,fake_label/2784.npy
fake_feature/2785.npy,fake_label/2785.npy
fake_feature/2786.npy,fake_label/2786.npy
fake_feature/2787.npy,fake_label/2787.npy
fake_feature/2788.npy,fake_label/2788.npy
fake_feature/2789.npy,fake_label/2789.npy
fake_feature/2790.npy,fake_label/2790.npy
fake_feature/2791.npy,fake_label/2791.npy
fake_feature/2792.npy,fake_label/2792.npy
fake_feature/2793.npy,fake_label/2793.npy
fake_feature/2794.npy,fake_label/2794.npy
fake_feature/2795.npy,fake_label/2795.npy
fake_feature/2796.npy,fake_label/2796.npy
fake_feature/2797.npy,fake_label/2797.npy
fake_feature/2798.npy,fake_label/2798.npy
fake_feature/2799.npy,fake_label/2799.npy
fake_feature/2800.npy,fake_label/2800.npy
fake_feature/2801.npy,fake_label/2801.npy
fake_feature/2802.npy,fake_label/2802.npy
fake_feature/2803.npy,fake_label/2803.npy
fake_feature/2804.npy,fake_label/2804.npy
fake_feature/2805.npy,fake_label/2805.npy
fake_feature/2806.npy,fake_label/2806.npy
fake_feature/2807.npy,fake_label/2807.npy
fake_feature/2808.npy,fake_label/2808.npy
fake_feature/2809.npy,fake_label/2809.npy
fake_feature/2810.npy,fake_label/2810.npy
fake_feature/2811.npy,fake_label/2811.npy
fake_feature/2812.npy,fake_label/2812.npy
fake_feature/2813.npy,fake_label/2813.npy
fake_feature/2814.npy,fake_label/2814.npy
fake_feature/2815.npy,fake_label/2815.npy
fake_feature/2816.npy,fake_label/2816.npy
fake_feature/2817.npy,fake_label/2817.npy
fake_feature/2818.npy,fake_label/2818.npy
fake_feature/2819.npy,fake_label/2819.npy
fake_feature/2820.npy,fake_label/2820.npy
fake_feature/2821.npy,fake_label/2821.npy
fake_feature/2822.npy,fake_label/2822.npy
fake_feature/2823.npy,fake_label/2823.npy
fake_feature/2824.npy,fake_label/2824.npy
fake_feature/2825.npy,fake_label/2825.npy
fake_feature/2826.npy,fake_label/2826.npy
fake_feature/2827.npy,fake_label/2827.npy
fake_feature/2828.npy,fake_label/2828.npy
fake_feature/2829.npy,fake_label/2829.npy
fake_feature/2830.npy,fake_label/2830.npy
fake_feature/2831.npy,fake_label/2831.npy
fake_feature/2832.npy,fake_label/2832.npy
fake_feature/2833.npy,fake_label/2833.npy
fake_feature/2834.npy,fake_label/2834.npy
fake_feature/2835.npy,fake_label/2835.npy
fake_feature/2836.npy,fake_label/2836.npy
fake_feature/2837.npy,fake_label/2837.npy
fake_feature/2838.npy,fake_label/2838.npy
fake_feature/2839.npy,fake_label/2839.npy
fake_feature/2840.npy,fake_label/2840.npy
fake_feature/2841.npy,fake_label/2841.npy
fake_feature/2842.npy,fake_label/2842.npy
fake_feature/2843.npy,fake_label/2843.npy
fake_feature/2844.npy,fake_label/2844.npy
fake_feature/2845.npy,fake_label/2845.npy
fake_feature/2846.npy,fake_label/2846.npy
fake_feature/2847.npy,fake_label/2847.npy
fake_feature/2848.npy,fake_label/2848.npy
fake_feature/2849.npy,fake_label/2849.npy
fake_feature/2850.npy,fake_label/2850.npy
fake_feature/2851.npy,fake_label/2851.npy
fake_feature/2852.npy,fake_label/2852.npy
fake_feature/2853.npy,fake_label/2853.npy
fake_feature/2854.npy,fake_label/2854.npy
fake_feature/2855.npy,fake_label/2855.npy
fake_feature/2856.npy,fake_label/2856.npy
fake_feature/2857.npy,fake_label/2857.npy
fake_feature/2858.npy,fake_label/2858.npy
fake_feature/2859.npy,fake_label/2859.npy
fake_feature/2860.npy,fake_label/2860.npy
fake_feature/2861.npy,fake_label/2861.npy
fake_feature/2862.npy,fake_label/2862.npy
fake_feature/2863.npy,fake_label/2863.npy
fake_feature/2864.npy,fake_label/2864.npy
fake_feature/2865.npy,fake_label/2865.npy
fake_feature/2866.npy,fake_label/2866.npy
fake_feature/2867.npy,fake_label/2867.npy
fake_feature/2868.npy,fake_label/2868.npy
fake_feature/2869.npy,fake_label/2869.npy
fake_feature/2870.npy,fake_label/2870.npy
fake_feature/2871.npy,fake_label/2871.npy
fake_feature/2872.npy,fake_label/2872.npy
fake_feature/2873.npy,fake_label/2873.npy
fake_feature/2874.npy,fake_label/2874.npy
fake_feature/2875.npy,fake_label/2875.npy
fake_feature/2876.npy,fake_label/2876.npy
fake_feature/2877.npy,fake_label/2877.npy
fake_feature/2878.npy,fake_label/2878.npy
fake_feature/2879.npy,fake_label/2879.npy
fake_feature/2880.npy,fake_label/2880.npy
fake_feature/2881.npy,fake_label/2881.npy
fake_feature/2882.npy,fake_label/2882.npy
fake_feature/2883.npy,fake_label/2883.npy
fake_feature/2884.npy,fake_label/2884.npy
fake_feature/2885.npy,fake_label/2885.npy
fake_feature/2886.npy,fake_label/2886.npy
fake_feature/2887.npy,fake_label/2887.npy
fake_feature/2888.npy,fake_label/2888.npy
fake_feature/2889.npy,fake_label/2889.npy
fake_feature/2890.npy,fake_label/2890.npy
fake_feature/2891.npy,fake_label/2891.npy
fake_feature/2892.npy,fake_label/2892.npy
fake_feature/2893.npy,fake_label/2893.npy
fake_feature/2894.npy,fake_label/2894.npy
fake_feature/2895.npy,fake_label/2895.npy
fake_feature/2896.npy,fake_label/2896.npy
fake_feature/2897.npy,fake_label/2897.npy
fake_feature/2898.npy,fake_label/2898.npy
fake_feature/2899.npy,fake_label/2899.npy
fake_feature/2900.npy,fake_label/2900.npy
fake_feature/2901.npy,fake_label/2901.npy
fake_feature/2902.npy,fake_label/2902.npy
fake_feature/2903.npy,fake_label/2903.npy
fake_feature/2904.npy,fake_label/2904.npy
fake_feature/2905.npy,fake_label/2905.npy
fake_feature/2906.npy,fake_label/2906.npy
fake_feature/2907.npy,fake_label/2907.npy
fake_feature/2908.npy,fake_label/2908.npy
fake_feature/2909.npy,fake_label/2909.npy
fake_feature/2910.npy,fake_label/2910.npy
fake_feature/2911.npy,fake_label/2911.npy
fake_feature/2912.npy,fake_label/2912.npy
fake_feature/2913.npy,fake_label/2913.npy
fake_feature/2914.npy,fake_label/2914.npy
fake_feature/2915.npy,fake_label/2915.npy
fake_feature/2916.npy,fake_label/2916.npy
fake_feature/2917.npy,fake_label/2917.npy
fake_feature/2918.npy,fake_label/2918.npy
fake_feature/2919.npy,fake_label/2919.npy
fake_feature/2920.npy,fake_label/2920.npy
fake_feature/2921.npy,fake_label/2921.npy
fake_feature/2922.npy,fake_label/2922.npy
fake_feature/2923.npy,fake_label/2923.npy
fake_feature/2924.npy,fake_label/2924.npy
fake_feature/2925.npy,fake_label/2925.npy
fake_feature/2926.npy,fake_label/2926.npy
fake_feature/2927.npy,fake_label/2927.npy
fake_feature/2928.npy,fake_label/2928.npy
fake_feature/2929.npy,fake_label/2929.npy
fake_feature/2930.npy,fake_label/2930.npy
fake_feature/2931.npy,fake_label/2931.npy
fake_feature/2932.npy,fake_label/2932.npy
fake_feature/2933.npy,fake_label/2933.npy
fake_feature/2934.npy,fake_label/2934.npy
fake_feature/2935.npy,fake_label/2935.npy
fake_feature/2936.npy,fake_label/2936.npy
fake_feature/2937.npy,fake_label/2937.npy
fake_feature/2938.npy,fake_label/2938.npy
fake_feature/2939.npy,fake_label/2939.npy
fake_feature/2940.npy,fake_label/2940.npy
fake_feature/2941.npy,fake_label/2941.npy
fake_feature/2942.npy,fake_label/2942.npy
fake_feature/2943.npy,fake_label/2943.npy
fake_feature/2944.npy,fake_label/2944.npy
fake_feature/2945.npy,fake_label/2945.npy
fake_feature/2946.npy,fake_label/2946.npy
fake_feature/2947.npy,fake_label/2947.npy
fake_feature/2948.npy,fake_label/2948.npy
fake_feature/2949.npy,fake_label/2949.npy
fake_feature/2950.npy,fake_label/2950.npy
fake_feature/2951.npy,fake_label/2951.npy
fake_feature/2952.npy,fake_label/2952.npy
fake_feature/2953.npy,fake_label/2953.npy
fake_feature/2954.npy,fake_label/2954.npy
fake_feature/2955.npy,fake_label/2955.npy
fake_feature/2956.npy,fake_label/2956.npy
fake_feature/2957.npy,fake_label/2957.npy
fake_feature/2958.npy,fake_label/2958.npy
fake_feature/2959.npy,fake_label/2959.npy
fake_feature/2960.npy,fake_label/2960.npy
fake_feature/2961.npy,fake_label/2961.npy
fake_feature/2962.npy,fake_label/2962.npy
fake_feature/2963.npy,fake_label/2963.npy
fake_feature/2964.npy,fake_label/2964.npy
fake_feature/2965.npy,fake_label/2965.npy
fake_feature/2966.npy,fake_label/2966.npy
fake_feature/2967.npy,fake_label/2967.npy
fake_feature/2968.npy,fake_label/2968.npy
fake_feature/2969.npy,fake_label/2969.npy
fake_feature/2970.npy,fake_label/2970.npy
fake_feature/2971.npy,fake_label/2971.npy
fake_feature/2972.npy,fake_label/2972.npy
fake_feature/2973.npy,fake_label/2973.npy
fake_feature/2974.npy,fake_label/2974.npy
fake_feature/2975.npy,fake_label/2975.npy
fake_feature/2976.npy,fake_label/2976.npy
fake_feature/2977.npy,fake_label/2977.npy
fake_feature/2978.npy,fake_label/2978.npy
fake_feature/2979.npy,fake_label/2979.npy
fake_feature/2980.npy,fake_label/2980.npy
fake_feature/2981.npy,fake_label/2981.npy
fake_feature/2982.npy,fake_label/2982.npy
fake_feature/2983.npy,fake_label/2983.npy
fake_feature/2984.npy,fake_label/2984.npy
fake_feature/2985.npy,fake_label/2985.npy
fake_feature/2986.npy,fake_label/2986.npy
fake_feature/2987.npy,fake_label/2987.npy
fake_feature/2988.npy,fake_label/2988.npy
fake_feature/2989.npy,fake_label/2989.npy
fake_feature/2990.npy,fake_label/2990.npy
fake_feature/2991.npy,fake_label/2991.npy
fake_feature/2992.npy,fake_label/2992.npy
fake_feature/2993.npy,fake_label/2993.npy
fake_feature/2994.npy,fake_label/2994.npy
fake_feature/2995.npy,fake_label/2995.npy
fake_feature/2996.npy,fake_label/2996.npy
fake_feature/2997.npy,fake_label/2997.npy
fake_feature/2998.npy,fake_label/2998.npy
fake_feature/2999.npy,fake_label/2999.npy
fake_feature/3000.npy,fake_label/3000.npy
fake_feature/3001.npy,fake_label/3001.npy
fake_feature/3002.npy,fake_label/3002.npy
fake_feature/3003.npy,fake_label/3003.npy
fake_feature/3004.npy,fake_label/3004.npy
fake_feature/3005.npy,fake_label/3005.npy
fake_feature/3006.npy,fake_label/3006.npy
fake_feature/3007.npy,fake_label/3007.npy
fake_feature/3008.npy,fake_label/3008.npy
fake_feature/3009.npy,fake_label/3009.npy
fake_feature/3010.npy,fake_label/3010.npy
fake_feature/3011.npy,fake_label/3011.npy
fake_feature/3012.npy,fake_label/3012.npy
fake_feature/3013.npy,fake_label/3013.npy
fake_feature/3014.npy,fake_label/3014.npy
fake_feature/3015.npy,fake_label/3015.npy
fake_feature/3016.npy,fake_label/3016.npy
fake_feature/3017.npy,fake_label/3017.npy
fake_feature/3018.npy,fake_label/3018.npy
fake_feature/3019.npy,fake_label/3019.npy
fake_feature/3020.npy,fake_label/3020.npy
fake_feature/3021.npy,fake_label/3021.npy
fake_feature/3022.npy,fake_label/3022.npy
fake_feature/3023.npy,fake_label/3023.npy
fake_feature/3024.npy,fake_label/3024.npy
fake_feature/3025.npy,fake_label/3025.npy
fake_feature/3026.npy,fake_label/3026.npy
fake_feature/3027.npy,fake_label/3027.npy
fake_feature/3028.npy,fake_label/3028.npy
fake_feature/3029.npy,fake_label/3029.npy
fake_feature/3030.npy,fake_label/3030.npy
fake_feature/3031.npy,fake_label/3031.npy
fake_feature/3032.npy,fake_label/3032.npy
fake_feature/3033.npy,fake_label/3033.npy
fake_feature/3034.npy,fake_label/3034.npy
fake_feature/3035.npy,fake_label/3035.npy
fake_feature/3036.npy,fake_label/3036.npy
fake_feature/3037.npy,fake_label/3037.npy
fake_feature/3038.npy,fake_label/3038.npy
fake_feature/3039.npy,fake_label/3039.npy
fake_feature/3040.npy,fake_label/3040.npy
fake_feature/3041.npy,fake_label/3041.npy
fake_feature/3042.npy,fake_label/3042.npy
fake_feature/3043.npy,fake_label/3043.npy
fake_feature/3044.npy,fake_label/3044.npy
fake_feature/3045.npy,fake_label/3045.npy
fake_feature/3046.npy,fake_label/3046.npy
fake_feature/3047.npy,fake_label/3047.npy
fake_feature/3048.npy,fake_label/3048.npy
fake_feature/3049.npy,fake_label/3049.npy
fake_feature/3050.npy,fake_label/3050.npy
fake_feature/3051.npy,fake_label/3051.npy
fake_feature/3052.npy,fake_label/3052.npy
fake_feature/3053.npy,fake_label/3053.npy
fake_feature/3054.npy,fake_label/3054.npy
fake_feature/3055.npy,fake_label/3055.npy
fake_feature/3056.npy,fake_label/3056.npy
fake_feature/3057.npy,fake_label/3057.npy
fake_feature/3058.npy,fake_label/3058.npy
fake_feature/3059.npy,fake_label/3059.npy
fake_feature/3060.npy,fake_label/3060.npy
fake_feature/3061.npy,fake_label/3061.npy
fake_feature/3062.npy,fake_label/3062.npy
fake_feature/3063.npy,fake_label/3063.npy
fake_feature/3064.npy,fake_label/3064.npy
fake_feature/3065.npy,fake_label/3065.npy
fake_feature/3066.npy,fake_label/3066.npy
fake_feature/3067.npy,fake_label/3067.npy
fake_feature/3068.npy,fake_label/3068.npy
fake_feature/3069.npy,fake_label/3069.npy
fake_feature/3070.npy,fake_label/3070.npy
fake_feature/3071.npy,fake_label/3071.npy
fake_feature/3072.npy,fake_label/3072.npy
fake_feature/3073.npy,fake_label/3073.npy
fake_feature/3074.npy,fake_label/3074.npy
fake_feature/3075.npy,fake_label/3075.npy
fake_feature/3076.npy,fake_label/3076.npy
fake_feature/3077.npy,fake_label/3077.npy
fake_feature/3078.npy,fake_label/3078.npy
fake_feature/3079.npy,fake_label/3079.npy
fake_feature/3080.npy,fake_label/3080.npy
fake_feature/3081.npy,fake_label/3081.npy
fake_feature/3082.npy,fake_label/3082.npy
fake_feature/3083.npy,fake_label/3083.npy
fake_feature/3084.npy,fake_label/3084.npy
fake_feature/3085.npy,fake_label/3085.npy
fake_feature/3086.npy,fake_label/3086.npy
fake_feature/3087.npy,fake_label/3087.npy
fake_feature/3088.npy,fake_label/3088.npy
fake_feature/3089.npy,fake_label/3089.npy
fake_feature/3090.npy,fake_label/3090.npy
fake_feature/3091.npy,fake_label/3091.npy
fake_feature/3092.npy,fake_label/3092.npy
fake_feature/3093.npy,fake_label/3093.npy
fake_feature/3094.npy,fake_label/3094.npy
fake_feature/3095.npy,fake_label/3095.npy
fake_feature/3096.npy,fake_label/3096.npy
fake_feature/3097.npy,fake_label/3097.npy
fake_feature/3098.npy,fake_label/3098.npy
fake_feature/3099.npy,fake_label/3099.npy
fake_feature/3100.npy,fake_label/3100.npy
fake_feature/3101.npy,fake_label/3101.npy
fake_feature/3102.npy,fake_label/3102.npy
fake_feature/3103.npy,fake_label/3103.npy
fake_feature/3104.npy,fake_label/3104.npy
fake_feature/3105.npy,fake_label/3105.npy
fake_feature/3106.npy,fake_label/3106.npy
fake_feature/3107.npy,fake_label/3107.npy
fake_feature/3108.npy,fake_label/3108.npy
fake_feature/3109.npy,fake_label/3109.npy
fake_feature/3110.npy,fake_label/3110.npy
fake_feature/3111.npy,fake_label/3111.npy
fake_feature/3112.npy,fake_label/3112.npy
fake_feature/3113.npy,fake_label/3113.npy
fake_feature/3114.npy,fake_label/3114.npy
fake_feature/3115.npy,fake_label/3115.npy
fake_feature/3116.npy,fake_label/3116.npy
fake_feature/3117.npy,fake_label/3117.npy
fake_feature/3118.npy,fake_label/3118.npy
fake_feature/3119.npy,fake_label/3119.npy
fake_feature/3120.npy,fake_label/3120.npy
fake_feature/3121.npy,fake_label/3121.npy
fake_feature/3122.npy,fake_label/3122.npy
fake_feature/3123.npy,fake_label/3123.npy
fake_feature/3124.npy,fake_label/3124.npy
fake_feature/3125.npy,fake_label/3125.npy
fake_feature/3126.npy,fake_label/3126.npy
fake_feature/3127.npy,fake_label/3127.npy
fake_feature/3128.npy,fake_label/3128.npy
fake_feature/3129.npy,fake_label/3129.npy
fake_feature/3130.npy,fake_label/3130.npy
fake_feature/3131.npy,fake_label/3131.npy
fake_feature/3132.npy,fake_label/3132.npy
fake_feature/3133.npy,fake_label/3133.npy
fake_feature/3134.npy,fake_label/3134.npy
fake_feature/3135.npy,fake_label/3135.npy
fake_feature/3136.npy,fake_label/3136.npy
fake_feature/3137.npy,fake_label/3137.npy
fake_feature/3138.npy,fake_label/3138.npy
fake_feature/3139.npy,fake_label/3139.npy
fake_feature/3140.npy,fake_label/3140.npy
fake_feature/3141.npy,fake_label/3141.npy
fake_feature/3142.npy,fake_label/3142.npy
fake_feature/3143.npy,fake_label/3143.npy
fake_feature/3144.npy,fake_label/3144.npy
fake_feature/3145.npy,fake_label/3145.npy
fake_feature/3146.npy,fake_label/3146.npy
fake_feature/3147.npy,fake_label/3147.npy
fake_feature/3148.npy,fake_label/3148.npy
fake_feature/3149.npy,fake_label/3149.npy
fake_feature/3150.npy,fake_label/3150.npy
fake_feature/3151.npy,fake_label/3151.npy
fake_feature/3152.npy,fake_label/3152.npy
fake_feature/3153.npy,fake_label/3153.npy
fake_feature/3154.npy,fake_label/3154.npy
fake_feature/3155.npy,fake_label/3155.npy
fake_feature/3156.npy,fake_label/3156.npy
fake_feature/3157.npy,fake_label/3157.npy
fake_feature/3158.npy,fake_label/3158.npy
fake_feature/3159.npy,fake_label/3159.npy
fake_feature/3160.npy,fake_label/3160.npy
fake_feature/3161.npy,fake_label/3161.npy
fake_feature/3162.npy,fake_label/3162.npy
fake_feature/3163.npy,fake_label/3163.npy
fake_feature/3164.npy,fake_label/3164.npy
fake_feature/3165.npy,fake_label/3165.npy
fake_feature/3166.npy,fake_label/3166.npy
fake_feature/3167.npy,fake_label/3167.npy
fake_feature/3168.npy,fake_label/3168.npy
fake_feature/3169.npy,fake_label/3169.npy
fake_feature/3170.npy,fake_label/3170.npy
fake_feature/3171.npy,fake_label/3171.npy
fake_feature/3172.npy,fake_label/3172.npy
fake_feature/3173.npy,fake_label/3173.npy
fake_feature/3174.npy,fake_label/3174.npy
fake_feature/3175.npy,fake_label/3175.npy
fake_feature/3176.npy,fake_label/3176.npy
fake_feature/3177.npy,fake_label/3177.npy
fake_feature/3178.npy,fake_label/3178.npy
fake_feature/3179.npy,fake_label/3179.npy
fake_feature/3180.npy,fake_label/3180.npy
fake_feature/3181.npy,fake_label/3181.npy
fake_feature/3182.npy,fake_label/3182.npy
fake_feature/3183.npy,fake_label/3183.npy
fake_feature/3184.npy,fake_label/3184.npy
fake_feature/3185.npy,fake_label/3185.npy
fake_feature/3186.npy,fake_label/3186.npy
fake_feature/3187.npy,fake_label/3187.npy
fake_feature/3188.npy,fake_label/3188.npy
fake_feature/3189.npy,fake_label/3189.npy
fake_feature/3190.npy,fake_label/3190.npy
fake_feature/3191.npy,fake_label/3191.npy
fake_feature/3192.npy,fake_label/3192.npy
fake_feature/3193.npy,fake_label/3193.npy
fake_feature/3194.npy,fake_label/3194.npy
fake_feature/3195.npy,fake_label/3195.npy
fake_feature/3196.npy,fake_label/3196.npy
fake_feature/3197.npy,fake_label/3197.npy
fake_feature/3198.npy,fake_label/3198.npy
fake_feature/3199.npy,fake_label/3199.npy
fake_feature/3200.npy,fake_label/3200.npy
fake_feature/3201.npy,fake_label/3201.npy
fake_feature/3202.npy,fake_label/3202.npy
fake_feature/3203.npy,fake_label/3203.npy
fake_feature/3204.npy,fake_label/3204.npy
fake_feature/3205.npy,fake_label/3205.npy
fake_feature/3206.npy,fake_label/3206.npy
fake_feature/3207.npy,fake_label/3207.npy
fake_feature/3208.npy,fake_label/3208.npy
fake_feature/3209.npy,fake_label/3209.npy
fake_feature/3210.npy,fake_label/3210.npy
fake_feature/3211.npy,fake_label/3211.npy
fake_feature/3212.npy,fake_label/3212.npy
fake_feature/3213.npy,fake_label/3213.npy
fake_feature/3214.npy,fake_label/3214.npy
fake_feature/3215.npy,fake_label/3215.npy
fake_feature/3216.npy,fake_label/3216.npy
fake_feature/3217.npy,fake_label/3217.npy
fake_feature/3218.npy,fake_label/3218.npy
fake_feature/3219.npy,fake_label/3219.npy
fake_feature/3220.npy,fake_label/3220.npy
fake_feature/3221.npy,fake_label/3221.npy
fake_feature/3222.npy,fake_label/3222.npy
fake_feature/3223.npy,fake_label/3223.npy
fake_feature/3224.npy,fake_label/3224.npy
fake_feature/3225.npy,fake_label/3225.npy
fake_feature/3226.npy,fake_label/3226.npy
fake_feature/3227.npy,fake_label/3227.npy
fake_feature/3228.npy,fake_label/3228.npy
fake_feature/3229.npy,fake_label/3229.npy
fake_feature/3230.npy,fake_label/3230.npy
fake_feature/3231.npy,fake_label/3231.npy
fake_feature/3232.npy,fake_label/3232.npy
fake_feature/3233.npy,fake_label/3233.npy
fake_feature/3234.npy,fake_label/3234.npy
fake_feature/3235.npy,fake_label/3235.npy
fake_feature/3236.npy,fake_label/3236.npy
fake_feature/3237.npy,fake_label/3237.npy
fake_feature/3238.npy,fake_label/3238.npy
fake_feature/3239.npy,fake_label/3239.npy
fake_feature/3240.npy,fake_label/3240.npy
fake_feature/3241.npy,fake_label/3241.npy
fake_feature/3242.npy,fake_label/3242.npy
fake_feature/3243.npy,fake_label/3243.npy
fake_feature/3244.npy,fake_label/3244.npy
fake_feature/3245.npy,fake_label/3245.npy
fake_feature/3246.npy,fake_label/3246.npy
fake_feature/3247.npy,fake_label/3247.npy
fake_feature/3248.npy,fake_label/3248.npy
fake_feature/3249.npy,fake_label/3249.npy
fake_feature/3250.npy,fake_label/3250.npy
fake_feature/3251.npy,fake_label/3251.npy
fake_feature/3252.npy,fake_label/3252.npy
fake_feature/3253.npy,fake_label/3253.npy
fake_feature/3254.npy,fake_label/3254.npy
fake_feature/3255.npy,fake_label/3255.npy
fake_feature/3256.npy,fake_label/3256.npy
fake_feature/3257.npy,fake_label/3257.npy
fake_feature/3258.npy,fake_label/3258.npy
fake_feature/3259.npy,fake_label/3259.npy
fake_feature/3260.npy,fake_label/3260.npy
fake_feature/3261.npy,fake_label/3261.npy
fake_feature/3262.npy,fake_label/3262.npy
fake_feature/3263.npy,fake_label/3263.npy
fake_feature/3264.npy,fake_label/3264.npy
fake_feature/3265.npy,fake_label/3265.npy
fake_feature/3266.npy,fake_label/3266.npy
fake_feature/3267.npy,fake_label/3267.npy
fake_feature/3268.npy,fake_label/3268.npy
fake_feature/3269.npy,fake_label/3269.npy
fake_feature/3270.npy,fake_label/3270.npy
fake_feature/3271.npy,fake_label/3271.npy
fake_feature/3272.npy,fake_label/3272.npy
fake_feature/3273.npy,fake_label/3273.npy
fake_feature/3274.npy,fake_label/3274.npy
fake_feature/3275.npy,fake_label/3275.npy
fake_feature/3276.npy,fake_label/3276.npy
fake_feature/3277.npy,fake_label/3277.npy
fake_feature/3278.npy,fake_label/3278.npy
fake_feature/3279.npy,fake_label/3279.npy
fake_feature/3280.npy,fake_label/3280.npy
fake_feature/3281.npy,fake_label/3281.npy
fake_feature/3282.npy,fake_label/3282.npy
fake_feature/3283.npy,fake_label/3283.npy
fake_feature/3284.npy,fake_label/3284.npy
fake_feature/3285.npy,fake_label/3285.npy
fake_feature/3286.npy,fake_label/3286.npy
fake_feature/3287.npy,fake_label/3287.npy
fake_feature/3288.npy,fake_label/3288.npy
fake_feature/3289.npy,fake_label/3289.npy
fake_feature/3290.npy,fake_label/3290.npy
fake_feature/3291.npy,fake_label/3291.npy
fake_feature/3292.npy,fake_label/3292.npy
fake_feature/3293.npy,fake_label/3293.npy
fake_feature/3294.npy,fake_label/3294.npy
fake_feature/3295.npy,fake_label/3295.npy
fake_feature/3296.npy,fake_label/3296.npy
fake_feature/3297.npy,fake_label/3297.npy
fake_feature/3298.npy,fake_label/3298.npy
fake_feature/3299.npy,fake_label/3299.npy
fake_feature/3300.npy,fake_label/3300.npy
fake_feature/3301.npy,fake_label/3301.npy
fake_feature/3302.npy,fake_label/3302.npy
fake_feature/3303.npy,fake_label/3303.npy
fake_feature/3304.npy,fake_label/3304.npy
fake_feature/3305.npy,fake_label/3305.npy
fake_feature/3306.npy,fake_label/3306.npy
fake_feature/3307.npy,fake_label/3307.npy
fake_feature/3308.npy,fake_label/3308.npy
fake_feature/3309.npy,fake_label/3309.npy
fake_feature/3310.npy,fake_label/3310.npy
fake_feature/3311.npy,fake_label/3311.npy
fake_feature/3312.npy,fake_label/3312.npy
fake_feature/3313.npy,fake_label/3313.npy
fake_feature/3314.npy,fake_label/3314.npy
fake_feature/3315.npy,fake_label/3315.npy
fake_feature/3316.npy,fake_label/3316.npy
fake_feature/3317.npy,fake_label/3317.npy
fake_feature/3318.npy,fake_label/3318.npy
fake_feature/3319.npy,fake_label/3319.npy
fake_feature/3320.npy,fake_label/3320.npy
fake_feature/3321.npy,fake_label/3321.npy
fake_feature/3322.npy,fake_label/3322.npy
fake_feature/3323.npy,fake_label/3323.npy
fake_feature/3324.npy,fake_label/3324.npy
fake_feature/3325.npy,fake_label/3325.npy
fake_feature/3326.npy,fake_label/3326.npy
fake_feature/3327.npy,fake_label/3327.npy
fake_feature/3328.npy,fake_label/3328.npy
fake_feature/3329.npy,fake_label/3329.npy
fake_feature/3330.npy,fake_label/3330.npy
fake_feature/3331.npy,fake_label/3331.npy
fake_feature/3332.npy,fake_label/3332.npy
fake_feature/3333.npy,fake_label/3333.npy
fake_feature/3334.npy,fake_label/3334.npy
fake_feature/3335.npy,fake_label/3335.npy
fake_feature/3336.npy,fake_label/3336.npy
fake_feature/3337.npy,fake_label/3337.npy
fake_feature/3338.npy,fake_label/3338.npy
fake_feature/3339.npy,fake_label/3339.npy
fake_feature/3340.npy,fake_label/3340.npy
fake_feature/3341.npy,fake_label/3341.npy
fake_feature/3342.npy,fake_label/3342.npy
fake_feature/3343.npy,fake_label/3343.npy
fake_feature/3344.npy,fake_label/3344.npy
fake_feature/3345.npy,fake_label/3345.npy
fake_feature/3346.npy,fake_label/3346.npy
fake_feature/3347.npy,fake_label/3347.npy
fake_feature/3348.npy,fake_label/3348.npy
fake_feature/3349.npy,fake_label/3349.npy
fake_feature/3350.npy,fake_label/3350.npy
fake_feature/3351.npy,fake_label/3351.npy
fake_feature/3352.npy,fake_label/3352.npy
fake_feature/3353.npy,fake_label/3353.npy
fake_feature/3354.npy,fake_label/3354.npy
fake_feature/3355.npy,fake_label/3355.npy
fake_feature/3356.npy,fake_label/3356.npy
fake_feature/3357.npy,fake_label/3357.npy
fake_feature/3358.npy,fake_label/3358.npy
fake_feature/3359.npy,fake_label/3359.npy
fake_feature/3360.npy,fake_label/3360.npy
fake_feature/3361.npy,fake_label/3361.npy
fake_feature/3362.npy,fake_label/3362.npy
fake_feature/3363.npy,fake_label/3363.npy
fake_feature/3364.npy,fake_label/3364.npy
fake_feature/3365.npy,fake_label/3365.npy
fake_feature/3366.npy,fake_label/3366.npy
fake_feature/3367.npy,fake_label/3367.npy
fake_feature/3368.npy,fake_label/3368.npy
fake_feature/3369.npy,fake_label/3369.npy
fake_feature/3370.npy,fake_label/3370.npy
fake_feature/3371.npy,fake_label/3371.npy
fake_feature/3372.npy,fake_label/3372.npy
fake_feature/3373.npy,fake_label/3373.npy
fake_feature/3374.npy,fake_label/3374.npy
fake_feature/3375.npy,fake_label/3375.npy
fake_feature/3376.npy,fake_label/3376.npy
fake_feature/3377.npy,fake_label/3377.npy
fake_feature/3378.npy,fake_label/3378.npy
fake_feature/3379.npy,fake_label/3379.npy
fake_feature/3380.npy,fake_label/3380.npy
fake_feature/3381.npy,fake_label/3381.npy
fake_feature/3382.npy,fake_label/3382.npy
fake_feature/3383.npy,fake_label/3383.npy
fake_feature/3384.npy,fake_label/3384.npy
fake_feature/3385.npy,fake_label/3385.npy
fake_feature/3386.npy,fake_label/3386.npy
fake_feature/3387.npy,fake_label/3387.npy
fake_feature/3388.npy,fake_label/3388.npy
fake_feature/3389.npy,fake_label/3389.npy
fake_feature/3390.npy,fake_label/3390.npy
fake_feature/3391.npy,fake_label/3391.npy
fake_feature/3392.npy,fake_label/3392.npy
fake_feature/3393.npy,fake_label/3393.npy
fake_feature/3394.npy,fake_label/3394.npy
fake_feature/3395.npy,fake_label/3395.npy
fake_feature/3396.npy,fake_label/3396.npy
fake_feature/3397.npy,fake_label/3397.npy
fake_feature/3398.npy,fake_label/3398.npy
fake_feature/3399.npy,fake_label/3399.npy
fake_feature/3400.npy,fake_label/3400.npy
fake_feature/3401.npy,fake_label/3401.npy
fake_feature/3402.npy,fake_label/3402.npy
fake_feature/3403.npy,fake_label/3403.npy
fake_feature/3404.npy,fake_label/3404.npy
fake_feature/3405.npy,fake_label/3405.npy
fake_feature/3406.npy,fake_label/3406.npy
fake_feature/3407.npy,fake_label/3407.npy
fake_feature/3408.npy,fake_label/3408.npy
fake_feature/3409.npy,fake_label/3409.npy
fake_feature/3410.npy,fake_label/3410.npy
fake_feature/3411.npy,fake_label/3411.npy
fake_feature/3412.npy,fake_label/3412.npy
fake_feature/3413.npy,fake_label/3413.npy
fake_feature/3414.npy,fake_label/3414.npy
fake_feature/3415.npy,fake_label/3415.npy
fake_feature/3416.npy,fake_label/3416.npy
fake_feature/3417.npy,fake_label/3417.npy
fake_feature/3418.npy,fake_label/3418.npy
fake_feature/3419.npy,fake_label/3419.npy
fake_feature/3420.npy,fake_label/3420.npy
fake_feature/3421.npy,fake_label/3421.npy
fake_feature/3422.npy,fake_label/3422.npy
fake_feature/3423.npy,fake_label/3423.npy
fake_feature/3424.npy,fake_label/3424.npy
fake_feature/3425.npy,fake_label/3425.npy
fake_feature/3426.npy,fake_label/3426.npy
fake_feature/3427.npy,fake_label/3427.npy
fake_feature/3428.npy,fake_label/3428.npy
fake_feature/3429.npy,fake_label/3429.npy
fake_feature/3430.npy,fake_label/3430.npy
fake_feature/3431.npy,fake_label/3431.npy
fake_feature/3432.npy,fake_label/3432.npy
fake_feature/3433.npy,fake_label/3433.npy
fake_feature/3434.npy,fake_label/3434.npy
fake_feature/3435.npy,fake_label/3435.npy
fake_feature/3436.npy,fake_label/3436.npy
fake_feature/3437.npy,fake_label/3437.npy
fake_feature/3438.npy,fake_label/3438.npy
fake_feature/3439.npy,fake_label/3439.npy
fake_feature/3440.npy,fake_label/3440.npy
fake_feature/3441.npy,fake_label/3441.npy
fake_feature/3442.npy,fake_label/3442.npy
fake_feature/3443.npy,fake_label/3443.npy
fake_feature/3444.npy,fake_label/3444.npy
fake_feature/3445.npy,fake_label/3445.npy
fake_feature/3446.npy,fake_label/3446.npy
fake_feature/3447.npy,fake_label/3447.npy
fake_feature/3448.npy,fake_label/3448.npy
fake_feature/3449.npy,fake_label/3449.npy
fake_feature/3450.npy,fake_label/3450.npy
fake_feature/3451.npy,fake_label/3451.npy
fake_feature/3452.npy,fake_label/3452.npy
fake_feature/3453.npy,fake_label/3453.npy
fake_feature/3454.npy,fake_label/3454.npy
fake_feature/3455.npy,fake_label/3455.npy
fake_feature/3456.npy,fake_label/3456.npy
fake_feature/3457.npy,fake_label/3457.npy
fake_feature/3458.npy,fake_label/3458.npy
fake_feature/3459.npy,fake_label/3459.npy
fake_feature/3460.npy,fake_label/3460.npy
fake_feature/3461.npy,fake_label/3461.npy
fake_feature/3462.npy,fake_label/3462.npy
fake_feature/3463.npy,fake_label/3463.npy
fake_feature/3464.npy,fake_label/3464.npy
fake_feature/3465.npy,fake_label/3465.npy
fake_feature/3466.npy,fake_label/3466.npy
fake_feature/3467.npy,fake_label/3467.npy
fake_feature/3468.npy,fake_label/3468.npy
fake_feature/3469.npy,fake_label/3469.npy
fake_feature/3470.npy,fake_label/3470.npy
fake_feature/3471.npy,fake_label/3471.npy
fake_feature/3472.npy,fake_label/3472.npy
fake_feature/3473.npy,fake_label/3473.npy
fake_feature/3474.npy,fake_label/3474.npy
fake_feature/3475.npy,fake_label/3475.npy
fake_feature/3476.npy,fake_label/3476.npy
fake_feature/3477.npy,fake_label/3477.npy
fake_feature/3478.npy,fake_label/3478.npy
fake_feature/3479.npy,fake_label/3479.npy
fake_feature/3480.npy,fake_label/3480.npy
fake_feature/3481.npy,fake_label/3481.npy
fake_feature/3482.npy,fake_label/3482.npy
fake_feature/3483.npy,fake_label/3483.npy
fake_feature/3484.npy,fake_label/3484.npy
fake_feature/3485.npy,fake_label/3485.npy
fake_feature/3486.npy,fake_label/3486.npy
fake_feature/3487.npy,fake_label/3487.npy
fake_feature/3488.npy,fake_label/3488.npy
fake_feature/3489.npy,fake_label/3489.npy
fake_feature/3490.npy,fake_label/3490.npy
fake_feature/3491.npy,fake_label/3491.npy
fake_feature/3492.npy,fake_label/3492.npy
fake_feature/3493.npy,fake_label/3493.npy
fake_feature/3494.npy,fake_label/3494.npy
fake_feature/3495.npy,fake_label/3495.npy
fake_feature/3496.npy,fake_label/3496.npy
fake_feature/3497.npy,fake_label/3497.npy
fake_feature/3498.npy,fake_label/3498.npy
fake_feature/3499.npy,fake_label/3499.npy
fake_feature/3500.npy,fake_label/3500.npy
fake_feature/3501.npy,fake_label/3501.npy
fake_feature/3502.npy,fake_label/3502.npy
fake_feature/3503.npy,fake_label/3503.npy
fake_feature/3504.npy,fake_label/3504.npy
fake_feature/3505.npy,fake_label/3505.npy
fake_feature/3506.npy,fake_label/3506.npy
fake_feature/3507.npy,fake_label/3507.npy
fake_feature/3508.npy,fake_label/3508.npy
fake_feature/3509.npy,fake_label/3509.npy
fake_feature/3510.npy,fake_label/3510.npy
fake_feature/3511.npy,fake_label/3511.npy
fake_feature/3512.npy,fake_label/3512.npy
fake_feature/3513.npy,fake_label/3513.npy
fake_feature/3514.npy,fake_label/3514.npy
fake_feature/3515.npy,fake_label/3515.npy
fake_feature/3516.npy,fake_label/3516.npy
fake_feature/3517.npy,fake_label/3517.npy
fake_feature/3518.npy,fake_label/3518.npy
fake_feature/3519.npy,fake_label/3519.npy
fake_feature/3520.npy,fake_label/3520.npy
fake_feature/3521.npy,fake_label/3521.npy
fake_feature/3522.npy,fake_label/3522.npy
fake_feature/3523.npy,fake_label/3523.npy
fake_feature/3524.npy,fake_label/3524.npy
fake_feature/3525.npy,fake_label/3525.npy
fake_feature/3526.npy,fake_label/3526.npy
fake_feature/3527.npy,fake_label/3527.npy
fake_feature/3528.npy,fake_label/3528.npy
fake_feature/3529.npy,fake_label/3529.npy
fake_feature/3530.npy,fake_label/3530.npy
fake_feature/3531.npy,fake_label/3531.npy
fake_feature/3532.npy,fake_label/3532.npy
fake_feature/3533.npy,fake_label/3533.npy
fake_feature/3534.npy,fake_label/3534.npy
fake_feature/3535.npy,fake_label/3535.npy
fake_feature/3536.npy,fake_label/3536.npy
fake_feature/3537.npy,fake_label/3537.npy
fake_feature/3538.npy,fake_label/3538.npy
fake_feature/3539.npy,fake_label/3539.npy
fake_feature/3540.npy,fake_label/3540.npy
fake_feature/3541.npy,fake_label/3541.npy
fake_feature/3542.npy,fake_label/3542.npy
fake_feature/3543.npy,fake_label/3543.npy
fake_feature/3544.npy,fake_label/3544.npy
fake_feature/3545.npy,fake_label/3545.npy
fake_feature/3546.npy,fake_label/3546.npy
fake_feature/3547.npy,fake_label/3547.npy
fake_feature/3548.npy,fake_label/3548.npy
fake_feature/3549.npy,fake_label/3549.npy
fake_feature/3550.npy,fake_label/3550.npy
fake_feature/3551.npy,fake_label/3551.npy
fake_feature/3552.npy,fake_label/3552.npy
fake_feature/3553.npy,fake_label/3553.npy
fake_feature/3554.npy,fake_label/3554.npy
fake_feature/3555.npy,fake_label/3555.npy
fake_feature/3556.npy,fake_label/3556.npy
fake_feature/3557.npy,fake_label/3557.npy
fake_feature/3558.npy,fake_label/3558.npy
fake_feature/3559.npy,fake_label/3559.npy
fake_feature/3560.npy,fake_label/3560.npy
fake_feature/3561.npy,fake_label/3561.npy
fake_feature/3562.npy,fake_label/3562.npy
fake_feature/3563.npy,fake_label/3563.npy
fake_feature/3564.npy,fake_label/3564.npy
fake_feature/3565.npy,fake_label/3565.npy
fake_feature/3566.npy,fake_label/3566.npy
fake_feature/3567.npy,fake_label/3567.npy
fake_feature/3568.npy,fake_label/3568.npy
fake_feature/3569.npy,fake_label/3569.npy
fake_feature/3570.npy,fake_label/3570.npy
fake_feature/3571.npy,fake_label/3571.npy
fake_feature/3572.npy,fake_label/3572.npy
fake_feature/3573.npy,fake_label/3573.npy
fake_feature/3574.npy,fake_label/3574.npy
fake_feature/3575.npy,fake_label/3575.npy
fake_feature/3576.npy,fake_label/3576.npy
fake_feature/3577.npy,fake_label/3577.npy
fake_feature/3578.npy,fake_label/3578.npy
fake_feature/3579.npy,fake_label/3579.npy
fake_feature/3580.npy,fake_label/3580.npy
fake_feature/3581.npy,fake_label/3581.npy
fake_feature/3582.npy,fake_label/3582.npy
fake_feature/3583.npy,fake_label/3583.npy
fake_feature/3584.npy,fake_label/3584.npy
fake_feature/3585.npy,fake_label/3585.npy
fake_feature/3586.npy,fake_label/3586.npy
fake_feature/3587.npy,fake_label/3587.npy
fake_feature/3588.npy,fake_label/3588.npy
fake_feature/3589.npy,fake_label/3589.npy
fake_feature/3590.npy,fake_label/3590.npy
fake_feature/3591.npy,fake_label/3591.npy
fake_feature/3592.npy,fake_label/3592.npy
fake_feature/3593.npy,fake_label/3593.npy
fake_feature/3594.npy,fake_label/3594.npy
fake_feature/3595.npy,fake_label/3595.npy
fake_feature/3596.npy,fake_label/3596.npy
fake_feature/3597.npy,fake_label/3597.npy
fake_feature/3598.npy,fake_label/3598.npy
fake_feature/3599.npy,fake_label/3599.npy
fake_feature/3600.npy,fake_label/3600.npy
fake_feature/3601.npy,fake_label/3601.npy
fake_feature/3602.npy,fake_label/3602.npy
fake_feature/3603.npy,fake_label/3603.npy
fake_feature/3604.npy,fake_label/3604.npy
fake_feature/3605.npy,fake_label/3605.npy
fake_feature/3606.npy,fake_label/3606.npy
fake_feature/3607.npy,fake_label/3607.npy
fake_feature/3608.npy,fake_label/3608.npy
fake_feature/3609.npy,fake_label/3609.npy
fake_feature/3610.npy,fake_label/3610.npy
fake_feature/3611.npy,fake_label/3611.npy
fake_feature/3612.npy,fake_label/3612.npy
fake_feature/3613.npy,fake_label/3613.npy
fake_feature/3614.npy,fake_label/3614.npy
fake_feature/3615.npy,fake_label/3615.npy
fake_feature/3616.npy,fake_label/3616.npy
fake_feature/3617.npy,fake_label/3617.npy
fake_feature/3618.npy,fake_label/3618.npy
fake_feature/3619.npy,fake_label/3619.npy
fake_feature/3620.npy,fake_label/3620.npy
fake_feature/3621.npy,fake_label/3621.npy
fake_feature/3622.npy,fake_label/3622.npy
fake_feature/3623.npy,fake_label/3623.npy
fake_feature/3624.npy,fake_label/3624.npy
fake_feature/3625.npy,fake_label/3625.npy
fake_feature/3626.npy,fake_label/3626.npy
fake_feature/3627.npy,fake_label/3627.npy
fake_feature/3628.npy,fake_label/3628.npy
fake_feature/3629.npy,fake_label/3629.npy
fake_feature/3630.npy,fake_label/3630.npy
fake_feature/3631.npy,fake_label/3631.npy
fake_feature/3632.npy,fake_label/3632.npy
fake_feature/3633.npy,fake_label/3633.npy
fake_feature/3634.npy,fake_label/3634.npy
fake_feature/3635.npy,fake_label/3635.npy
fake_feature/3636.npy,fake_label/3636.npy
fake_feature/3637.npy,fake_label/3637.npy
fake_feature/3638.npy,fake_label/3638.npy
fake_feature/3639.npy,fake_label/3639.npy
fake_feature/3640.npy,fake_label/3640.npy
fake_feature/3641.npy,fake_label/3641.npy
fake_feature/3642.npy,fake_label/3642.npy
fake_feature/3643.npy,fake_label/3643.npy
fake_feature/3644.npy,fake_label/3644.npy
fake_feature/3645.npy,fake_label/3645.npy
fake_feature/3646.npy,fake_label/3646.npy
fake_feature/3647.npy,fake_label/3647.npy
fake_feature/3648.npy,fake_label/3648.npy
fake_feature/3649.npy,fake_label/3649.npy
fake_feature/3650.npy,fake_label/3650.npy
fake_feature/3651.npy,fake_label/3651.npy
fake_feature/3652.npy,fake_label/3652.npy
fake_feature/3653.npy,fake_label/3653.npy
fake_feature/3654.npy,fake_label/3654.npy
fake_feature/3655.npy,fake_label/3655.npy
fake_feature/3656.npy,fake_label/3656.npy
fake_feature/3657.npy,fake_label/3657.npy
fake_feature/3658.npy,fake_label/3658.npy
fake_feature/3659.npy,fake_label/3659.npy
fake_feature/3660.npy,fake_label/3660.npy
fake_feature/3661.npy,fake_label/3661.npy
fake_feature/3662.npy,fake_label/3662.npy
fake_feature/3663.npy,fake_label/3663.npy
fake_feature/3664.npy,fake_label/3664.npy
fake_feature/3665.npy,fake_label/3665.npy
fake_feature/3666.npy,fake_label/3666.npy
fake_feature/3667.npy,fake_label/3667.npy
fake_feature/3668.npy,fake_label/3668.npy
fake_feature/3669.npy,fake_label/3669.npy
fake_feature/3670.npy,fake_label/3670.npy
fake_feature/3671.npy,fake_label/3671.npy
fake_feature/3672.npy,fake_label/3672.npy
fake_feature/3673.npy,fake_label/3673.npy
fake_feature/3674.npy,fake_label/3674.npy
fake_feature/3675.npy,fake_label/3675.npy
fake_feature/3676.npy,fake_label/3676.npy
fake_feature/3677.npy,fake_label/3677.npy
fake_feature/3678.npy,fake_label/3678.npy
fake_feature/3679.npy,fake_label/3679.npy
fake_feature/3680.npy,fake_label/3680.npy
fake_feature/3681.npy,fake_label/3681.npy
fake_feature/3682.npy,fake_label/3682.npy
fake_feature/3683.npy,fake_label/3683.npy
fake_feature/3684.npy,fake_label/3684.npy
fake_feature/3685.npy,fake_label/3685.npy
fake_feature/3686.npy,fake_label/3686.npy
fake_feature/3687.npy,fake_label/3687.npy
fake_feature/3688.npy,fake_label/3688.npy
fake_feature/3689.npy,fake_label/3689.npy
fake_feature/3690.npy,fake_label/3690.npy
fake_feature/3691.npy,fake_label/3691.npy
fake_feature/3692.npy,fake_label/3692.npy
fake_feature/3693.npy,fake_label/3693.npy
fake_feature/3694.npy,fake_label/3694.npy
fake_feature/3695.npy,fake_label/3695.npy
fake_feature/3696.npy,fake_label/3696.npy
fake_feature/3697.npy,fake_label/3697.npy
fake_feature/3698.npy,fake_label/3698.npy
fake_feature/3699.npy,fake_label/3699.npy
fake_feature/3700.npy,fake_label/3700.npy
fake_feature/3701.npy,fake_label/3701.npy
fake_feature/3702.npy,fake_label/3702.npy
fake_feature/3703.npy,fake_label/3703.npy
fake_feature/3704.npy,fake_label/3704.npy
fake_feature/3705.npy,fake_label/3705.npy
fake_feature/3706.npy,fake_label/3706.npy
fake_feature/3707.npy,fake_label/3707.npy
fake_feature/3708.npy,fake_label/3708.npy
fake_feature/3709.npy,fake_label/3709.npy
fake_feature/3710.npy,fake_label/3710.npy
fake_feature/3711.npy,fake_label/3711.npy
fake_feature/3712.npy,fake_label/3712.npy
fake_feature/3713.npy,fake_label/3713.npy
fake_feature/3714.npy,fake_label/3714.npy
fake_feature/3715.npy,fake_label/3715.npy
fake_feature/3716.npy,fake_label/3716.npy
fake_feature/3717.npy,fake_label/3717.npy
fake_feature/3718.npy,fake_label/3718.npy
fake_feature/3719.npy,fake_label/3719.npy
fake_feature/3720.npy,fake_label/3720.npy
fake_feature/3721.npy,fake_label/3721.npy
fake_feature/3722.npy,fake_label/3722.npy
fake_feature/3723.npy,fake_label/3723.npy
fake_feature/3724.npy,fake_label/3724.npy
fake_feature/3725.npy,fake_label/3725.npy
fake_feature/3726.npy,fake_label/3726.npy
fake_feature/3727.npy,fake_label/3727.npy
fake_feature/3728.npy,fake_label/3728.npy
fake_feature/3729.npy,fake_label/3729.npy
fake_feature/3730.npy,fake_label/3730.npy
fake_feature/3731.npy,fake_label/3731.npy
fake_feature/3732.npy,fake_label/3732.npy
fake_feature/3733.npy,fake_label/3733.npy
fake_feature/3734.npy,fake_label/3734.npy
fake_feature/3735.npy,fake_label/3735.npy
fake_feature/3736.npy,fake_label/3736.npy
fake_feature/3737.npy,fake_label/3737.npy
fake_feature/3738.npy,fake_label/3738.npy
fake_feature/3739.npy,fake_label/3739.npy
fake_feature/3740.npy,fake_label/3740.npy
fake_feature/3741.npy,fake_label/3741.npy
fake_feature/3742.npy,fake_label/3742.npy
fake_feature/3743.npy,fake_label/3743.npy
fake_feature/3744.npy,fake_label/3744.npy
fake_feature/3745.npy,fake_label/3745.npy
fake_feature/3746.npy,fake_label/3746.npy
fake_feature/3747.npy,fake_label/3747.npy
fake_feature/3748.npy,fake_label/3748.npy
fake_feature/3749.npy,fake_label/3749.npy
fake_feature/3750.npy,fake_label/3750.npy
fake_feature/3751.npy,fake_label/3751.npy
fake_feature/3752.npy,fake_label/3752.npy
fake_feature/3753.npy,fake_label/3753.npy
fake_feature/3754.npy,fake_label/3754.npy
fake_feature/3755.npy,fake_label/3755.npy
fake_feature/3756.npy,fake_label/3756.npy
fake_feature/3757.npy,fake_label/3757.npy
fake_feature/3758.npy,fake_label/3758.npy
fake_feature/3759.npy,fake_label/3759.npy
fake_feature/3760.npy,fake_label/3760.npy
fake_feature/3761.npy,fake_label/3761.npy
fake_feature/3762.npy,fake_label/3762.npy
fake_feature/3763.npy,fake_label/3763.npy
fake_feature/3764.npy,fake_label/3764.npy
fake_feature/3765.npy,fake_label/3765.npy
fake_feature/3766.npy,fake_label/3766.npy
fake_feature/3767.npy,fake_label/3767.npy
fake_feature/3768.npy,fake_label/3768.npy
fake_feature/3769.npy,fake_label/3769.npy
fake_feature/3770.npy,fake_label/3770.npy
fake_feature/3771.npy,fake_label/3771.npy
fake_feature/3772.npy,fake_label/3772.npy
fake_feature/3773.npy,fake_label/3773.npy
fake_feature/3774.npy,fake_label/3774.npy
fake_feature/3775.npy,fake_label/3775.npy
fake_feature/3776.npy,fake_label/3776.npy
fake_feature/3777.npy,fake_label/3777.npy
fake_feature/3778.npy,fake_label/3778.npy
fake_feature/3779.npy,fake_label/3779.npy
fake_feature/3780.npy,fake_label/3780.npy
fake_feature/3781.npy,fake_label/3781.npy
fake_feature/3782.npy,fake_label/3782.npy
fake_feature/3783.npy,fake_label/3783.npy
fake_feature/3784.npy,fake_label/3784.npy
fake_feature/3785.npy,fake_label/3785.npy
fake_feature/3786.npy,fake_label/3786.npy
fake_feature/3787.npy,fake_label/3787.npy
fake_feature/3788.npy,fake_label/3788.npy
fake_feature/3789.npy,fake_label/3789.npy
fake_feature/3790.npy,fake_label/3790.npy
fake_feature/3791.npy,fake_label/3791.npy
fake_feature/3792.npy,fake_label/3792.npy
fake_feature/3793.npy,fake_label/3793.npy
fake_feature/3794.npy,fake_label/3794.npy
fake_feature/3795.npy,fake_label/3795.npy
fake_feature/3796.npy,fake_label/3796.npy
fake_feature/3797.npy,fake_label/3797.npy
fake_feature/3798.npy,fake_label/3798.npy
fake_feature/3799.npy,fake_label/3799.npy
fake_feature/3800.npy,fake_label/3800.npy
fake_feature/3801.npy,fake_label/3801.npy
fake_feature/3802.npy,fake_label/3802.npy
fake_feature/3803.npy,fake_label/3803.npy
fake_feature/3804.npy,fake_label/3804.npy
fake_feature/3805.npy,fake_label/3805.npy
fake_feature/3806.npy,fake_label/3806.npy
fake_feature/3807.npy,fake_label/3807.npy
fake_feature/3808.npy,fake_label/3808.npy
fake_feature/3809.npy,fake_label/3809.npy
fake_feature/3810.npy,fake_label/3810.npy
fake_feature/3811.npy,fake_label/3811.npy
fake_feature/3812.npy,fake_label/3812.npy
fake_feature/3813.npy,fake_label/3813.npy
fake_feature/3814.npy,fake_label/3814.npy
fake_feature/3815.npy,fake_label/3815.npy
fake_feature/3816.npy,fake_label/3816.npy
fake_feature/3817.npy,fake_label/3817.npy
fake_feature/3818.npy,fake_label/3818.npy
fake_feature/3819.npy,fake_label/3819.npy
fake_feature/3820.npy,fake_label/3820.npy
fake_feature/3821.npy,fake_label/3821.npy
fake_feature/3822.npy,fake_label/3822.npy
fake_feature/3823.npy,fake_label/3823.npy
fake_feature/3824.npy,fake_label/3824.npy
fake_feature/3825.npy,fake_label/3825.npy
fake_feature/3826.npy,fake_label/3826.npy
fake_feature/3827.npy,fake_label/3827.npy
fake_feature/3828.npy,fake_label/3828.npy
fake_feature/3829.npy,fake_label/3829.npy
fake_feature/3830.npy,fake_label/3830.npy
fake_feature/3831.npy,fake_label/3831.npy
fake_feature/3832.npy,fake_label/3832.npy
fake_feature/3833.npy,fake_label/3833.npy
fake_feature/3834.npy,fake_label/3834.npy
fake_feature/3835.npy,fake_label/3835.npy
fake_feature/3836.npy,fake_label/3836.npy
fake_feature/3837.npy,fake_label/3837.npy
fake_feature/3838.npy,fake_label/3838.npy
fake_feature/3839.npy,fake_label/3839.npy
fake_feature/3840.npy,fake_label/3840.npy
fake_feature/3841.npy,fake_label/3841.npy
fake_feature/3842.npy,fake_label/3842.npy
fake_feature/3843.npy,fake_label/3843.npy
fake_feature/3844.npy,fake_label/3844.npy
fake_feature/3845.npy,fake_label/3845.npy
fake_feature/3846.npy,fake_label/3846.npy
fake_feature/3847.npy,fake_label/3847.npy
fake_feature/3848.npy,fake_label/3848.npy
fake_feature/3849.npy,fake_label/3849.npy
fake_feature/3850.npy,fake_label/3850.npy
fake_feature/3851.npy,fake_label/3851.npy
fake_feature/3852.npy,fake_label/3852.npy
fake_feature/3853.npy,fake_label/3853.npy
fake_feature/3854.npy,fake_label/3854.npy
fake_feature/3855.npy,fake_label/3855.npy
fake_feature/3856.npy,fake_label/3856.npy
fake_feature/3857.npy,fake_label/3857.npy
fake_feature/3858.npy,fake_label/3858.npy
fake_feature/3859.npy,fake_label/3859.npy
fake_feature/3860.npy,fake_label/3860.npy
fake_feature/3861.npy,fake_label/3861.npy
fake_feature/3862.npy,fake_label/3862.npy
fake_feature/3863.npy,fake_label/3863.npy
fake_feature/3864.npy,fake_label/3864.npy
fake_feature/3865.npy,fake_label/3865.npy
fake_feature/3866.npy,fake_label/3866.npy
fake_feature/3867.npy,fake_label/3867.npy
fake_feature/3868.npy,fake_label/3868.npy
fake_feature/3869.npy,fake_label/3869.npy
fake_feature/3870.npy,fake_label/3870.npy
fake_feature/3871.npy,fake_label/3871.npy
fake_feature/3872.npy,fake_label/3872.npy
fake_feature/3873.npy,fake_label/3873.npy
fake_feature/3874.npy,fake_label/3874.npy
fake_feature/3875.npy,fake_label/3875.npy
fake_feature/3876.npy,fake_label/3876.npy
fake_feature/3877.npy,fake_label/3877.npy
fake_feature/3878.npy,fake_label/3878.npy
fake_feature/3879.npy,fake_label/3879.npy
fake_feature/3880.npy,fake_label/3880.npy
fake_feature/3881.npy,fake_label/3881.npy
fake_feature/3882.npy,fake_label/3882.npy
fake_feature/3883.npy,fake_label/3883.npy
fake_feature/3884.npy,fake_label/3884.npy
fake_feature/3885.npy,fake_label/3885.npy
fake_feature/3886.npy,fake_label/3886.npy
fake_feature/3887.npy,fake_label/3887.npy
fake_feature/3888.npy,fake_label/3888.npy
fake_feature/3889.npy,fake_label/3889.npy
fake_feature/3890.npy,fake_label/3890.npy
fake_feature/3891.npy,fake_label/3891.npy
fake_feature/3892.npy,fake_label/3892.npy
fake_feature/3893.npy,fake_label/3893.npy
fake_feature/3894.npy,fake_label/3894.npy
fake_feature/3895.npy,fake_label/3895.npy
fake_feature/3896.npy,fake_label/3896.npy
fake_feature/3897.npy,fake_label/3897.npy
fake_feature/3898.npy,fake_label/3898.npy
fake_feature/3899.npy,fake_label/3899.npy
fake_feature/3900.npy,fake_label/3900.npy
fake_feature/3901.npy,fake_label/3901.npy
fake_feature/3902.npy,fake_label/3902.npy
fake_feature/3903.npy,fake_label/3903.npy
fake_feature/3904.npy,fake_label/3904.npy
fake_feature/3905.npy,fake_label/3905.npy
fake_feature/3906.npy,fake_label/3906.npy
fake_feature/3907.npy,fake_label/3907.npy
fake_feature/3908.npy,fake_label/3908.npy
fake_feature/3909.npy,fake_label/3909.npy
fake_feature/3910.npy,fake_label/3910.npy
fake_feature/3911.npy,fake_label/3911.npy
fake_feature/3912.npy,fake_label/3912.npy
fake_feature/3913.npy,fake_label/3913.npy
fake_feature/3914.npy,fake_label/3914.npy
fake_feature/3915.npy,fake_label/3915.npy
fake_feature/3916.npy,fake_label/3916.npy
fake_feature/3917.npy,fake_label/3917.npy
fake_feature/3918.npy,fake_label/3918.npy
fake_feature/3919.npy,fake_label/3919.npy
fake_feature/3920.npy,fake_label/3920.npy
fake_feature/3921.npy,fake_label/3921.npy
fake_feature/3922.npy,fake_label/3922.npy
fake_feature/3923.npy,fake_label/3923.npy
fake_feature/3924.npy,fake_label/3924.npy
fake_feature/3925.npy,fake_label/3925.npy
fake_feature/3926.npy,fake_label/3926.npy
fake_feature/3927.npy,fake_label/3927.npy
fake_feature/3928.npy,fake_label/3928.npy
fake_feature/3929.npy,fake_label/3929.npy
fake_feature/3930.npy,fake_label/3930.npy
fake_feature/3931.npy,fake_label/3931.npy
fake_feature/3932.npy,fake_label/3932.npy
fake_feature/3933.npy,fake_label/3933.npy
fake_feature/3934.npy,fake_label/3934.npy
fake_feature/3935.npy,fake_label/3935.npy
fake_feature/3936.npy,fake_label/3936.npy
fake_feature/3937.npy,fake_label/3937.npy
fake_feature/3938.npy,fake_label/3938.npy
fake_feature/3939.npy,fake_label/3939.npy
fake_feature/3940.npy,fake_label/3940.npy
fake_feature/3941.npy,fake_label/3941.npy
fake_feature/3942.npy,fake_label/3942.npy
fake_feature/3943.npy,fake_label/3943.npy
fake_feature/3944.npy,fake_label/3944.npy
fake_feature/3945.npy,fake_label/3945.npy
fake_feature/3946.npy,fake_label/3946.npy
fake_feature/3947.npy,fake_label/3947.npy
fake_feature/3948.npy,fake_label/3948.npy
fake_feature/3949.npy,fake_label/3949.npy
fake_feature/3950.npy,fake_label/3950.npy
fake_feature/3951.npy,fake_label/3951.npy
fake_feature/3952.npy,fake_label/3952.npy
fake_feature/3953.npy,fake_label/3953.npy
fake_feature/3954.npy,fake_label/3954.npy
fake_feature/3955.npy,fake_label/3955.npy
fake_feature/3956.npy,fake_label/3956.npy
fake_feature/3957.npy,fake_label/3957.npy
fake_feature/3958.npy,fake_label/3958.npy
fake_feature/3959.npy,fake_label/3959.npy
fake_feature/3960.npy,fake_label/3960.npy
fake_feature/3961.npy,fake_label/3961.npy
fake_feature/3962.npy,fake_label/3962.npy
fake_feature/3963.npy,fake_label/3963.npy
fake_feature/3964.npy,fake_label/3964.npy
fake_feature/3965.npy,fake_label/3965.npy
fake_feature/3966.npy,fake_label/3966.npy
fake_feature/3967.npy,fake_label/3967.npy
fake_feature/3968.npy,fake_label/3968.npy
fake_feature/3969.npy,fake_label/3969.npy
fake_feature/3970.npy,fake_label/3970.npy
fake_feature/3971.npy,fake_label/3971.npy
fake_feature/3972.npy,fake_label/3972.npy
fake_feature/3973.npy,fake_label/3973.npy
fake_feature/3974.npy,fake_label/3974.npy
fake_feature/3975.npy,fake_label/3975.npy
fake_feature/3976.npy,fake_label/3976.npy
fake_feature/3977.npy,fake_label/3977.npy
fake_feature/3978.npy,fake_label/3978.npy
fake_feature/3979.npy,fake_label/3979.npy
fake_feature/3980.npy,fake_label/3980.npy
fake_feature/3981.npy,fake_label/3981.npy
fake_feature/3982.npy,fake_label/3982.npy
fake_feature/3983.npy,fake_label/3983.npy
fake_feature/3984.npy,fake_label/3984.npy
fake_feature/3985.npy,fake_label/3985.npy
fake_feature/3986.npy,fake_label/3986.npy
fake_feature/3987.npy,fake_label/3987.npy
fake_feature/3988.npy,fake_label/3988.npy
fake_feature/3989.npy,fake_label/3989.npy
fake_feature/3990.npy,fake_label/3990.npy
fake_feature/3991.npy,fake_label/3991.npy
fake_feature/3992.npy,fake_label/3992.npy
fake_feature/3993.npy,fake_label/3993.npy
fake_feature/3994.npy,fake_label/3994.npy
fake_feature/3995.npy,fake_label/3995.npy
fake_feature/3996.npy,fake_label/3996.npy
fake_feature/3997.npy,fake_label/3997.npy
fake_feature/3998.npy,fake_label/3998.npy
fake_feature/3999.npy,fake_label/3999.npy
fake_feature/4000.npy,fake_label/4000.npy
fake_feature/4001.npy,fake_label/4001.npy
fake_feature/4002.npy,fake_label/4002.npy
fake_feature/4003.npy,fake_label/4003.npy
fake_feature/4004.npy,fake_label/4004.npy
fake_feature/4005.npy,fake_label/4005.npy
fake_feature/4006.npy,fake_label/4006.npy
fake_feature/4007.npy,fake_label/4007.npy
fake_feature/4008.npy,fake_label/4008.npy
fake_feature/4009.npy,fake_label/4009.npy
fake_feature/4010.npy,fake_label/4010.npy
fake_feature/4011.npy,fake_label/4011.npy
fake_feature/4012.npy,fake_label/4012.npy
fake_feature/4013.npy,fake_label/4013.npy
fake_feature/4014.npy,fake_label/4014.npy
fake_feature/4015.npy,fake_label/4015.npy
fake_feature/4016.npy,fake_label/4016.npy
fake_feature/4017.npy,fake_label/4017.npy
fake_feature/4018.npy,fake_label/4018.npy
fake_feature/4019.npy,fake_label/4019.npy
fake_feature/4020.npy,fake_label/4020.npy
fake_feature/4021.npy,fake_label/4021.npy
fake_feature/4022.npy,fake_label/4022.npy
fake_feature/4023.npy,fake_label/4023.npy
fake_feature/4024.npy,fake_label/4024.npy
fake_feature/4025.npy,fake_label/4025.npy
fake_feature/4026.npy,fake_label/4026.npy
fake_feature/4027.npy,fake_label/4027.npy
fake_feature/4028.npy,fake_label/4028.npy
fake_feature/4029.npy,fake_label/4029.npy
fake_feature/4030.npy,fake_label/4030.npy
fake_feature/4031.npy,fake_label/4031.npy
fake_feature/4032.npy,fake_label/4032.npy
fake_feature/4033.npy,fake_label/4033.npy
fake_feature/4034.npy,fake_label/4034.npy
fake_feature/4035.npy,fake_label/4035.npy
fake_feature/4036.npy,fake_label/4036.npy
fake_feature/4037.npy,fake_label/4037.npy
fake_feature/4038.npy,fake_label/4038.npy
fake_feature/4039.npy,fake_label/4039.npy
fake_feature/4040.npy,fake_label/4040.npy
fake_feature/4041.npy,fake_label/4041.npy
fake_feature/4042.npy,fake_label/4042.npy
fake_feature/4043.npy,fake_label/4043.npy
fake_feature/4044.npy,fake_label/4044.npy
fake_feature/4045.npy,fake_label/4045.npy
fake_feature/4046.npy,fake_label/4046.npy
fake_feature/4047.npy,fake_label/4047.npy
fake_feature/4048.npy,fake_label/4048.npy
fake_feature/4049.npy,fake_label/4049.npy
fake_feature/4050.npy,fake_label/4050.npy
fake_feature/4051.npy,fake_label/4051.npy
fake_feature/4052.npy,fake_label/4052.npy
fake_feature/4053.npy,fake_label/4053.npy
fake_feature/4054.npy,fake_label/4054.npy
fake_feature/4055.npy,fake_label/4055.npy
fake_feature/4056.npy,fake_label/4056.npy
fake_feature/4057.npy,fake_label/4057.npy
fake_feature/4058.npy,fake_label/4058.npy
fake_feature/4059.npy,fake_label/4059.npy
fake_feature/4060.npy,fake_label/4060.npy
fake_feature/4061.npy,fake_label/4061.npy
fake_feature/4062.npy,fake_label/4062.npy
fake_feature/4063.npy,fake_label/4063.npy
fake_feature/4064.npy,fake_label/4064.npy
fake_feature/4065.npy,fake_label/4065.npy
fake_feature/4066.npy,fake_label/4066.npy
fake_feature/4067.npy,fake_label/4067.npy
fake_feature/4068.npy,fake_label/4068.npy
fake_feature/4069.npy,fake_label/4069.npy
fake_feature/4070.npy,fake_label/4070.npy
fake_feature/4071.npy,fake_label/4071.npy
fake_feature/4072.npy,fake_label/4072.npy
fake_feature/4073.npy,fake_label/4073.npy
fake_feature/4074.npy,fake_label/4074.npy
fake_feature/4075.npy,fake_label/4075.npy
fake_feature/4076.npy,fake_label/4076.npy
fake_feature/4077.npy,fake_label/4077.npy
fake_feature/4078.npy,fake_label/4078.npy
fake_feature/4079.npy,fake_label/4079.npy
fake_feature/4080.npy,fake_label/4080.npy
fake_feature/4081.npy,fake_label/4081.npy
fake_feature/4082.npy,fake_label/4082.npy
fake_feature/4083.npy,fake_label/4083.npy
fake_feature/4084.npy,fake_label/4084.npy
fake_feature/4085.npy,fake_label/4085.npy
fake_feature/4086.npy,fake_label/4086.npy
fake_feature/4087.npy,fake_label/4087.npy
fake_feature/4088.npy,fake_label/4088.npy
fake_feature/4089.npy,fake_label/4089.npy
fake_feature/4090.npy,fake_label/4090.npy
fake_feature/4091.npy,fake_label/4091.npy
fake_feature/4092.npy,fake_label/4092.npy
fake_feature/4093.npy,fake_label/4093.npy
fake_feature/4094.npy,fake_label/4094.npy
fake_feature/4095.npy,fake_label/4095.npy
fake_feature/4096.npy,fake_label/4096.npy
fake_feature/4097.npy,fake_label/4097.npy
fake_feature/4098.npy,fake_label/4098.npy
fake_feature/4099.npy,fake_label/4099.npy
fake_feature/4100.npy,fake_label/4100.npy
fake_feature/4101.npy,fake_label/4101.npy
fake_feature/4102.npy,fake_label/4102.npy
fake_feature/4103.npy,fake_label/4103.npy
fake_feature/4104.npy,fake_label/4104.npy
fake_feature/4105.npy,fake_label/4105.npy
fake_feature/4106.npy,fake_label/4106.npy
fake_feature/4107.npy,fake_label/4107.npy
fake_feature/4108.npy,fake_label/4108.npy
fake_feature/4109.npy,fake_label/4109.npy
fake_feature/4110.npy,fake_label/4110.npy
fake_feature/4111.npy,fake_label/4111.npy
fake_feature/4112.npy,fake_label/4112.npy
fake_feature/4113.npy,fake_label/4113.npy
fake_feature/4114.npy,fake_label/4114.npy
fake_feature/4115.npy,fake_label/4115.npy
fake_feature/4116.npy,fake_label/4116.npy
fake_feature/4117.npy,fake_label/4117.npy
fake_feature/4118.npy,fake_label/4118.npy
fake_feature/4119.npy,fake_label/4119.npy
fake_feature/4120.npy,fake_label/4120.npy
fake_feature/4121.npy,fake_label/4121.npy
fake_feature/4122.npy,fake_label/4122.npy
fake_feature/4123.npy,fake_label/4123.npy
fake_feature/4124.npy,fake_label/4124.npy
fake_feature/4125.npy,fake_label/4125.npy
fake_feature/4126.npy,fake_label/4126.npy
fake_feature/4127.npy,fake_label/4127.npy
fake_feature/4128.npy,fake_label/4128.npy
fake_feature/4129.npy,fake_label/4129.npy
fake_feature/4130.npy,fake_label/4130.npy
fake_feature/4131.npy,fake_label/4131.npy
fake_feature/4132.npy,fake_label/4132.npy
fake_feature/4133.npy,fake_label/4133.npy
fake_feature/4134.npy,fake_label/4134.npy
fake_feature/4135.npy,fake_label/4135.npy
fake_feature/4136.npy,fake_label/4136.npy
fake_feature/4137.npy,fake_label/4137.npy
fake_feature/4138.npy,fake_label/4138.npy
fake_feature/4139.npy,fake_label/4139.npy
fake_feature/4140.npy,fake_label/4140.npy
fake_feature/4141.npy,fake_label/4141.npy
fake_feature/4142.npy,fake_label/4142.npy
fake_feature/4143.npy,fake_label/4143.npy
fake_feature/4144.npy,fake_label/4144.npy
fake_feature/4145.npy,fake_label/4145.npy
fake_feature/4146.npy,fake_label/4146.npy
fake_feature/4147.npy,fake_label/4147.npy
fake_feature/4148.npy,fake_label/4148.npy
fake_feature/4149.npy,fake_label/4149.npy
fake_feature/4150.npy,fake_label/4150.npy
fake_feature/4151.npy,fake_label/4151.npy
fake_feature/4152.npy,fake_label/4152.npy
fake_feature/4153.npy,fake_label/4153.npy
fake_feature/4154.npy,fake_label/4154.npy
fake_feature/4155.npy,fake_label/4155.npy
fake_feature/4156.npy,fake_label/4156.npy
fake_feature/4157.npy,fake_label/4157.npy
fake_feature/4158.npy,fake_label/4158.npy
fake_feature/4159.npy,fake_label/4159.npy
fake_feature/4160.npy,fake_label/4160.npy
fake_feature/4161.npy,fake_label/4161.npy
fake_feature/4162.npy,fake_label/4162.npy
fake_feature/4163.npy,fake_label/4163.npy
fake_feature/4164.npy,fake_label/4164.npy
fake_feature/4165.npy,fake_label/4165.npy
fake_feature/4166.npy,fake_label/4166.npy
fake_feature/4167.npy,fake_label/4167.npy
fake_feature/4168.npy,fake_label/4168.npy
fake_feature/4169.npy,fake_label/4169.npy
fake_feature/4170.npy,fake_label/4170.npy
fake_feature/4171.npy,fake_label/4171.npy
fake_feature/4172.npy,fake_label/4172.npy
fake_feature/4173.npy,fake_label/4173.npy
fake_feature/4174.npy,fake_label/4174.npy
fake_feature/4175.npy,fake_label/4175.npy
fake_feature/4176.npy,fake_label/4176.npy
fake_feature/4177.npy,fake_label/4177.npy
fake_feature/4178.npy,fake_label/4178.npy
fake_feature/4179.npy,fake_label/4179.npy
fake_feature/4180.npy,fake_label/4180.npy
fake_feature/4181.npy,fake_label/4181.npy
fake_feature/4182.npy,fake_label/4182.npy
fake_feature/4183.npy,fake_label/4183.npy
fake_feature/4184.npy,fake_label/4184.npy
fake_feature/4185.npy,fake_label/4185.npy
fake_feature/4186.npy,fake_label/4186.npy
fake_feature/4187.npy,fake_label/4187.npy
fake_feature/4188.npy,fake_label/4188.npy
fake_feature/4189.npy,fake_label/4189.npy
fake_feature/4190.npy,fake_label/4190.npy
fake_feature/4191.npy,fake_label/4191.npy
fake_feature/4192.npy,fake_label/4192.npy
fake_feature/4193.npy,fake_label/4193.npy
fake_feature/4194.npy,fake_label/4194.npy
fake_feature/4195.npy,fake_label/4195.npy
fake_feature/4196.npy,fake_label/4196.npy
fake_feature/4197.npy,fake_label/4197.npy
fake_feature/4198.npy,fake_label/4198.npy
fake_feature/4199.npy,fake_label/4199.npy
fake_feature/4200.npy,fake_label/4200.npy
fake_feature/4201.npy,fake_label/4201.npy
fake_feature/4202.npy,fake_label/4202.npy
fake_feature/4203.npy,fake_label/4203.npy
fake_feature/4204.npy,fake_label/4204.npy
fake_feature/4205.npy,fake_label/4205.npy
fake_feature/4206.npy,fake_label/4206.npy
fake_feature/4207.npy,fake_label/4207.npy
fake_feature/4208.npy,fake_label/4208.npy
fake_feature/4209.npy,fake_label/4209.npy
fake_feature/4210.npy,fake_label/4210.npy
fake_feature/4211.npy,fake_label/4211.npy
fake_feature/4212.npy,fake_label/4212.npy
fake_feature/4213.npy,fake_label/4213.npy
fake_feature/4214.npy,fake_label/4214.npy
fake_feature/4215.npy,fake_label/4215.npy
fake_feature/4216.npy,fake_label/4216.npy
fake_feature/4217.npy,fake_label/4217.npy
fake_feature/4218.npy,fake_label/4218.npy
fake_feature/4219.npy,fake_label/4219.npy
fake_feature/4220.npy,fake_label/4220.npy
fake_feature/4221.npy,fake_label/4221.npy
fake_feature/4222.npy,fake_label/4222.npy
fake_feature/4223.npy,fake_label/4223.npy
fake_feature/4224.npy,fake_label/4224.npy
fake_feature/4225.npy,fake_label/4225.npy
fake_feature/4226.npy,fake_label/4226.npy
fake_feature/4227.npy,fake_label/4227.npy
fake_feature/4228.npy,fake_label/4228.npy
fake_feature/4229.npy,fake_label/4229.npy
fake_feature/4230.npy,fake_label/4230.npy
fake_feature/4231.npy,fake_label/4231.npy
fake_feature/4232.npy,fake_label/4232.npy
fake_feature/4233.npy,fake_label/4233.npy
fake_feature/4234.npy,fake_label/4234.npy
fake_feature/4235.npy,fake_label/4235.npy
fake_feature/4236.npy,fake_label/4236.npy
fake_feature/4237.npy,fake_label/4237.npy
fake_feature/4238.npy,fake_label/4238.npy
fake_feature/4239.npy,fake_label/4239.npy
fake_feature/4240.npy,fake_label/4240.npy
fake_feature/4241.npy,fake_label/4241.npy
fake_feature/4242.npy,fake_label/4242.npy
fake_feature/4243.npy,fake_label/4243.npy
fake_feature/4244.npy,fake_label/4244.npy
fake_feature/4245.npy,fake_label/4245.npy
fake_feature/4246.npy,fake_label/4246.npy
fake_feature/4247.npy,fake_label/4247.npy
fake_feature/4248.npy,fake_label/4248.npy
fake_feature/4249.npy,fake_label/4249.npy
fake_feature/4250.npy,fake_label/4250.npy
fake_feature/4251.npy,fake_label/4251.npy
fake_feature/4252.npy,fake_label/4252.npy
fake_feature/4253.npy,fake_label/4253.npy
fake_feature/4254.npy,fake_label/4254.npy
fake_feature/4255.npy,fake_label/4255.npy
fake_feature/4256.npy,fake_label/4256.npy
fake_feature/4257.npy,fake_label/4257.npy
fake_feature/4258.npy,fake_label/4258.npy
fake_feature/4259.npy,fake_label/4259.npy
fake_feature/4260.npy,fake_label/4260.npy
fake_feature/4261.npy,fake_label/4261.npy
fake_feature/4262.npy,fake_label/4262.npy
fake_feature/4263.npy,fake_label/4263.npy
fake_feature/4264.npy,fake_label/4264.npy
fake_feature/4265.npy,fake_label/4265.npy
fake_feature/4266.npy,fake_label/4266.npy
fake_feature/4267.npy,fake_label/4267.npy
fake_feature/4268.npy,fake_label/4268.npy
fake_feature/4269.npy,fake_label/4269.npy
fake_feature/4270.npy,fake_label/4270.npy
fake_feature/4271.npy,fake_label/4271.npy
fake_feature/4272.npy,fake_label/4272.npy
fake_feature/4273.npy,fake_label/4273.npy
fake_feature/4274.npy,fake_label/4274.npy
fake_feature/4275.npy,fake_label/4275.npy
fake_feature/4276.npy,fake_label/4276.npy
fake_feature/4277.npy,fake_label/4277.npy
fake_feature/4278.npy,fake_label/4278.npy
fake_feature/4279.npy,fake_label/4279.npy
fake_feature/4280.npy,fake_label/4280.npy
fake_feature/4281.npy,fake_label/4281.npy
fake_feature/4282.npy,fake_label/4282.npy
fake_feature/4283.npy,fake_label/4283.npy
fake_feature/4284.npy,fake_label/4284.npy
fake_feature/4285.npy,fake_label/4285.npy
fake_feature/4286.npy,fake_label/4286.npy
fake_feature/4287.npy,fake_label/4287.npy
fake_feature/4288.npy,fake_label/4288.npy
fake_feature/4289.npy,fake_label/4289.npy
fake_feature/4290.npy,fake_label/4290.npy
fake_feature/4291.npy,fake_label/4291.npy
fake_feature/4292.npy,fake_label/4292.npy
fake_feature/4293.npy,fake_label/4293.npy
fake_feature/4294.npy,fake_label/4294.npy
fake_feature/4295.npy,fake_label/4295.npy
fake_feature/4296.npy,fake_label/4296.npy
fake_feature/4297.npy,fake_label/4297.npy
fake_feature/4298.npy,fake_label/4298.npy
fake_feature/4299.npy,fake_label/4299.npy
fake_feature/4300.npy,fake_label/4300.npy
fake_feature/4301.npy,fake_label/4301.npy
fake_feature/4302.npy,fake_label/4302.npy
fake_feature/4303.npy,fake_label/4303.npy
fake_feature/4304.npy,fake_label/4304.npy
fake_feature/4305.npy,fake_label/4305.npy
fake_feature/4306.npy,fake_label/4306.npy
fake_feature/4307.npy,fake_label/4307.npy
fake_feature/4308.npy,fake_label/4308.npy
fake_feature/4309.npy,fake_label/4309.npy
fake_feature/4310.npy,fake_label/4310.npy
fake_feature/4311.npy,fake_label/4311.npy
fake_feature/4312.npy,fake_label/4312.npy
fake_feature/4313.npy,fake_label/4313.npy
fake_feature/4314.npy,fake_label/4314.npy
fake_feature/4315.npy,fake_label/4315.npy
fake_feature/4316.npy,fake_label/4316.npy
fake_feature/4317.npy,fake_label/4317.npy
fake_feature/4318.npy,fake_label/4318.npy
fake_feature/4319.npy,fake_label/4319.npy
fake_feature/4320.npy,fake_label/4320.npy
fake_feature/4321.npy,fake_label/4321.npy
fake_feature/4322.npy,fake_label/4322.npy
fake_feature/4323.npy,fake_label/4323.npy
fake_feature/4324.npy,fake_label/4324.npy
fake_feature/4325.npy,fake_label/4325.npy
fake_feature/4326.npy,fake_label/4326.npy
fake_feature/4327.npy,fake_label/4327.npy
fake_feature/4328.npy,fake_label/4328.npy
fake_feature/4329.npy,fake_label/4329.npy
fake_feature/4330.npy,fake_label/4330.npy
fake_feature/4331.npy,fake_label/4331.npy
fake_feature/4332.npy,fake_label/4332.npy
fake_feature/4333.npy,fake_label/4333.npy
fake_feature/4334.npy,fake_label/4334.npy
fake_feature/4335.npy,fake_label/4335.npy
fake_feature/4336.npy,fake_label/4336.npy
fake_feature/4337.npy,fake_label/4337.npy
fake_feature/4338.npy,fake_label/4338.npy
fake_feature/4339.npy,fake_label/4339.npy
fake_feature/4340.npy,fake_label/4340.npy
fake_feature/4341.npy,fake_label/4341.npy
fake_feature/4342.npy,fake_label/4342.npy
fake_feature/4343.npy,fake_label/4343.npy
fake_feature/4344.npy,fake_label/4344.npy
fake_feature/4345.npy,fake_label/4345.npy
fake_feature/4346.npy,fake_label/4346.npy
fake_feature/4347.npy,fake_label/4347.npy
fake_feature/4348.npy,fake_label/4348.npy
fake_feature/4349.npy,fake_label/4349.npy
fake_feature/4350.npy,fake_label/4350.npy
fake_feature/4351.npy,fake_label/4351.npy
fake_feature/4352.npy,fake_label/4352.npy
fake_feature/4353.npy,fake_label/4353.npy
fake_feature/4354.npy,fake_label/4354.npy
fake_feature/4355.npy,fake_label/4355.npy
fake_feature/4356.npy,fake_label/4356.npy
fake_feature/4357.npy,fake_label/4357.npy
fake_feature/4358.npy,fake_label/4358.npy
fake_feature/4359.npy,fake_label/4359.npy
fake_feature/4360.npy,fake_label/4360.npy
fake_feature/4361.npy,fake_label/4361.npy
fake_feature/4362.npy,fake_label/4362.npy
fake_feature/4363.npy,fake_label/4363.npy
fake_feature/4364.npy,fake_label/4364.npy
fake_feature/4365.npy,fake_label/4365.npy
fake_feature/4366.npy,fake_label/4366.npy
fake_feature/4367.npy,fake_label/4367.npy
fake_feature/4368.npy,fake_label/4368.npy
fake_feature/4369.npy,fake_label/4369.npy
fake_feature/4370.npy,fake_label/4370.npy
fake_feature/4371.npy,fake_label/4371.npy
fake_feature/4372.npy,fake_label/4372.npy
fake_feature/4373.npy,fake_label/4373.npy
fake_feature/4374.npy,fake_label/4374.npy
fake_feature/4375.npy,fake_label/4375.npy
fake_feature/4376.npy,fake_label/4376.npy
fake_feature/4377.npy,fake_label/4377.npy
fake_feature/4378.npy,fake_label/4378.npy
fake_feature/4379.npy,fake_label/4379.npy
fake_feature/4380.npy,fake_label/4380.npy
fake_feature/4381.npy,fake_label/4381.npy
fake_feature/4382.npy,fake_label/4382.npy
fake_feature/4383.npy,fake_label/4383.npy
fake_feature/4384.npy,fake_label/4384.npy
fake_feature/4385.npy,fake_label/4385.npy
fake_feature/4386.npy,fake_label/4386.npy
fake_feature/4387.npy,fake_label/4387.npy
fake_feature/4388.npy,fake_label/4388.npy
fake_feature/4389.npy,fake_label/4389.npy
fake_feature/4390.npy,fake_label/4390.npy
fake_feature/4391.npy,fake_label/4391.npy
fake_feature/4392.npy,fake_label/4392.npy
fake_feature/4393.npy,fake_label/4393.npy
fake_feature/4394.npy,fake_label/4394.npy
fake_feature/4395.npy,fake_label/4395.npy
fake_feature/4396.npy,fake_label/4396.npy
fake_feature/4397.npy,fake_label/4397.npy
fake_feature/4398.npy,fake_label/4398.npy
fake_feature/4399.npy,fake_label/4399.npy
fake_feature/4400.npy,fake_label/4400.npy
fake_feature/4401.npy,fake_label/4401.npy
fake_feature/4402.npy,fake_label/4402.npy
fake_feature/4403.npy,fake_label/4403.npy
fake_feature/4404.npy,fake_label/4404.npy
fake_feature/4405.npy,fake_label/4405.npy
fake_feature/4406.npy,fake_label/4406.npy
fake_feature/4407.npy,fake_label/4407.npy
fake_feature/4408.npy,fake_label/4408.npy
fake_feature/4409.npy,fake_label/4409.npy
fake_feature/4410.npy,fake_label/4410.npy
fake_feature/4411.npy,fake_label/4411.npy
fake_feature/4412.npy,fake_label/4412.npy
fake_feature/4413.npy,fake_label/4413.npy
fake_feature/4414.npy,fake_label/4414.npy
fake_feature/4415.npy,fake_label/4415.npy
fake_feature/4416.npy,fake_label/4416.npy
fake_feature/4417.npy,fake_label/4417.npy
fake_feature/4418.npy,fake_label/4418.npy
fake_feature/4419.npy,fake_label/4419.npy
fake_feature/4420.npy,fake_label/4420.npy
fake_feature/4421.npy,fake_label/4421.npy
fake_feature/4422.npy,fake_label/4422.npy
fake_feature/4423.npy,fake_label/4423.npy
fake_feature/4424.npy,fake_label/4424.npy
fake_feature/4425.npy,fake_label/4425.npy
fake_feature/4426.npy,fake_label/4426.npy
fake_feature/4427.npy,fake_label/4427.npy
fake_feature/4428.npy,fake_label/4428.npy
fake_feature/4429.npy,fake_label/4429.npy
fake_feature/4430.npy,fake_label/4430.npy
fake_feature/4431.npy,fake_label/4431.npy
fake_feature/4432.npy,fake_label/4432.npy
fake_feature/4433.npy,fake_label/4433.npy
fake_feature/4434.npy,fake_label/4434.npy
fake_feature/4435.npy,fake_label/4435.npy
fake_feature/4436.npy,fake_label/4436.npy
fake_feature/4437.npy,fake_label/4437.npy
fake_feature/4438.npy,fake_label/4438.npy
fake_feature/4439.npy,fake_label/4439.npy
fake_feature/4440.npy,fake_label/4440.npy
fake_feature/4441.npy,fake_label/4441.npy
fake_feature/4442.npy,fake_label/4442.npy
fake_feature/4443.npy,fake_label/4443.npy
fake_feature/4444.npy,fake_label/4444.npy
fake_feature/4445.npy,fake_label/4445.npy
fake_feature/4446.npy,fake_label/4446.npy
fake_feature/4447.npy,fake_label/4447.npy
fake_feature/4448.npy,fake_label/4448.npy
fake_feature/4449.npy,fake_label/4449.npy
fake_feature/4450.npy,fake_label/4450.npy
fake_feature/4451.npy,fake_label/4451.npy
fake_feature/4452.npy,fake_label/4452.npy
fake_feature/4453.npy,fake_label/4453.npy
fake_feature/4454.npy,fake_label/4454.npy
fake_feature/4455.npy,fake_label/4455.npy
fake_feature/4456.npy,fake_label/4456.npy
fake_feature/4457.npy,fake_label/4457.npy
fake_feature/4458.npy,fake_label/4458.npy
fake_feature/4459.npy,fake_label/4459.npy
fake_feature/4460.npy,fake_label/4460.npy
fake_feature/4461.npy,fake_label/4461.npy
fake_feature/4462.npy,fake_label/4462.npy
fake_feature/4463.npy,fake_label/4463.npy
fake_feature/4464.npy,fake_label/4464.npy
fake_feature/4465.npy,fake_label/4465.npy
fake_feature/4466.npy,fake_label/4466.npy
fake_feature/4467.npy,fake_label/4467.npy
fake_feature/4468.npy,fake_label/4468.npy
fake_feature/4469.npy,fake_label/4469.npy
fake_feature/4470.npy,fake_label/4470.npy
fake_feature/4471.npy,fake_label/4471.npy
fake_feature/4472.npy,fake_label/4472.npy
fake_feature/4473.npy,fake_label/4473.npy
fake_feature/4474.npy,fake_label/4474.npy
fake_feature/4475.npy,fake_label/4475.npy
fake_feature/4476.npy,fake_label/4476.npy
fake_feature/4477.npy,fake_label/4477.npy
fake_feature/4478.npy,fake_label/4478.npy
fake_feature/4479.npy,fake_label/4479.npy
fake_feature/4480.npy,fake_label/4480.npy
fake_feature/4481.npy,fake_label/4481.npy
fake_feature/4482.npy,fake_label/4482.npy
fake_feature/4483.npy,fake_label/4483.npy
fake_feature/4484.npy,fake_label/4484.npy
fake_feature/4485.npy,fake_label/4485.npy
fake_feature/4486.npy,fake_label/4486.npy
fake_feature/4487.npy,fake_label/4487.npy
fake_feature/4488.npy,fake_label/4488.npy
fake_feature/4489.npy,fake_label/4489.npy
fake_feature/4490.npy,fake_label/4490.npy
fake_feature/4491.npy,fake_label/4491.npy
fake_feature/4492.npy,fake_label/4492.npy
fake_feature/4493.npy,fake_label/4493.npy
fake_feature/4494.npy,fake_label/4494.npy
fake_feature/4495.npy,fake_label/4495.npy
fake_feature/4496.npy,fake_label/4496.npy
fake_feature/4497.npy,fake_label/4497.npy
fake_feature/4498.npy,fake_label/4498.npy
fake_feature/4499.npy,fake_label/4499.npy
fake_feature/4500.npy,fake_label/4500.npy
fake_feature/4501.npy,fake_label/4501.npy
fake_feature/4502.npy,fake_label/4502.npy
fake_feature/4503.npy,fake_label/4503.npy
fake_feature/4504.npy,fake_label/4504.npy
fake_feature/4505.npy,fake_label/4505.npy
fake_feature/4506.npy,fake_label/4506.npy
fake_feature/4507.npy,fake_label/4507.npy
fake_feature/4508.npy,fake_label/4508.npy
fake_feature/4509.npy,fake_label/4509.npy
fake_feature/4510.npy,fake_label/4510.npy
fake_feature/4511.npy,fake_label/4511.npy
fake_feature/4512.npy,fake_label/4512.npy
fake_feature/4513.npy,fake_label/4513.npy
fake_feature/4514.npy,fake_label/4514.npy
fake_feature/4515.npy,fake_label/4515.npy
fake_feature/4516.npy,fake_label/4516.npy
fake_feature/4517.npy,fake_label/4517.npy
fake_feature/4518.npy,fake_label/4518.npy
fake_feature/4519.npy,fake_label/4519.npy
fake_feature/4520.npy,fake_label/4520.npy
fake_feature/4521.npy,fake_label/4521.npy
fake_feature/4522.npy,fake_label/4522.npy
fake_feature/4523.npy,fake_label/4523.npy
fake_feature/4524.npy,fake_label/4524.npy
fake_feature/4525.npy,fake_label/4525.npy
fake_feature/4526.npy,fake_label/4526.npy
fake_feature/4527.npy,fake_label/4527.npy
fake_feature/4528.npy,fake_label/4528.npy
fake_feature/4529.npy,fake_label/4529.npy
fake_feature/4530.npy,fake_label/4530.npy
fake_feature/4531.npy,fake_label/4531.npy
fake_feature/4532.npy,fake_label/4532.npy
fake_feature/4533.npy,fake_label/4533.npy
fake_feature/4534.npy,fake_label/4534.npy
fake_feature/4535.npy,fake_label/4535.npy
fake_feature/4536.npy,fake_label/4536.npy
fake_feature/4537.npy,fake_label/4537.npy
fake_feature/4538.npy,fake_label/4538.npy
fake_feature/4539.npy,fake_label/4539.npy
fake_feature/4540.npy,fake_label/4540.npy
fake_feature/4541.npy,fake_label/4541.npy
fake_feature/4542.npy,fake_label/4542.npy
fake_feature/4543.npy,fake_label/4543.npy
fake_feature/4544.npy,fake_label/4544.npy
fake_feature/4545.npy,fake_label/4545.npy
fake_feature/4546.npy,fake_label/4546.npy
fake_feature/4547.npy,fake_label/4547.npy
fake_feature/4548.npy,fake_label/4548.npy
fake_feature/4549.npy,fake_label/4549.npy
fake_feature/4550.npy,fake_label/4550.npy
fake_feature/4551.npy,fake_label/4551.npy
fake_feature/4552.npy,fake_label/4552.npy
fake_feature/4553.npy,fake_label/4553.npy
fake_feature/4554.npy,fake_label/4554.npy
fake_feature/4555.npy,fake_label/4555.npy
fake_feature/4556.npy,fake_label/4556.npy
fake_feature/4557.npy,fake_label/4557.npy
fake_feature/4558.npy,fake_label/4558.npy
fake_feature/4559.npy,fake_label/4559.npy
fake_feature/4560.npy,fake_label/4560.npy
fake_feature/4561.npy,fake_label/4561.npy
fake_feature/4562.npy,fake_label/4562.npy
fake_feature/4563.npy,fake_label/4563.npy
fake_feature/4564.npy,fake_label/4564.npy
fake_feature/4565.npy,fake_label/4565.npy
fake_feature/4566.npy,fake_label/4566.npy
fake_feature/4567.npy,fake_label/4567.npy
fake_feature/4568.npy,fake_label/4568.npy
fake_feature/4569.npy,fake_label/4569.npy
fake_feature/4570.npy,fake_label/4570.npy
fake_feature/4571.npy,fake_label/4571.npy
fake_feature/4572.npy,fake_label/4572.npy
fake_feature/4573.npy,fake_label/4573.npy
fake_feature/4574.npy,fake_label/4574.npy
fake_feature/4575.npy,fake_label/4575.npy
fake_feature/4576.npy,fake_label/4576.npy
fake_feature/4577.npy,fake_label/4577.npy
fake_feature/4578.npy,fake_label/4578.npy
fake_feature/4579.npy,fake_label/4579.npy
fake_feature/4580.npy,fake_label/4580.npy
fake_feature/4581.npy,fake_label/4581.npy
fake_feature/4582.npy,fake_label/4582.npy
fake_feature/4583.npy,fake_label/4583.npy
fake_feature/4584.npy,fake_label/4584.npy
fake_feature/4585.npy,fake_label/4585.npy
fake_feature/4586.npy,fake_label/4586.npy
fake_feature/4587.npy,fake_label/4587.npy
fake_feature/4588.npy,fake_label/4588.npy
fake_feature/4589.npy,fake_label/4589.npy
fake_feature/4590.npy,fake_label/4590.npy
fake_feature/4591.npy,fake_label/4591.npy
fake_feature/4592.npy,fake_label/4592.npy
fake_feature/4593.npy,fake_label/4593.npy
fake_feature/4594.npy,fake_label/4594.npy
fake_feature/4595.npy,fake_label/4595.npy
fake_feature/4596.npy,fake_label/4596.npy
fake_feature/4597.npy,fake_label/4597.npy
fake_feature/4598.npy,fake_label/4598.npy
fake_feature/4599.npy,fake_label/4599.npy
fake_feature/4600.npy,fake_label/4600.npy
fake_feature/4601.npy,fake_label/4601.npy
fake_feature/4602.npy,fake_label/4602.npy
fake_feature/4603.npy,fake_label/4603.npy
fake_feature/4604.npy,fake_label/4604.npy
fake_feature/4605.npy,fake_label/4605.npy
fake_feature/4606.npy,fake_label/4606.npy
fake_feature/4607.npy,fake_label/4607.npy
fake_feature/4608.npy,fake_label/4608.npy
fake_feature/4609.npy,fake_label/4609.npy
fake_feature/4610.npy,fake_label/4610.npy
fake_feature/4611.npy,fake_label/4611.npy
fake_feature/4612.npy,fake_label/4612.npy
fake_feature/4613.npy,fake_label/4613.npy
fake_feature/4614.npy,fake_label/4614.npy
fake_feature/4615.npy,fake_label/4615.npy
fake_feature/4616.npy,fake_label/4616.npy
fake_feature/4617.npy,fake_label/4617.npy
fake_feature/4618.npy,fake_label/4618.npy
fake_feature/4619.npy,fake_label/4619.npy
fake_feature/4620.npy,fake_label/4620.npy
fake_feature/4621.npy,fake_label/4621.npy
fake_feature/4622.npy,fake_label/4622.npy
fake_feature/4623.npy,fake_label/4623.npy
fake_feature/4624.npy,fake_label/4624.npy
fake_feature/4625.npy,fake_label/4625.npy
fake_feature/4626.npy,fake_label/4626.npy
fake_feature/4627.npy,fake_label/4627.npy
fake_feature/4628.npy,fake_label/4628.npy
fake_feature/4629.npy,fake_label/4629.npy
fake_feature/4630.npy,fake_label/4630.npy
fake_feature/4631.npy,fake_label/4631.npy
fake_feature/4632.npy,fake_label/4632.npy
fake_feature/4633.npy,fake_label/4633.npy
fake_feature/4634.npy,fake_label/4634.npy
fake_feature/4635.npy,fake_label/4635.npy
fake_feature/4636.npy,fake_label/4636.npy
fake_feature/4637.npy,fake_label/4637.npy
fake_feature/4638.npy,fake_label/4638.npy
fake_feature/4639.npy,fake_label/4639.npy
fake_feature/4640.npy,fake_label/4640.npy
fake_feature/4641.npy,fake_label/4641.npy
fake_feature/4642.npy,fake_label/4642.npy
fake_feature/4643.npy,fake_label/4643.npy
fake_feature/4644.npy,fake_label/4644.npy
fake_feature/4645.npy,fake_label/4645.npy
fake_feature/4646.npy,fake_label/4646.npy
fake_feature/4647.npy,fake_label/4647.npy
fake_feature/4648.npy,fake_label/4648.npy
fake_feature/4649.npy,fake_label/4649.npy
fake_feature/4650.npy,fake_label/4650.npy
fake_feature/4651.npy,fake_label/4651.npy
fake_feature/4652.npy,fake_label/4652.npy
fake_feature/4653.npy,fake_label/4653.npy
fake_feature/4654.npy,fake_label/4654.npy
fake_feature/4655.npy,fake_label/4655.npy
fake_feature/4656.npy,fake_label/4656.npy
fake_feature/4657.npy,fake_label/4657.npy
fake_feature/4658.npy,fake_label/4658.npy
fake_feature/4659.npy,fake_label/4659.npy
fake_feature/4660.npy,fake_label/4660.npy
fake_feature/4661.npy,fake_label/4661.npy
fake_feature/4662.npy,fake_label/4662.npy
fake_feature/4663.npy,fake_label/4663.npy
fake_feature/4664.npy,fake_label/4664.npy
fake_feature/4665.npy,fake_label/4665.npy
fake_feature/4666.npy,fake_label/4666.npy
fake_feature/4667.npy,fake_label/4667.npy
fake_feature/4668.npy,fake_label/4668.npy
fake_feature/4669.npy,fake_label/4669.npy
fake_feature/4670.npy,fake_label/4670.npy
fake_feature/4671.npy,fake_label/4671.npy
fake_feature/4672.npy,fake_label/4672.npy
fake_feature/4673.npy,fake_label/4673.npy
fake_feature/4674.npy,fake_label/4674.npy
fake_feature/4675.npy,fake_label/4675.npy
fake_feature/4676.npy,fake_label/4676.npy
fake_feature/4677.npy,fake_label/4677.npy
fake_feature/4678.npy,fake_label/4678.npy
fake_feature/4679.npy,fake_label/4679.npy
fake_feature/4680.npy,fake_label/4680.npy
fake_feature/4681.npy,fake_label/4681.npy
fake_feature/4682.npy,fake_label/4682.npy
fake_feature/4683.npy,fake_label/4683.npy
fake_feature/4684.npy,fake_label/4684.npy
fake_feature/4685.npy,fake_label/4685.npy
fake_feature/4686.npy,fake_label/4686.npy
fake_feature/4687.npy,fake_label/4687.npy
fake_feature/4688.npy,fake_label/4688.npy
fake_feature/4689.npy,fake_label/4689.npy
fake_feature/4690.npy,fake_label/4690.npy
fake_feature/4691.npy,fake_label/4691.npy
fake_feature/4692.npy,fake_label/4692.npy
fake_feature/4693.npy,fake_label/4693.npy
fake_feature/4694.npy,fake_label/4694.npy
fake_feature/4695.npy,fake_label/4695.npy
fake_feature/4696.npy,fake_label/4696.npy
fake_feature/4697.npy,fake_label/4697.npy
fake_feature/4698.npy,fake_label/4698.npy
fake_feature/4699.npy,fake_label/4699.npy
fake_feature/4700.npy,fake_label/4700.npy
fake_feature/4701.npy,fake_label/4701.npy
fake_feature/4702.npy,fake_label/4702.npy
fake_feature/4703.npy,fake_label/4703.npy
fake_feature/4704.npy,fake_label/4704.npy
fake_feature/4705.npy,fake_label/4705.npy
fake_feature/4706.npy,fake_label/4706.npy
fake_feature/4707.npy,fake_label/4707.npy
fake_feature/4708.npy,fake_label/4708.npy
fake_feature/4709.npy,fake_label/4709.npy
fake_feature/4710.npy,fake_label/4710.npy
fake_feature/4711.npy,fake_label/4711.npy
fake_feature/4712.npy,fake_label/4712.npy
fake_feature/4713.npy,fake_label/4713.npy
fake_feature/4714.npy,fake_label/4714.npy
fake_feature/4715.npy,fake_label/4715.npy
fake_feature/4716.npy,fake_label/4716.npy
fake_feature/4717.npy,fake_label/4717.npy
fake_feature/4718.npy,fake_label/4718.npy
fake_feature/4719.npy,fake_label/4719.npy
fake_feature/4720.npy,fake_label/4720.npy
fake_feature/4721.npy,fake_label/4721.npy
fake_feature/4722.npy,fake_label/4722.npy
fake_feature/4723.npy,fake_label/4723.npy
fake_feature/4724.npy,fake_label/4724.npy
fake_feature/4725.npy,fake_label/4725.npy
fake_feature/4726.npy,fake_label/4726.npy
fake_feature/4727.npy,fake_label/4727.npy
fake_feature/4728.npy,fake_label/4728.npy
fake_feature/4729.npy,fake_label/4729.npy
fake_feature/4730.npy,fake_label/4730.npy
fake_feature/4731.npy,fake_label/4731.npy
fake_feature/4732.npy,fake_label/4732.npy
fake_feature/4733.npy,fake_label/4733.npy
fake_feature/4734.npy,fake_label/4734.npy
fake_feature/4735.npy,fake_label/4735.npy
fake_feature/4736.npy,fake_label/4736.npy
fake_feature/4737.npy,fake_label/4737.npy
fake_feature/4738.npy,fake_label/4738.npy
fake_feature/4739.npy,fake_label/4739.npy
fake_feature/4740.npy,fake_label/4740.npy
fake_feature/4741.npy,fake_label/4741.npy
fake_feature/4742.npy,fake_label/4742.npy
fake_feature/4743.npy,fake_label/4743.npy
fake_feature/4744.npy,fake_label/4744.npy
fake_feature/4745.npy,fake_label/4745.npy
fake_feature/4746.npy,fake_label/4746.npy
fake_feature/4747.npy,fake_label/4747.npy
fake_feature/4748.npy,fake_label/4748.npy
fake_feature/4749.npy,fake_label/4749.npy
fake_feature/4750.npy,fake_label/4750.npy
fake_feature/4751.npy,fake_label/4751.npy
fake_feature/4752.npy,fake_label/4752.npy
fake_feature/4753.npy,fake_label/4753.npy
fake_feature/4754.npy,fake_label/4754.npy
fake_feature/4755.npy,fake_label/4755.npy
fake_feature/4756.npy,fake_label/4756.npy
fake_feature/4757.npy,fake_label/4757.npy
fake_feature/4758.npy,fake_label/4758.npy
fake_feature/4759.npy,fake_label/4759.npy
fake_feature/4760.npy,fake_label/4760.npy
fake_feature/4761.npy,fake_label/4761.npy
fake_feature/4762.npy,fake_label/4762.npy
fake_feature/4763.npy,fake_label/4763.npy
fake_feature/4764.npy,fake_label/4764.npy
fake_feature/4765.npy,fake_label/4765.npy
fake_feature/4766.npy,fake_label/4766.npy
fake_feature/4767.npy,fake_label/4767.npy
fake_feature/4768.npy,fake_label/4768.npy
fake_feature/4769.npy,fake_label/4769.npy
fake_feature/4770.npy,fake_label/4770.npy
fake_feature/4771.npy,fake_label/4771.npy
fake_feature/4772.npy,fake_label/4772.npy
fake_feature/4773.npy,fake_label/4773.npy
fake_feature/4774.npy,fake_label/4774.npy
fake_feature/4775.npy,fake_label/4775.npy
fake_feature/4776.npy,fake_label/4776.npy
fake_feature/4777.npy,fake_label/4777.npy
fake_feature/4778.npy,fake_label/4778.npy
fake_feature/4779.npy,fake_label/4779.npy
fake_feature/4780.npy,fake_label/4780.npy
fake_feature/4781.npy,fake_label/4781.npy
fake_feature/4782.npy,fake_label/4782.npy
fake_feature/4783.npy,fake_label/4783.npy
fake_feature/4784.npy,fake_label/4784.npy
fake_feature/4785.npy,fake_label/4785.npy
fake_feature/4786.npy,fake_label/4786.npy
fake_feature/4787.npy,fake_label/4787.npy
fake_feature/4788.npy,fake_label/4788.npy
fake_feature/4789.npy,fake_label/4789.npy
fake_feature/4790.npy,fake_label/4790.npy
fake_feature/4791.npy,fake_label/4791.npy
fake_feature/4792.npy,fake_label/4792.npy
fake_feature/4793.npy,fake_label/4793.npy
fake_feature/4794.npy,fake_label/4794.npy
fake_feature/4795.npy,fake_label/4795.npy
fake_feature/4796.npy,fake_label/4796.npy
fake_feature/4797.npy,fake_label/4797.npy
fake_feature/4798.npy,fake_label/4798.npy
fake_feature/4799.npy,fake_label/4799.npy
fake_feature/4800.npy,fake_label/4800.npy
fake_feature/4801.npy,fake_label/4801.npy
fake_feature/4802.npy,fake_label/4802.npy
fake_feature/4803.npy,fake_label/4803.npy
fake_feature/4804.npy,fake_label/4804.npy
fake_feature/4805.npy,fake_label/4805.npy
fake_feature/4806.npy,fake_label/4806.npy
fake_feature/4807.npy,fake_label/4807.npy
fake_feature/4808.npy,fake_label/4808.npy
fake_feature/4809.npy,fake_label/4809.npy
fake_feature/4810.npy,fake_label/4810.npy
fake_feature/4811.npy,fake_label/4811.npy
fake_feature/4812.npy,fake_label/4812.npy
fake_feature/4813.npy,fake_label/4813.npy
fake_feature/4814.npy,fake_label/4814.npy
fake_feature/4815.npy,fake_label/4815.npy
fake_feature/4816.npy,fake_label/4816.npy
fake_feature/4817.npy,fake_label/4817.npy
fake_feature/4818.npy,fake_label/4818.npy
fake_feature/4819.npy,fake_label/4819.npy
fake_feature/4820.npy,fake_label/4820.npy
fake_feature/4821.npy,fake_label/4821.npy
fake_feature/4822.npy,fake_label/4822.npy
fake_feature/4823.npy,fake_label/4823.npy
fake_feature/4824.npy,fake_label/4824.npy
fake_feature/4825.npy,fake_label/4825.npy
fake_feature/4826.npy,fake_label/4826.npy
fake_feature/4827.npy,fake_label/4827.npy
fake_feature/4828.npy,fake_label/4828.npy
fake_feature/4829.npy,fake_label/4829.npy
fake_feature/4830.npy,fake_label/4830.npy
fake_feature/4831.npy,fake_label/4831.npy
fake_feature/4832.npy,fake_label/4832.npy
fake_feature/4833.npy,fake_label/4833.npy
fake_feature/4834.npy,fake_label/4834.npy
fake_feature/4835.npy,fake_label/4835.npy
fake_feature/4836.npy,fake_label/4836.npy
fake_feature/4837.npy,fake_label/4837.npy
fake_feature/4838.npy,fake_label/4838.npy
fake_feature/4839.npy,fake_label/4839.npy
fake_feature/4840.npy,fake_label/4840.npy
fake_feature/4841.npy,fake_label/4841.npy
fake_feature/4842.npy,fake_label/4842.npy
fake_feature/4843.npy,fake_label/4843.npy
fake_feature/4844.npy,fake_label/4844.npy
fake_feature/4845.npy,fake_label/4845.npy
fake_feature/4846.npy,fake_label/4846.npy
fake_feature/4847.npy,fake_label/4847.npy
fake_feature/4848.npy,fake_label/4848.npy
fake_feature/4849.npy,fake_label/4849.npy
fake_feature/4850.npy,fake_label/4850.npy
fake_feature/4851.npy,fake_label/4851.npy
fake_feature/4852.npy,fake_label/4852.npy
fake_feature/4853.npy,fake_label/4853.npy
fake_feature/4854.npy,fake_label/4854.npy
fake_feature/4855.npy,fake_label/4855.npy
fake_feature/4856.npy,fake_label/4856.npy
fake_feature/4857.npy,fake_label/4857.npy
fake_feature/4858.npy,fake_label/4858.npy
fake_feature/4859.npy,fake_label/4859.npy
fake_feature/4860.npy,fake_label/4860.npy
fake_feature/4861.npy,fake_label/4861.npy
fake_feature/4862.npy,fake_label/4862.npy
fake_feature/4863.npy,fake_label/4863.npy
fake_feature/4864.npy,fake_label/4864.npy
fake_feature/4865.npy,fake_label/4865.npy
fake_feature/4866.npy,fake_label/4866.npy
fake_feature/4867.npy,fake_label/4867.npy
fake_feature/4868.npy,fake_label/4868.npy
fake_feature/4869.npy,fake_label/4869.npy
fake_feature/4870.npy,fake_label/4870.npy
fake_feature/4871.npy,fake_label/4871.npy
fake_feature/4872.npy,fake_label/4872.npy
fake_feature/4873.npy,fake_label/4873.npy
fake_feature/4874.npy,fake_label/4874.npy
fake_feature/4875.npy,fake_label/4875.npy
fake_feature/4876.npy,fake_label/4876.npy
fake_feature/4877.npy,fake_label/4877.npy
fake_feature/4878.npy,fake_label/4878.npy
fake_feature/4879.npy,fake_label/4879.npy
fake_feature/4880.npy,fake_label/4880.npy
fake_feature/4881.npy,fake_label/4881.npy
fake_feature/4882.npy,fake_label/4882.npy
fake_feature/4883.npy,fake_label/4883.npy
fake_feature/4884.npy,fake_label/4884.npy
fake_feature/4885.npy,fake_label/4885.npy
fake_feature/4886.npy,fake_label/4886.npy
fake_feature/4887.npy,fake_label/4887.npy
fake_feature/4888.npy,fake_label/4888.npy
fake_feature/4889.npy,fake_label/4889.npy
fake_feature/4890.npy,fake_label/4890.npy
fake_feature/4891.npy,fake_label/4891.npy
fake_feature/4892.npy,fake_label/4892.npy
fake_feature/4893.npy,fake_label/4893.npy
fake_feature/4894.npy,fake_label/4894.npy
fake_feature/4895.npy,fake_label/4895.npy
fake_feature/4896.npy,fake_label/4896.npy
fake_feature/4897.npy,fake_label/4897.npy
fake_feature/4898.npy,fake_label/4898.npy
fake_feature/4899.npy,fake_label/4899.npy
fake_feature/4900.npy,fake_label/4900.npy
fake_feature/4901.npy,fake_label/4901.npy
fake_feature/4902.npy,fake_label/4902.npy
fake_feature/4903.npy,fake_label/4903.npy
fake_feature/4904.npy,fake_label/4904.npy
fake_feature/4905.npy,fake_label/4905.npy
fake_feature/4906.npy,fake_label/4906.npy
fake_feature/4907.npy,fake_label/4907.npy
fake_feature/4908.npy,fake_label/4908.npy
fake_feature/4909.npy,fake_label/4909.npy
fake_feature/4910.npy,fake_label/4910.npy
fake_feature/4911.npy,fake_label/4911.npy
fake_feature/4912.npy,fake_label/4912.npy
fake_feature/4913.npy,fake_label/4913.npy
fake_feature/4914.npy,fake_label/4914.npy
fake_feature/4915.npy,fake_label/4915.npy
fake_feature/4916.npy,fake_label/4916.npy
fake_feature/4917.npy,fake_label/4917.npy
fake_feature/4918.npy,fake_label/4918.npy
fake_feature/4919.npy,fake_label/4919.npy
fake_feature/4920.npy,fake_label/4920.npy
fake_feature/4921.npy,fake_label/4921.npy
fake_feature/4922.npy,fake_label/4922.npy
fake_feature/4923.npy,fake_label/4923.npy
fake_feature/4924.npy,fake_label/4924.npy
fake_feature/4925.npy,fake_label/4925.npy
fake_feature/4926.npy,fake_label/4926.npy
fake_feature/4927.npy,fake_label/4927.npy
fake_feature/4928.npy,fake_label/4928.npy
fake_feature/4929.npy,fake_label/4929.npy
fake_feature/4930.npy,fake_label/4930.npy
fake_feature/4931.npy,fake_label/4931.npy
fake_feature/4932.npy,fake_label/4932.npy
fake_feature/4933.npy,fake_label/4933.npy
fake_feature/4934.npy,fake_label/4934.npy
fake_feature/4935.npy,fake_label/4935.npy
fake_feature/4936.npy,fake_label/4936.npy
fake_feature/4937.npy,fake_label/4937.npy
fake_feature/4938.npy,fake_label/4938.npy
fake_feature/4939.npy,fake_label/4939.npy
fake_feature/4940.npy,fake_label/4940.npy
fake_feature/4941.npy,fake_label/4941.npy
fake_feature/4942.npy,fake_label/4942.npy
fake_feature/4943.npy,fake_label/4943.npy
fake_feature/4944.npy,fake_label/4944.npy
fake_feature/4945.npy,fake_label/4945.npy
fake_feature/4946.npy,fake_label/4946.npy
fake_feature/4947.npy,fake_label/4947.npy
fake_feature/4948.npy,fake_label/4948.npy
fake_feature/4949.npy,fake_label/4949.npy
fake_feature/4950.npy,fake_label/4950.npy
fake_feature/4951.npy,fake_label/4951.npy
fake_feature/4952.npy,fake_label/4952.npy
fake_feature/4953.npy,fake_label/4953.npy
fake_feature/4954.npy,fake_label/4954.npy
fake_feature/4955.npy,fake_label/4955.npy
fake_feature/4956.npy,fake_label/4956.npy
fake_feature/4957.npy,fake_label/4957.npy
fake_feature/4958.npy,fake_label/4958.npy
fake_feature/4959.npy,fake_label/4959.npy
fake_feature/4960.npy,fake_label/4960.npy
fake_feature/4961.npy,fake_label/4961.npy
fake_feature/4962.npy,fake_label/4962.npy
fake_feature/4963.npy,fake_label/4963.npy
fake_feature/4964.npy,fake_label/4964.npy
fake_feature/4965.npy,fake_label/4965.npy
fake_feature/4966.npy,fake_label/4966.npy
fake_feature/4967.npy,fake_label/4967.npy
fake_feature/4968.npy,fake_label/4968.npy
fake_feature/4969.npy,fake_label/4969.npy
fake_feature/4970.npy,fake_label/4970.npy
fake_feature/4971.npy,fake_label/4971.npy
fake_feature/4972.npy,fake_label/4972.npy
fake_feature/4973.npy,fake_label/4973.npy
fake_feature/4974.npy,fake_label/4974.npy
fake_feature/4975.npy,fake_label/4975.npy
fake_feature/4976.npy,fake_label/4976.npy
fake_feature/4977.npy,fake_label/4977.npy
fake_feature/4978.npy,fake_label/4978.npy
fake_feature/4979.npy,fake_label/4979.npy
fake_feature/4980.npy,fake_label/4980.npy
fake_feature/4981.npy,fake_label/4981.npy
fake_feature/4982.npy,fake_label/4982.npy
fake_feature/4983.npy,fake_label/4983.npy
fake_feature/4984.npy,fake_label/4984.npy
fake_feature/4985.npy,fake_label/4985.npy
fake_feature/4986.npy,fake_label/4986.npy
fake_feature/4987.npy,fake_label/4987.npy
fake_feature/4988.npy,fake_label/4988.npy
fake_feature/4989.npy,fake_label/4989.npy
fake_feature/4990.npy,fake_label/4990.npy
fake_feature/4991.npy,fake_label/4991.npy
fake_feature/4992.npy,fake_label/4992.npy
fake_feature/4993.npy,fake_label/4993.npy
fake_feature/4994.npy,fake_label/4994.npy
fake_feature/4995.npy,fake_label/4995.npy
fake_feature/4996.npy,fake_label/4996.npy
fake_feature/4997.npy,fake_label/4997.npy
fake_feature/4998.npy,fake_label/4998.npy
fake_feature/4999.npy,fake_label/4999.npy
fake_feature/5000.npy,fake_label/5000.npy
fake_feature/5001.npy,fake_label/5001.npy
fake_feature/5002.npy,fake_label/5002.npy
fake_feature/5003.npy,fake_label/5003.npy
fake_feature/5004.npy,fake_label/5004.npy
fake_feature/5005.npy,fake_label/5005.npy
fake_feature/5006.npy,fake_label/5006.npy
fake_feature/5007.npy,fake_label/5007.npy
fake_feature/5008.npy,fake_label/5008.npy
fake_feature/5009.npy,fake_label/5009.npy
fake_feature/5010.npy,fake_label/5010.npy
fake_feature/5011.npy,fake_label/5011.npy
fake_feature/5012.npy,fake_label/5012.npy
fake_feature/5013.npy,fake_label/5013.npy
fake_feature/5014.npy,fake_label/5014.npy
fake_feature/5015.npy,fake_label/5015.npy
fake_feature/5016.npy,fake_label/5016.npy
fake_feature/5017.npy,fake_label/5017.npy
fake_feature/5018.npy,fake_label/5018.npy
fake_feature/5019.npy,fake_label/5019.npy
fake_feature/5020.npy,fake_label/5020.npy
fake_feature/5021.npy,fake_label/5021.npy
fake_feature/5022.npy,fake_label/5022.npy
fake_feature/5023.npy,fake_label/5023.npy
fake_feature/5024.npy,fake_label/5024.npy
fake_feature/5025.npy,fake_label/5025.npy
fake_feature/5026.npy,fake_label/5026.npy
fake_feature/5027.npy,fake_label/5027.npy
fake_feature/5028.npy,fake_label/5028.npy
fake_feature/5029.npy,fake_label/5029.npy
fake_feature/5030.npy,fake_label/5030.npy
fake_feature/5031.npy,fake_label/5031.npy
fake_feature/5032.npy,fake_label/5032.npy
fake_feature/5033.npy,fake_label/5033.npy
fake_feature/5034.npy,fake_label/5034.npy
fake_feature/5035.npy,fake_label/5035.npy
fake_feature/5036.npy,fake_label/5036.npy
fake_feature/5037.npy,fake_label/5037.npy
fake_feature/5038.npy,fake_label/5038.npy
fake_feature/5039.npy,fake_label/5039.npy
fake_feature/5040.npy,fake_label/5040.npy
fake_feature/5041.npy,fake_label/5041.npy
fake_feature/5042.npy,fake_label/5042.npy
fake_feature/5043.npy,fake_label/5043.npy
fake_feature/5044.npy,fake_label/5044.npy
fake_feature/5045.npy,fake_label/5045.npy
fake_feature/5046.npy,fake_label/5046.npy
fake_feature/5047.npy,fake_label/5047.npy
fake_feature/5048.npy,fake_label/5048.npy
fake_feature/5049.npy,fake_label/5049.npy
fake_feature/5050.npy,fake_label/5050.npy
fake_feature/5051.npy,fake_label/5051.npy
fake_feature/5052.npy,fake_label/5052.npy
fake_feature/5053.npy,fake_label/5053.npy
fake_feature/5054.npy,fake_label/5054.npy
fake_feature/5055.npy,fake_label/5055.npy
fake_feature/5056.npy,fake_label/5056.npy
fake_feature/5057.npy,fake_label/5057.npy
fake_feature/5058.npy,fake_label/5058.npy
fake_feature/5059.npy,fake_label/5059.npy
fake_feature/5060.npy,fake_label/5060.npy
fake_feature/5061.npy,fake_label/5061.npy
fake_feature/5062.npy,fake_label/5062.npy
fake_feature/5063.npy,fake_label/5063.npy
fake_feature/5064.npy,fake_label/5064.npy
fake_feature/5065.npy,fake_label/5065.npy
fake_feature/5066.npy,fake_label/5066.npy
fake_feature/5067.npy,fake_label/5067.npy
fake_feature/5068.npy,fake_label/5068.npy
fake_feature/5069.npy,fake_label/5069.npy
fake_feature/5070.npy,fake_label/5070.npy
fake_feature/5071.npy,fake_label/5071.npy
fake_feature/5072.npy,fake_label/5072.npy
fake_feature/5073.npy,fake_label/5073.npy
fake_feature/5074.npy,fake_label/5074.npy
fake_feature/5075.npy,fake_label/5075.npy
fake_feature/5076.npy,fake_label/5076.npy
fake_feature/5077.npy,fake_label/5077.npy
fake_feature/5078.npy,fake_label/5078.npy
fake_feature/5079.npy,fake_label/5079.npy
fake_feature/5080.npy,fake_label/5080.npy
fake_feature/5081.npy,fake_label/5081.npy
fake_feature/5082.npy,fake_label/5082.npy
fake_feature/5083.npy,fake_label/5083.npy
fake_feature/5084.npy,fake_label/5084.npy
fake_feature/5085.npy,fake_label/5085.npy
fake_feature/5086.npy,fake_label/5086.npy
fake_feature/5087.npy,fake_label/5087.npy
fake_feature/5088.npy,fake_label/5088.npy
fake_feature/5089.npy,fake_label/5089.npy
fake_feature/5090.npy,fake_label/5090.npy
fake_feature/5091.npy,fake_label/5091.npy
fake_feature/5092.npy,fake_label/5092.npy
fake_feature/5093.npy,fake_label/5093.npy
fake_feature/5094.npy,fake_label/5094.npy
fake_feature/5095.npy,fake_label/5095.npy
fake_feature/5096.npy,fake_label/5096.npy
fake_feature/5097.npy,fake_label/5097.npy
fake_feature/5098.npy,fake_label/5098.npy
fake_feature/5099.npy,fake_label/5099.npy
fake_feature/5100.npy,fake_label/5100.npy
fake_feature/5101.npy,fake_label/5101.npy
fake_feature/5102.npy,fake_label/5102.npy
fake_feature/5103.npy,fake_label/5103.npy
fake_feature/5104.npy,fake_label/5104.npy
fake_feature/5105.npy,fake_label/5105.npy
fake_feature/5106.npy,fake_label/5106.npy
fake_feature/5107.npy,fake_label/5107.npy
fake_feature/5108.npy,fake_label/5108.npy
fake_feature/5109.npy,fake_label/5109.npy
fake_feature/5110.npy,fake_label/5110.npy
fake_feature/5111.npy,fake_label/5111.npy
fake_feature/5112.npy,fake_label/5112.npy
fake_feature/5113.npy,fake_label/5113.npy
fake_feature/5114.npy,fake_label/5114.npy
fake_feature/5115.npy,fake_label/5115.npy
fake_feature/5116.npy,fake_label/5116.npy
fake_feature/5117.npy,fake_label/5117.npy
fake_feature/5118.npy,fake_label/5118.npy
fake_feature/5119.npy,fake_label/5119.npy
fake_feature/5120.npy,fake_label/5120.npy
fake_feature/5121.npy,fake_label/5121.npy
fake_feature/5122.npy,fake_label/5122.npy
fake_feature/5123.npy,fake_label/5123.npy
fake_feature/5124.npy,fake_label/5124.npy
fake_feature/5125.npy,fake_label/5125.npy
fake_feature/5126.npy,fake_label/5126.npy
fake_feature/5127.npy,fake_label/5127.npy
fake_feature/5128.npy,fake_label/5128.npy
fake_feature/5129.npy,fake_label/5129.npy
fake_feature/5130.npy,fake_label/5130.npy
fake_feature/5131.npy,fake_label/5131.npy
fake_feature/5132.npy,fake_label/5132.npy
fake_feature/5133.npy,fake_label/5133.npy
fake_feature/5134.npy,fake_label/5134.npy
fake_feature/5135.npy,fake_label/5135.npy
fake_feature/5136.npy,fake_label/5136.npy
fake_feature/5137.npy,fake_label/5137.npy
fake_feature/5138.npy,fake_label/5138.npy
fake_feature/5139.npy,fake_label/5139.npy
fake_feature/5140.npy,fake_label/5140.npy
fake_feature/5141.npy,fake_label/5141.npy
fake_feature/5142.npy,fake_label/5142.npy
fake_feature/5143.npy,fake_label/5143.npy
fake_feature/5144.npy,fake_label/5144.npy
fake_feature/5145.npy,fake_label/5145.npy
fake_feature/5146.npy,fake_label/5146.npy
fake_feature/5147.npy,fake_label/5147.npy
fake_feature/5148.npy,fake_label/5148.npy
fake_feature/5149.npy,fake_label/5149.npy
fake_feature/5150.npy,fake_label/5150.npy
fake_feature/5151.npy,fake_label/5151.npy
fake_feature/5152.npy,fake_label/5152.npy
fake_feature/5153.npy,fake_label/5153.npy
fake_feature/5154.npy,fake_label/5154.npy
fake_feature/5155.npy,fake_label/5155.npy
fake_feature/5156.npy,fake_label/5156.npy
fake_feature/5157.npy,fake_label/5157.npy
fake_feature/5158.npy,fake_label/5158.npy
fake_feature/5159.npy,fake_label/5159.npy
fake_feature/5160.npy,fake_label/5160.npy
fake_feature/5161.npy,fake_label/5161.npy
fake_feature/5162.npy,fake_label/5162.npy
fake_feature/5163.npy,fake_label/5163.npy
fake_feature/5164.npy,fake_label/5164.npy
fake_feature/5165.npy,fake_label/5165.npy
fake_feature/5166.npy,fake_label/5166.npy
fake_feature/5167.npy,fake_label/5167.npy
fake_feature/5168.npy,fake_label/5168.npy
fake_feature/5169.npy,fake_label/5169.npy
fake_feature/5170.npy,fake_label/5170.npy
fake_feature/5171.npy,fake_label/5171.npy
fake_feature/5172.npy,fake_label/5172.npy
fake_feature/5173.npy,fake_label/5173.npy
fake_feature/5174.npy,fake_label/5174.npy
fake_feature/5175.npy,fake_label/5175.npy
fake_feature/5176.npy,fake_label/5176.npy
fake_feature/5177.npy,fake_label/5177.npy
fake_feature/5178.npy,fake_label/5178.npy
fake_feature/5179.npy,fake_label/5179.npy
fake_feature/5180.npy,fake_label/5180.npy
fake_feature/5181.npy,fake_label/5181.npy
fake_feature/5182.npy,fake_label/5182.npy
fake_feature/5183.npy,fake_label/5183.npy
fake_feature/5184.npy,fake_label/5184.npy
fake_feature/5185.npy,fake_label/5185.npy
fake_feature/5186.npy,fake_label/5186.npy
fake_feature/5187.npy,fake_label/5187.npy
fake_feature/5188.npy,fake_label/5188.npy
fake_feature/5189.npy,fake_label/5189.npy
fake_feature/5190.npy,fake_label/5190.npy
fake_feature/5191.npy,fake_label/5191.npy
fake_feature/5192.npy,fake_label/5192.npy
fake_feature/5193.npy,fake_label/5193.npy
fake_feature/5194.npy,fake_label/5194.npy
fake_feature/5195.npy,fake_label/5195.npy
fake_feature/5196.npy,fake_label/5196.npy
fake_feature/5197.npy,fake_label/5197.npy
fake_feature/5198.npy,fake_label/5198.npy
fake_feature/5199.npy,fake_label/5199.npy
fake_feature/5200.npy,fake_label/5200.npy
fake_feature/5201.npy,fake_label/5201.npy
fake_feature/5202.npy,fake_label/5202.npy
fake_feature/5203.npy,fake_label/5203.npy
fake_feature/5204.npy,fake_label/5204.npy
fake_feature/5205.npy,fake_label/5205.npy
fake_feature/5206.npy,fake_label/5206.npy
fake_feature/5207.npy,fake_label/5207.npy
fake_feature/5208.npy,fake_label/5208.npy
fake_feature/5209.npy,fake_label/5209.npy
fake_feature/5210.npy,fake_label/5210.npy
fake_feature/5211.npy,fake_label/5211.npy
fake_feature/5212.npy,fake_label/5212.npy
fake_feature/5213.npy,fake_label/5213.npy
fake_feature/5214.npy,fake_label/5214.npy
fake_feature/5215.npy,fake_label/5215.npy
fake_feature/5216.npy,fake_label/5216.npy
fake_feature/5217.npy,fake_label/5217.npy
fake_feature/5218.npy,fake_label/5218.npy
fake_feature/5219.npy,fake_label/5219.npy
fake_feature/5220.npy,fake_label/5220.npy
fake_feature/5221.npy,fake_label/5221.npy
fake_feature/5222.npy,fake_label/5222.npy
fake_feature/5223.npy,fake_label/5223.npy
fake_feature/5224.npy,fake_label/5224.npy
fake_feature/5225.npy,fake_label/5225.npy
fake_feature/5226.npy,fake_label/5226.npy
fake_feature/5227.npy,fake_label/5227.npy
fake_feature/5228.npy,fake_label/5228.npy
fake_feature/5229.npy,fake_label/5229.npy
fake_feature/5230.npy,fake_label/5230.npy
fake_feature/5231.npy,fake_label/5231.npy
fake_feature/5232.npy,fake_label/5232.npy
fake_feature/5233.npy,fake_label/5233.npy
fake_feature/5234.npy,fake_label/5234.npy
fake_feature/5235.npy,fake_label/5235.npy
fake_feature/5236.npy,fake_label/5236.npy
fake_feature/5237.npy,fake_label/5237.npy
fake_feature/5238.npy,fake_label/5238.npy
fake_feature/5239.npy,fake_label/5239.npy
fake_feature/5240.npy,fake_label/5240.npy
fake_feature/5241.npy,fake_label/5241.npy
fake_feature/5242.npy,fake_label/5242.npy
fake_feature/5243.npy,fake_label/5243.npy
fake_feature/5244.npy,fake_label/5244.npy
fake_feature/5245.npy,fake_label/5245.npy
fake_feature/5246.npy,fake_label/5246.npy
fake_feature/5247.npy,fake_label/5247.npy
fake_feature/5248.npy,fake_label/5248.npy
fake_feature/5249.npy,fake_label/5249.npy
fake_feature/5250.npy,fake_label/5250.npy
fake_feature/5251.npy,fake_label/5251.npy
fake_feature/5252.npy,fake_label/5252.npy
fake_feature/5253.npy,fake_label/5253.npy
fake_feature/5254.npy,fake_label/5254.npy
fake_feature/5255.npy,fake_label/5255.npy
fake_feature/5256.npy,fake_label/5256.npy
fake_feature/5257.npy,fake_label/5257.npy
fake_feature/5258.npy,fake_label/5258.npy
fake_feature/5259.npy,fake_label/5259.npy
fake_feature/5260.npy,fake_label/5260.npy
fake_feature/5261.npy,fake_label/5261.npy
fake_feature/5262.npy,fake_label/5262.npy
fake_feature/5263.npy,fake_label/5263.npy
fake_feature/5264.npy,fake_label/5264.npy
fake_feature/5265.npy,fake_label/5265.npy
fake_feature/5266.npy,fake_label/5266.npy
fake_feature/5267.npy,fake_label/5267.npy
fake_feature/5268.npy,fake_label/5268.npy
fake_feature/5269.npy,fake_label/5269.npy
fake_feature/5270.npy,fake_label/5270.npy
fake_feature/5271.npy,fake_label/5271.npy
fake_feature/5272.npy,fake_label/5272.npy
fake_feature/5273.npy,fake_label/5273.npy
fake_feature/5274.npy,fake_label/5274.npy
fake_feature/5275.npy,fake_label/5275.npy
fake_feature/5276.npy,fake_label/5276.npy
fake_feature/5277.npy,fake_label/5277.npy
fake_feature/5278.npy,fake_label/5278.npy
fake_feature/5279.npy,fake_label/5279.npy
fake_feature/5280.npy,fake_label/5280.npy
fake_feature/5281.npy,fake_label/5281.npy
fake_feature/5282.npy,fake_label/5282.npy
fake_feature/5283.npy,fake_label/5283.npy
fake_feature/5284.npy,fake_label/5284.npy
fake_feature/5285.npy,fake_label/5285.npy
fake_feature/5286.npy,fake_label/5286.npy
fake_feature/5287.npy,fake_label/5287.npy
fake_feature/5288.npy,fake_label/5288.npy
fake_feature/5289.npy,fake_label/5289.npy
fake_feature/5290.npy,fake_label/5290.npy
fake_feature/5291.npy,fake_label/5291.npy
fake_feature/5292.npy,fake_label/5292.npy
fake_feature/5293.npy,fake_label/5293.npy
fake_feature/5294.npy,fake_label/5294.npy
fake_feature/5295.npy,fake_label/5295.npy
fake_feature/5296.npy,fake_label/5296.npy
fake_feature/5297.npy,fake_label/5297.npy
fake_feature/5298.npy,fake_label/5298.npy
fake_feature/5299.npy,fake_label/5299.npy
fake_feature/5300.npy,fake_label/5300.npy
fake_feature/5301.npy,fake_label/5301.npy
fake_feature/5302.npy,fake_label/5302.npy
fake_feature/5303.npy,fake_label/5303.npy
fake_feature/5304.npy,fake_label/5304.npy
fake_feature/5305.npy,fake_label/5305.npy
fake_feature/5306.npy,fake_label/5306.npy
fake_feature/5307.npy,fake_label/5307.npy
fake_feature/5308.npy,fake_label/5308.npy
fake_feature/5309.npy,fake_label/5309.npy
fake_feature/5310.npy,fake_label/5310.npy
fake_feature/5311.npy,fake_label/5311.npy
fake_feature/5312.npy,fake_label/5312.npy
fake_feature/5313.npy,fake_label/5313.npy
fake_feature/5314.npy,fake_label/5314.npy
fake_feature/5315.npy,fake_label/5315.npy
fake_feature/5316.npy,fake_label/5316.npy
fake_feature/5317.npy,fake_label/5317.npy
fake_feature/5318.npy,fake_label/5318.npy
fake_feature/5319.npy,fake_label/5319.npy
fake_feature/5320.npy,fake_label/5320.npy
fake_feature/5321.npy,fake_label/5321.npy
fake_feature/5322.npy,fake_label/5322.npy
fake_feature/5323.npy,fake_label/5323.npy
fake_feature/5324.npy,fake_label/5324.npy
fake_feature/5325.npy,fake_label/5325.npy
fake_feature/5326.npy,fake_label/5326.npy
fake_feature/5327.npy,fake_label/5327.npy
fake_feature/5328.npy,fake_label/5328.npy
fake_feature/5329.npy,fake_label/5329.npy
fake_feature/5330.npy,fake_label/5330.npy
fake_feature/5331.npy,fake_label/5331.npy
fake_feature/5332.npy,fake_label/5332.npy
fake_feature/5333.npy,fake_label/5333.npy
fake_feature/5334.npy,fake_label/5334.npy
fake_feature/5335.npy,fake_label/5335.npy
fake_feature/5336.npy,fake_label/5336.npy
fake_feature/5337.npy,fake_label/5337.npy
fake_feature/5338.npy,fake_label/5338.npy
fake_feature/5339.npy,fake_label/5339.npy
fake_feature/5340.npy,fake_label/5340.npy
fake_feature/5341.npy,fake_label/5341.npy
fake_feature/5342.npy,fake_label/5342.npy
fake_feature/5343.npy,fake_label/5343.npy
fake_feature/5344.npy,fake_label/5344.npy
fake_feature/5345.npy,fake_label/5345.npy
fake_feature/5346.npy,fake_label/5346.npy
fake_feature/5347.npy,fake_label/5347.npy
fake_feature/5348.npy,fake_label/5348.npy
fake_feature/5349.npy,fake_label/5349.npy
fake_feature/5350.npy,fake_label/5350.npy
fake_feature/5351.npy,fake_label/5351.npy
fake_feature/5352.npy,fake_label/5352.npy
fake_feature/5353.npy,fake_label/5353.npy
fake_feature/5354.npy,fake_label/5354.npy
fake_feature/5355.npy,fake_label/5355.npy
fake_feature/5356.npy,fake_label/5356.npy
fake_feature/5357.npy,fake_label/5357.npy
fake_feature/5358.npy,fake_label/5358.npy
fake_feature/5359.npy,fake_label/5359.npy
fake_feature/5360.npy,fake_label/5360.npy
fake_feature/5361.npy,fake_label/5361.npy
fake_feature/5362.npy,fake_label/5362.npy
fake_feature/5363.npy,fake_label/5363.npy
fake_feature/5364.npy,fake_label/5364.npy
fake_feature/5365.npy,fake_label/5365.npy
fake_feature/5366.npy,fake_label/5366.npy
fake_feature/5367.npy,fake_label/5367.npy
fake_feature/5368.npy,fake_label/5368.npy
fake_feature/5369.npy,fake_label/5369.npy
fake_feature/5370.npy,fake_label/5370.npy
fake_feature/5371.npy,fake_label/5371.npy
fake_feature/5372.npy,fake_label/5372.npy
fake_feature/5373.npy,fake_label/5373.npy
fake_feature/5374.npy,fake_label/5374.npy
fake_feature/5375.npy,fake_label/5375.npy
fake_feature/5376.npy,fake_label/5376.npy
fake_feature/5377.npy,fake_label/5377.npy
fake_feature/5378.npy,fake_label/5378.npy
fake_feature/5379.npy,fake_label/5379.npy
fake_feature/5380.npy,fake_label/5380.npy
fake_feature/5381.npy,fake_label/5381.npy
fake_feature/5382.npy,fake_label/5382.npy
fake_feature/5383.npy,fake_label/5383.npy
fake_feature/5384.npy,fake_label/5384.npy
fake_feature/5385.npy,fake_label/5385.npy
fake_feature/5386.npy,fake_label/5386.npy
fake_feature/5387.npy,fake_label/5387.npy
fake_feature/5388.npy,fake_label/5388.npy
fake_feature/5389.npy,fake_label/5389.npy
fake_feature/5390.npy,fake_label/5390.npy
fake_feature/5391.npy,fake_label/5391.npy
fake_feature/5392.npy,fake_label/5392.npy
fake_feature/5393.npy,fake_label/5393.npy
fake_feature/5394.npy,fake_label/5394.npy
fake_feature/5395.npy,fake_label/5395.npy
fake_feature/5396.npy,fake_label/5396.npy
fake_feature/5397.npy,fake_label/5397.npy
fake_feature/5398.npy,fake_label/5398.npy
fake_feature/5399.npy,fake_label/5399.npy
fake_feature/5400.npy,fake_label/5400.npy
fake_feature/5401.npy,fake_label/5401.npy
fake_feature/5402.npy,fake_label/5402.npy
fake_feature/5403.npy,fake_label/5403.npy
fake_feature/5404.npy,fake_label/5404.npy
fake_feature/5405.npy,fake_label/5405.npy
fake_feature/5406.npy,fake_label/5406.npy
fake_feature/5407.npy,fake_label/5407.npy
fake_feature/5408.npy,fake_label/5408.npy
fake_feature/5409.npy,fake_label/5409.npy
fake_feature/5410.npy,fake_label/5410.npy
fake_feature/5411.npy,fake_label/5411.npy
fake_feature/5412.npy,fake_label/5412.npy
fake_feature/5413.npy,fake_label/5413.npy
fake_feature/5414.npy,fake_label/5414.npy
fake_feature/5415.npy,fake_label/5415.npy
fake_feature/5416.npy,fake_label/5416.npy
fake_feature/5417.npy,fake_label/5417.npy
fake_feature/5418.npy,fake_label/5418.npy
fake_feature/5419.npy,fake_label/5419.npy
fake_feature/5420.npy,fake_label/5420.npy
fake_feature/5421.npy,fake_label/5421.npy
fake_feature/5422.npy,fake_label/5422.npy
fake_feature/5423.npy,fake_label/5423.npy
fake_feature/5424.npy,fake_label/5424.npy
fake_feature/5425.npy,fake_label/5425.npy
fake_feature/5426.npy,fake_label/5426.npy
fake_feature/5427.npy,fake_label/5427.npy
fake_feature/5428.npy,fake_label/5428.npy
fake_feature/5429.npy,fake_label/5429.npy
fake_feature/5430.npy,fake_label/5430.npy
fake_feature/5431.npy,fake_label/5431.npy
fake_feature/5432.npy,fake_label/5432.npy
fake_feature/5433.npy,fake_label/5433.npy
fake_feature/5434.npy,fake_label/5434.npy
fake_feature/5435.npy,fake_label/5435.npy
fake_feature/5436.npy,fake_label/5436.npy
fake_feature/5437.npy,fake_label/5437.npy
fake_feature/5438.npy,fake_label/5438.npy
fake_feature/5439.npy,fake_label/5439.npy
fake_feature/5440.npy,fake_label/5440.npy
fake_feature/5441.npy,fake_label/5441.npy
fake_feature/5442.npy,fake_label/5442.npy
fake_feature/5443.npy,fake_label/5443.npy
fake_feature/5444.npy,fake_label/5444.npy
fake_feature/5445.npy,fake_label/5445.npy
fake_feature/5446.npy,fake_label/5446.npy
fake_feature/5447.npy,fake_label/5447.npy
fake_feature/5448.npy,fake_label/5448.npy
fake_feature/5449.npy,fake_label/5449.npy
fake_feature/5450.npy,fake_label/5450.npy
fake_feature/5451.npy,fake_label/5451.npy
fake_feature/5452.npy,fake_label/5452.npy
fake_feature/5453.npy,fake_label/5453.npy
fake_feature/5454.npy,fake_label/5454.npy
fake_feature/5455.npy,fake_label/5455.npy
fake_feature/5456.npy,fake_label/5456.npy
fake_feature/5457.npy,fake_label/5457.npy
fake_feature/5458.npy,fake_label/5458.npy
fake_feature/5459.npy,fake_label/5459.npy
fake_feature/5460.npy,fake_label/5460.npy
fake_feature/5461.npy,fake_label/5461.npy
fake_feature/5462.npy,fake_label/5462.npy
fake_feature/5463.npy,fake_label/5463.npy
fake_feature/5464.npy,fake_label/5464.npy
fake_feature/5465.npy,fake_label/5465.npy
fake_feature/5466.npy,fake_label/5466.npy
fake_feature/5467.npy,fake_label/5467.npy
fake_feature/5468.npy,fake_label/5468.npy
fake_feature/5469.npy,fake_label/5469.npy
fake_feature/5470.npy,fake_label/5470.npy
fake_feature/5471.npy,fake_label/5471.npy
fake_feature/5472.npy,fake_label/5472.npy
fake_feature/5473.npy,fake_label/5473.npy
fake_feature/5474.npy,fake_label/5474.npy
fake_feature/5475.npy,fake_label/5475.npy
fake_feature/5476.npy,fake_label/5476.npy
fake_feature/5477.npy,fake_label/5477.npy
fake_feature/5478.npy,fake_label/5478.npy
fake_feature/5479.npy,fake_label/5479.npy
fake_feature/5480.npy,fake_label/5480.npy
fake_feature/5481.npy,fake_label/5481.npy
fake_feature/5482.npy,fake_label/5482.npy
fake_feature/5483.npy,fake_label/5483.npy
fake_feature/5484.npy,fake_label/5484.npy
fake_feature/5485.npy,fake_label/5485.npy
fake_feature/5486.npy,fake_label/5486.npy
fake_feature/5487.npy,fake_label/5487.npy
fake_feature/5488.npy,fake_label/5488.npy
fake_feature/5489.npy,fake_label/5489.npy
fake_feature/5490.npy,fake_label/5490.npy
fake_feature/5491.npy,fake_label/5491.npy
fake_feature/5492.npy,fake_label/5492.npy
fake_feature/5493.npy,fake_label/5493.npy
fake_feature/5494.npy,fake_label/5494.npy
fake_feature/5495.npy,fake_label/5495.npy
fake_feature/5496.npy,fake_label/5496.npy
fake_feature/5497.npy,fake_label/5497.npy
fake_feature/5498.npy,fake_label/5498.npy
fake_feature/5499.npy,fake_label/5499.npy
fake_feature/5500.npy,fake_label/5500.npy
fake_feature/5501.npy,fake_label/5501.npy
fake_feature/5502.npy,fake_label/5502.npy
fake_feature/5503.npy,fake_label/5503.npy
fake_feature/5504.npy,fake_label/5504.npy
fake_feature/5505.npy,fake_label/5505.npy
fake_feature/5506.npy,fake_label/5506.npy
fake_feature/5507.npy,fake_label/5507.npy
fake_feature/5508.npy,fake_label/5508.npy
fake_feature/5509.npy,fake_label/5509.npy
fake_feature/5510.npy,fake_label/5510.npy
fake_feature/5511.npy,fake_label/5511.npy
fake_feature/5512.npy,fake_label/5512.npy
fake_feature/5513.npy,fake_label/5513.npy
fake_feature/5514.npy,fake_label/5514.npy
fake_feature/5515.npy,fake_label/5515.npy
fake_feature/5516.npy,fake_label/5516.npy
fake_feature/5517.npy,fake_label/5517.npy
fake_feature/5518.npy,fake_label/5518.npy
fake_feature/5519.npy,fake_label/5519.npy
fake_feature/5520.npy,fake_label/5520.npy
fake_feature/5521.npy,fake_label/5521.npy
fake_feature/5522.npy,fake_label/5522.npy
fake_feature/5523.npy,fake_label/5523.npy
fake_feature/5524.npy,fake_label/5524.npy
fake_feature/5525.npy,fake_label/5525.npy
fake_feature/5526.npy,fake_label/5526.npy
fake_feature/5527.npy,fake_label/5527.npy
fake_feature/5528.npy,fake_label/5528.npy
fake_feature/5529.npy,fake_label/5529.npy
fake_feature/5530.npy,fake_label/5530.npy
fake_feature/5531.npy,fake_label/5531.npy
fake_feature/5532.npy,fake_label/5532.npy
fake_feature/5533.npy,fake_label/5533.npy
fake_feature/5534.npy,fake_label/5534.npy
fake_feature/5535.npy,fake_label/5535.npy
fake_feature/5536.npy,fake_label/5536.npy
fake_feature/5537.npy,fake_label/5537.npy
fake_feature/5538.npy,fake_label/5538.npy
fake_feature/5539.npy,fake_label/5539.npy
fake_feature/5540.npy,fake_label/5540.npy
fake_feature/5541.npy,fake_label/5541.npy
fake_feature/5542.npy,fake_label/5542.npy
fake_feature/5543.npy,fake_label/5543.npy
fake_feature/5544.npy,fake_label/5544.npy
fake_feature/5545.npy,fake_label/5545.npy
fake_feature/5546.npy,fake_label/5546.npy
fake_feature/5547.npy,fake_label/5547.npy
fake_feature/5548.npy,fake_label/5548.npy
fake_feature/5549.npy,fake_label/5549.npy
fake_feature/5550.npy,fake_label/5550.npy
fake_feature/5551.npy,fake_label/5551.npy
fake_feature/5552.npy,fake_label/5552.npy
fake_feature/5553.npy,fake_label/5553.npy
fake_feature/5554.npy,fake_label/5554.npy
fake_feature/5555.npy,fake_label/5555.npy
fake_feature/5556.npy,fake_label/5556.npy
fake_feature/5557.npy,fake_label/5557.npy
fake_feature/5558.npy,fake_label/5558.npy
fake_feature/5559.npy,fake_label/5559.npy
fake_feature/5560.npy,fake_label/5560.npy
fake_feature/5561.npy,fake_label/5561.npy
fake_feature/5562.npy,fake_label/5562.npy
fake_feature/5563.npy,fake_label/5563.npy
fake_feature/5564.npy,fake_label/5564.npy
fake_feature/5565.npy,fake_label/5565.npy
fake_feature/5566.npy,fake_label/5566.npy
fake_feature/5567.npy,fake_label/5567.npy
fake_feature/5568.npy,fake_label/5568.npy
fake_feature/5569.npy,fake_label/5569.npy
fake_feature/5570.npy,fake_label/5570.npy
fake_feature/5571.npy,fake_label/5571.npy
fake_feature/5572.npy,fake_label/5572.npy
fake_feature/5573.npy,fake_label/5573.npy
fake_feature/5574.npy,fake_label/5574.npy
fake_feature/5575.npy,fake_label/5575.npy
fake_feature/5576.npy,fake_label/5576.npy
fake_feature/5577.npy,fake_label/5577.npy
fake_feature/5578.npy,fake_label/5578.npy
fake_feature/5579.npy,fake_label/5579.npy
fake_feature/5580.npy,fake_label/5580.npy
fake_feature/5581.npy,fake_label/5581.npy
fake_feature/5582.npy,fake_label/5582.npy
fake_feature/5583.npy,fake_label/5583.npy
fake_feature/5584.npy,fake_label/5584.npy
fake_feature/5585.npy,fake_label/5585.npy
fake_feature/5586.npy,fake_label/5586.npy
fake_feature/5587.npy,fake_label/5587.npy
fake_feature/5588.npy,fake_label/5588.npy
fake_feature/5589.npy,fake_label/5589.npy
fake_feature/5590.npy,fake_label/5590.npy
fake_feature/5591.npy,fake_label/5591.npy
fake_feature/5592.npy,fake_label/5592.npy
fake_feature/5593.npy,fake_label/5593.npy
fake_feature/5594.npy,fake_label/5594.npy
fake_feature/5595.npy,fake_label/5595.npy
fake_feature/5596.npy,fake_label/5596.npy
fake_feature/5597.npy,fake_label/5597.npy
fake_feature/5598.npy,fake_label/5598.npy
fake_feature/5599.npy,fake_label/5599.npy
fake_feature/5600.npy,fake_label/5600.npy
fake_feature/5601.npy,fake_label/5601.npy
fake_feature/5602.npy,fake_label/5602.npy
fake_feature/5603.npy,fake_label/5603.npy
fake_feature/5604.npy,fake_label/5604.npy
fake_feature/5605.npy,fake_label/5605.npy
fake_feature/5606.npy,fake_label/5606.npy
fake_feature/5607.npy,fake_label/5607.npy
fake_feature/5608.npy,fake_label/5608.npy
fake_feature/5609.npy,fake_label/5609.npy
fake_feature/5610.npy,fake_label/5610.npy
fake_feature/5611.npy,fake_label/5611.npy
fake_feature/5612.npy,fake_label/5612.npy
fake_feature/5613.npy,fake_label/5613.npy
fake_feature/5614.npy,fake_label/5614.npy
fake_feature/5615.npy,fake_label/5615.npy
fake_feature/5616.npy,fake_label/5616.npy
fake_feature/5617.npy,fake_label/5617.npy
fake_feature/5618.npy,fake_label/5618.npy
fake_feature/5619.npy,fake_label/5619.npy
fake_feature/5620.npy,fake_label/5620.npy
fake_feature/5621.npy,fake_label/5621.npy
fake_feature/5622.npy,fake_label/5622.npy
fake_feature/5623.npy,fake_label/5623.npy
fake_feature/5624.npy,fake_label/5624.npy
fake_feature/5625.npy,fake_label/5625.npy
fake_feature/5626.npy,fake_label/5626.npy
fake_feature/5627.npy,fake_label/5627.npy
fake_feature/5628.npy,fake_label/5628.npy
fake_feature/5629.npy,fake_label/5629.npy
fake_feature/5630.npy,fake_label/5630.npy
fake_feature/5631.npy,fake_label/5631.npy
fake_feature/5632.npy,fake_label/5632.npy
fake_feature/5633.npy,fake_label/5633.npy
fake_feature/5634.npy,fake_label/5634.npy
fake_feature/5635.npy,fake_label/5635.npy
fake_feature/5636.npy,fake_label/5636.npy
fake_feature/5637.npy,fake_label/5637.npy
fake_feature/5638.npy,fake_label/5638.npy
fake_feature/5639.npy,fake_label/5639.npy
fake_feature/5640.npy,fake_label/5640.npy
fake_feature/5641.npy,fake_label/5641.npy
fake_feature/5642.npy,fake_label/5642.npy
fake_feature/5643.npy,fake_label/5643.npy
fake_feature/5644.npy,fake_label/5644.npy
fake_feature/5645.npy,fake_label/5645.npy
fake_feature/5646.npy,fake_label/5646.npy
fake_feature/5647.npy,fake_label/5647.npy
fake_feature/5648.npy,fake_label/5648.npy
fake_feature/5649.npy,fake_label/5649.npy
fake_feature/5650.npy,fake_label/5650.npy
fake_feature/5651.npy,fake_label/5651.npy
fake_feature/5652.npy,fake_label/5652.npy
fake_feature/5653.npy,fake_label/5653.npy
fake_feature/5654.npy,fake_label/5654.npy
fake_feature/5655.npy,fake_label/5655.npy
fake_feature/5656.npy,fake_label/5656.npy
fake_feature/5657.npy,fake_label/5657.npy
fake_feature/5658.npy,fake_label/5658.npy
fake_feature/5659.npy,fake_label/5659.npy
fake_feature/5660.npy,fake_label/5660.npy
fake_feature/5661.npy,fake_label/5661.npy
fake_feature/5662.npy,fake_label/5662.npy
fake_feature/5663.npy,fake_label/5663.npy
fake_feature/5664.npy,fake_label/5664.npy
fake_feature/5665.npy,fake_label/5665.npy
fake_feature/5666.npy,fake_label/5666.npy
fake_feature/5667.npy,fake_label/5667.npy
fake_feature/5668.npy,fake_label/5668.npy
fake_feature/5669.npy,fake_label/5669.npy
fake_feature/5670.npy,fake_label/5670.npy
fake_feature/5671.npy,fake_label/5671.npy
fake_feature/5672.npy,fake_label/5672.npy
fake_feature/5673.npy,fake_label/5673.npy
fake_feature/5674.npy,fake_label/5674.npy
fake_feature/5675.npy,fake_label/5675.npy
fake_feature/5676.npy,fake_label/5676.npy
fake_feature/5677.npy,fake_label/5677.npy
fake_feature/5678.npy,fake_label/5678.npy
fake_feature/5679.npy,fake_label/5679.npy
fake_feature/5680.npy,fake_label/5680.npy
fake_feature/5681.npy,fake_label/5681.npy
fake_feature/5682.npy,fake_label/5682.npy
fake_feature/5683.npy,fake_label/5683.npy
fake_feature/5684.npy,fake_label/5684.npy
fake_feature/5685.npy,fake_label/5685.npy
fake_feature/5686.npy,fake_label/5686.npy
fake_feature/5687.npy,fake_label/5687.npy
fake_feature/5688.npy,fake_label/5688.npy
fake_feature/5689.npy,fake_label/5689.npy
fake_feature/5690.npy,fake_label/5690.npy
fake_feature/5691.npy,fake_label/5691.npy
fake_feature/5692.npy,fake_label/5692.npy
fake_feature/5693.npy,fake_label/5693.npy
fake_feature/5694.npy,fake_label/5694.npy
fake_feature/5695.npy,fake_label/5695.npy
fake_feature/5696.npy,fake_label/5696.npy
fake_feature/5697.npy,fake_label/5697.npy
fake_feature/5698.npy,fake_label/5698.npy
fake_feature/5699.npy,fake_label/5699.npy
fake_feature/5700.npy,fake_label/5700.npy
fake_feature/5701.npy,fake_label/5701.npy
fake_feature/5702.npy,fake_label/5702.npy
fake_feature/5703.npy,fake_label/5703.npy
fake_feature/5704.npy,fake_label/5704.npy
fake_feature/5705.npy,fake_label/5705.npy
fake_feature/5706.npy,fake_label/5706.npy
fake_feature/5707.npy,fake_label/5707.npy
fake_feature/5708.npy,fake_label/5708.npy
fake_feature/5709.npy,fake_label/5709.npy
fake_feature/5710.npy,fake_label/5710.npy
fake_feature/5711.npy,fake_label/5711.npy
fake_feature/5712.npy,fake_label/5712.npy
fake_feature/5713.npy,fake_label/5713.npy
fake_feature/5714.npy,fake_label/5714.npy
fake_feature/5715.npy,fake_label/5715.npy
fake_feature/5716.npy,fake_label/5716.npy
fake_feature/5717.npy,fake_label/5717.npy
fake_feature/5718.npy,fake_label/5718.npy
fake_feature/5719.npy,fake_label/5719.npy
fake_feature/5720.npy,fake_label/5720.npy
fake_feature/5721.npy,fake_label/5721.npy
fake_feature/5722.npy,fake_label/5722.npy
fake_feature/5723.npy,fake_label/5723.npy
fake_feature/5724.npy,fake_label/5724.npy
fake_feature/5725.npy,fake_label/5725.npy
fake_feature/5726.npy,fake_label/5726.npy
fake_feature/5727.npy,fake_label/5727.npy
fake_feature/5728.npy,fake_label/5728.npy
fake_feature/5729.npy,fake_label/5729.npy
fake_feature/5730.npy,fake_label/5730.npy
fake_feature/5731.npy,fake_label/5731.npy
fake_feature/5732.npy,fake_label/5732.npy
fake_feature/5733.npy,fake_label/5733.npy
fake_feature/5734.npy,fake_label/5734.npy
fake_feature/5735.npy,fake_label/5735.npy
fake_feature/5736.npy,fake_label/5736.npy
fake_feature/5737.npy,fake_label/5737.npy
fake_feature/5738.npy,fake_label/5738.npy
fake_feature/5739.npy,fake_label/5739.npy
fake_feature/5740.npy,fake_label/5740.npy
fake_feature/5741.npy,fake_label/5741.npy
fake_feature/5742.npy,fake_label/5742.npy
fake_feature/5743.npy,fake_label/5743.npy
fake_feature/5744.npy,fake_label/5744.npy
fake_feature/5745.npy,fake_label/5745.npy
fake_feature/5746.npy,fake_label/5746.npy
fake_feature/5747.npy,fake_label/5747.npy
fake_feature/5748.npy,fake_label/5748.npy
fake_feature/5749.npy,fake_label/5749.npy
fake_feature/5750.npy,fake_label/5750.npy
fake_feature/5751.npy,fake_label/5751.npy
fake_feature/5752.npy,fake_label/5752.npy
fake_feature/5753.npy,fake_label/5753.npy
fake_feature/5754.npy,fake_label/5754.npy
fake_feature/5755.npy,fake_label/5755.npy
fake_feature/5756.npy,fake_label/5756.npy
fake_feature/5757.npy,fake_label/5757.npy
fake_feature/5758.npy,fake_label/5758.npy
fake_feature/5759.npy,fake_label/5759.npy
fake_feature/5760.npy,fake_label/5760.npy
fake_feature/5761.npy,fake_label/5761.npy
fake_feature/5762.npy,fake_label/5762.npy
fake_feature/5763.npy,fake_label/5763.npy
fake_feature/5764.npy,fake_label/5764.npy
fake_feature/5765.npy,fake_label/5765.npy
fake_feature/5766.npy,fake_label/5766.npy
fake_feature/5767.npy,fake_label/5767.npy
fake_feature/5768.npy,fake_label/5768.npy
fake_feature/5769.npy,fake_label/5769.npy
fake_feature/5770.npy,fake_label/5770.npy
fake_feature/5771.npy,fake_label/5771.npy
fake_feature/5772.npy,fake_label/5772.npy
fake_feature/5773.npy,fake_label/5773.npy
fake_feature/5774.npy,fake_label/5774.npy
fake_feature/5775.npy,fake_label/5775.npy
fake_feature/5776.npy,fake_label/5776.npy
fake_feature/5777.npy,fake_label/5777.npy
fake_feature/5778.npy,fake_label/5778.npy
fake_feature/5779.npy,fake_label/5779.npy
fake_feature/5780.npy,fake_label/5780.npy
fake_feature/5781.npy,fake_label/5781.npy
fake_feature/5782.npy,fake_label/5782.npy
fake_feature/5783.npy,fake_label/5783.npy
fake_feature/5784.npy,fake_label/5784.npy
fake_feature/5785.npy,fake_label/5785.npy
fake_feature/5786.npy,fake_label/5786.npy
fake_feature/5787.npy,fake_label/5787.npy
fake_feature/5788.npy,fake_label/5788.npy
fake_feature/5789.npy,fake_label/5789.npy
fake_feature/5790.npy,fake_label/5790.npy
fake_feature/5791.npy,fake_label/5791.npy
fake_feature/5792.npy,fake_label/5792.npy
fake_feature/5793.npy,fake_label/5793.npy
fake_feature/5794.npy,fake_label/5794.npy
fake_feature/5795.npy,fake_label/5795.npy
fake_feature/5796.npy,fake_label/5796.npy
fake_feature/5797.npy,fake_label/5797.npy
fake_feature/5798.npy,fake_label/5798.npy
fake_feature/5799.npy,fake_label/5799.npy
fake_feature/5800.npy,fake_label/5800.npy
fake_feature/5801.npy,fake_label/5801.npy
fake_feature/5802.npy,fake_label/5802.npy
fake_feature/5803.npy,fake_label/5803.npy
fake_feature/5804.npy,fake_label/5804.npy
fake_feature/5805.npy,fake_label/5805.npy
fake_feature/5806.npy,fake_label/5806.npy
fake_feature/5807.npy,fake_label/5807.npy
fake_feature/5808.npy,fake_label/5808.npy
fake_feature/5809.npy,fake_label/5809.npy
fake_feature/5810.npy,fake_label/5810.npy
fake_feature/5811.npy,fake_label/5811.npy
fake_feature/5812.npy,fake_label/5812.npy
fake_feature/5813.npy,fake_label/5813.npy
fake_feature/5814.npy,fake_label/5814.npy
fake_feature/5815.npy,fake_label/5815.npy
fake_feature/5816.npy,fake_label/5816.npy
fake_feature/5817.npy,fake_label/5817.npy
fake_feature/5818.npy,fake_label/5818.npy
fake_feature/5819.npy,fake_label/5819.npy
fake_feature/5820.npy,fake_label/5820.npy
fake_feature/5821.npy,fake_label/5821.npy
fake_feature/5822.npy,fake_label/5822.npy
fake_feature/5823.npy,fake_label/5823.npy
fake_feature/5824.npy,fake_label/5824.npy
fake_feature/5825.npy,fake_label/5825.npy
fake_feature/5826.npy,fake_label/5826.npy
fake_feature/5827.npy,fake_label/5827.npy
fake_feature/5828.npy,fake_label/5828.npy
fake_feature/5829.npy,fake_label/5829.npy
fake_feature/5830.npy,fake_label/5830.npy
fake_feature/5831.npy,fake_label/5831.npy
fake_feature/5832.npy,fake_label/5832.npy
fake_feature/5833.npy,fake_label/5833.npy
fake_feature/5834.npy,fake_label/5834.npy
fake_feature/5835.npy,fake_label/5835.npy
fake_feature/5836.npy,fake_label/5836.npy
fake_feature/5837.npy,fake_label/5837.npy
fake_feature/5838.npy,fake_label/5838.npy
fake_feature/5839.npy,fake_label/5839.npy
fake_feature/5840.npy,fake_label/5840.npy
fake_feature/5841.npy,fake_label/5841.npy
fake_feature/5842.npy,fake_label/5842.npy
fake_feature/5843.npy,fake_label/5843.npy
fake_feature/5844.npy,fake_label/5844.npy
fake_feature/5845.npy,fake_label/5845.npy
fake_feature/5846.npy,fake_label/5846.npy
fake_feature/5847.npy,fake_label/5847.npy
fake_feature/5848.npy,fake_label/5848.npy
fake_feature/5849.npy,fake_label/5849.npy
fake_feature/5850.npy,fake_label/5850.npy
fake_feature/5851.npy,fake_label/5851.npy
fake_feature/5852.npy,fake_label/5852.npy
fake_feature/5853.npy,fake_label/5853.npy
fake_feature/5854.npy,fake_label/5854.npy
fake_feature/5855.npy,fake_label/5855.npy
fake_feature/5856.npy,fake_label/5856.npy
fake_feature/5857.npy,fake_label/5857.npy
fake_feature/5858.npy,fake_label/5858.npy
fake_feature/5859.npy,fake_label/5859.npy
fake_feature/5860.npy,fake_label/5860.npy
fake_feature/5861.npy,fake_label/5861.npy
fake_feature/5862.npy,fake_label/5862.npy
fake_feature/5863.npy,fake_label/5863.npy
fake_feature/5864.npy,fake_label/5864.npy
fake_feature/5865.npy,fake_label/5865.npy
fake_feature/5866.npy,fake_label/5866.npy
fake_feature/5867.npy,fake_label/5867.npy
fake_feature/5868.npy,fake_label/5868.npy
fake_feature/5869.npy,fake_label/5869.npy
fake_feature/5870.npy,fake_label/5870.npy
fake_feature/5871.npy,fake_label/5871.npy
fake_feature/5872.npy,fake_label/5872.npy
fake_feature/5873.npy,fake_label/5873.npy
fake_feature/5874.npy,fake_label/5874.npy
fake_feature/5875.npy,fake_label/5875.npy
fake_feature/5876.npy,fake_label/5876.npy
fake_feature/5877.npy,fake_label/5877.npy
fake_feature/5878.npy,fake_label/5878.npy
fake_feature/5879.npy,fake_label/5879.npy
fake_feature/5880.npy,fake_label/5880.npy
fake_feature/5881.npy,fake_label/5881.npy
fake_feature/5882.npy,fake_label/5882.npy
fake_feature/5883.npy,fake_label/5883.npy
fake_feature/5884.npy,fake_label/5884.npy
fake_feature/5885.npy,fake_label/5885.npy
fake_feature/5886.npy,fake_label/5886.npy
fake_feature/5887.npy,fake_label/5887.npy
fake_feature/5888.npy,fake_label/5888.npy
fake_feature/5889.npy,fake_label/5889.npy
fake_feature/5890.npy,fake_label/5890.npy
fake_feature/5891.npy,fake_label/5891.npy
fake_feature/5892.npy,fake_label/5892.npy
fake_feature/5893.npy,fake_label/5893.npy
fake_feature/5894.npy,fake_label/5894.npy
fake_feature/5895.npy,fake_label/5895.npy
fake_feature/5896.npy,fake_label/5896.npy
fake_feature/5897.npy,fake_label/5897.npy
fake_feature/5898.npy,fake_label/5898.npy
fake_feature/5899.npy,fake_label/5899.npy
fake_feature/5900.npy,fake_label/5900.npy
fake_feature/5901.npy,fake_label/5901.npy
fake_feature/5902.npy,fake_label/5902.npy
fake_feature/5903.npy,fake_label/5903.npy
fake_feature/5904.npy,fake_label/5904.npy
fake_feature/5905.npy,fake_label/5905.npy
fake_feature/5906.npy,fake_label/5906.npy
fake_feature/5907.npy,fake_label/5907.npy
fake_feature/5908.npy,fake_label/5908.npy
fake_feature/5909.npy,fake_label/5909.npy
fake_feature/5910.npy,fake_label/5910.npy
fake_feature/5911.npy,fake_label/5911.npy
fake_feature/5912.npy,fake_label/5912.npy
fake_feature/5913.npy,fake_label/5913.npy
fake_feature/5914.npy,fake_label/5914.npy
fake_feature/5915.npy,fake_label/5915.npy
fake_feature/5916.npy,fake_label/5916.npy
fake_feature/5917.npy,fake_label/5917.npy
fake_feature/5918.npy,fake_label/5918.npy
fake_feature/5919.npy,fake_label/5919.npy
fake_feature/5920.npy,fake_label/5920.npy
fake_feature/5921.npy,fake_label/5921.npy
fake_feature/5922.npy,fake_label/5922.npy
fake_feature/5923.npy,fake_label/5923.npy
fake_feature/5924.npy,fake_label/5924.npy
fake_feature/5925.npy,fake_label/5925.npy
fake_feature/5926.npy,fake_label/5926.npy
fake_feature/5927.npy,fake_label/5927.npy
fake_feature/5928.npy,fake_label/5928.npy
fake_feature/5929.npy,fake_label/5929.npy
fake_feature/5930.npy,fake_label/5930.npy
fake_feature/5931.npy,fake_label/5931.npy
fake_feature/5932.npy,fake_label/5932.npy
fake_feature/5933.npy,fake_label/5933.npy
fake_feature/5934.npy,fake_label/5934.npy
fake_feature/5935.npy,fake_label/5935.npy
fake_feature/5936.npy,fake_label/5936.npy
fake_feature/5937.npy,fake_label/5937.npy
fake_feature/5938.npy,fake_label/5938.npy
fake_feature/5939.npy,fake_label/5939.npy
fake_feature/5940.npy,fake_label/5940.npy
fake_feature/5941.npy,fake_label/5941.npy
fake_feature/5942.npy,fake_label/5942.npy
fake_feature/5943.npy,fake_label/5943.npy
fake_feature/5944.npy,fake_label/5944.npy
fake_feature/5945.npy,fake_label/5945.npy
fake_feature/5946.npy,fake_label/5946.npy
fake_feature/5947.npy,fake_label/5947.npy
fake_feature/5948.npy,fake_label/5948.npy
fake_feature/5949.npy,fake_label/5949.npy
fake_feature/5950.npy,fake_label/5950.npy
fake_feature/5951.npy,fake_label/5951.npy
fake_feature/5952.npy,fake_label/5952.npy
fake_feature/5953.npy,fake_label/5953.npy
fake_feature/5954.npy,fake_label/5954.npy
fake_feature/5955.npy,fake_label/5955.npy
fake_feature/5956.npy,fake_label/5956.npy
fake_feature/5957.npy,fake_label/5957.npy
fake_feature/5958.npy,fake_label/5958.npy
fake_feature/5959.npy,fake_label/5959.npy
fake_feature/5960.npy,fake_label/5960.npy
fake_feature/5961.npy,fake_label/5961.npy
fake_feature/5962.npy,fake_label/5962.npy
fake_feature/5963.npy,fake_label/5963.npy
fake_feature/5964.npy,fake_label/5964.npy
fake_feature/5965.npy,fake_label/5965.npy
fake_feature/5966.npy,fake_label/5966.npy
fake_feature/5967.npy,fake_label/5967.npy
fake_feature/5968.npy,fake_label/5968.npy
fake_feature/5969.npy,fake_label/5969.npy
fake_feature/5970.npy,fake_label/5970.npy
fake_feature/5971.npy,fake_label/5971.npy
fake_feature/5972.npy,fake_label/5972.npy
fake_feature/5973.npy,fake_label/5973.npy
fake_feature/5974.npy,fake_label/5974.npy
fake_feature/5975.npy,fake_label/5975.npy
fake_feature/5976.npy,fake_label/5976.npy
fake_feature/5977.npy,fake_label/5977.npy
fake_feature/5978.npy,fake_label/5978.npy
fake_feature/5979.npy,fake_label/5979.npy
fake_feature/5980.npy,fake_label/5980.npy
fake_feature/5981.npy,fake_label/5981.npy
fake_feature/5982.npy,fake_label/5982.npy
fake_feature/5983.npy,fake_label/5983.npy
fake_feature/5984.npy,fake_label/5984.npy
fake_feature/5985.npy,fake_label/5985.npy
fake_feature/5986.npy,fake_label/5986.npy
fake_feature/5987.npy,fake_label/5987.npy
fake_feature/5988.npy,fake_label/5988.npy
fake_feature/5989.npy,fake_label/5989.npy
fake_feature/5990.npy,fake_label/5990.npy
fake_feature/5991.npy,fake_label/5991.npy
fake_feature/5992.npy,fake_label/5992.npy
fake_feature/5993.npy,fake_label/5993.npy
fake_feature/5994.npy,fake_label/5994.npy
fake_feature/5995.npy,fake_label/5995.npy
fake_feature/5996.npy,fake_label/5996.npy
fake_feature/5997.npy,fake_label/5997.npy
fake_feature/5998.npy,fake_label/5998.npy
fake_feature/5999.npy,fake_label/5999.npy
fake_feature/6000.npy,fake_label/6000.npy
fake_feature/6001.npy,fake_label/6001.npy
fake_feature/6002.npy,fake_label/6002.npy
fake_feature/6003.npy,fake_label/6003.npy
fake_feature/6004.npy,fake_label/6004.npy
fake_feature/6005.npy,fake_label/6005.npy
fake_feature/6006.npy,fake_label/6006.npy
fake_feature/6007.npy,fake_label/6007.npy
fake_feature/6008.npy,fake_label/6008.npy
fake_feature/6009.npy,fake_label/6009.npy
fake_feature/6010.npy,fake_label/6010.npy
fake_feature/6011.npy,fake_label/6011.npy
fake_feature/6012.npy,fake_label/6012.npy
fake_feature/6013.npy,fake_label/6013.npy
fake_feature/6014.npy,fake_label/6014.npy
fake_feature/6015.npy,fake_label/6015.npy
fake_feature/6016.npy,fake_label/6016.npy
fake_feature/6017.npy,fake_label/6017.npy
fake_feature/6018.npy,fake_label/6018.npy
fake_feature/6019.npy,fake_label/6019.npy
fake_feature/6020.npy,fake_label/6020.npy
fake_feature/6021.npy,fake_label/6021.npy
fake_feature/6022.npy,fake_label/6022.npy
fake_feature/6023.npy,fake_label/6023.npy
fake_feature/6024.npy,fake_label/6024.npy
fake_feature/6025.npy,fake_label/6025.npy
fake_feature/6026.npy,fake_label/6026.npy
fake_feature/6027.npy,fake_label/6027.npy
fake_feature/6028.npy,fake_label/6028.npy
fake_feature/6029.npy,fake_label/6029.npy
fake_feature/6030.npy,fake_label/6030.npy
fake_feature/6031.npy,fake_label/6031.npy
fake_feature/6032.npy,fake_label/6032.npy
fake_feature/6033.npy,fake_label/6033.npy
fake_feature/6034.npy,fake_label/6034.npy
fake_feature/6035.npy,fake_label/6035.npy
fake_feature/6036.npy,fake_label/6036.npy
fake_feature/6037.npy,fake_label/6037.npy
fake_feature/6038.npy,fake_label/6038.npy
fake_feature/6039.npy,fake_label/6039.npy
fake_feature/6040.npy,fake_label/6040.npy
fake_feature/6041.npy,fake_label/6041.npy
fake_feature/6042.npy,fake_label/6042.npy
fake_feature/6043.npy,fake_label/6043.npy
fake_feature/6044.npy,fake_label/6044.npy
fake_feature/6045.npy,fake_label/6045.npy
fake_feature/6046.npy,fake_label/6046.npy
fake_feature/6047.npy,fake_label/6047.npy
fake_feature/6048.npy,fake_label/6048.npy
fake_feature/6049.npy,fake_label/6049.npy
fake_feature/6050.npy,fake_label/6050.npy
fake_feature/6051.npy,fake_label/6051.npy
fake_feature/6052.npy,fake_label/6052.npy
fake_feature/6053.npy,fake_label/6053.npy
fake_feature/6054.npy,fake_label/6054.npy
fake_feature/6055.npy,fake_label/6055.npy
fake_feature/6056.npy,fake_label/6056.npy
fake_feature/6057.npy,fake_label/6057.npy
fake_feature/6058.npy,fake_label/6058.npy
fake_feature/6059.npy,fake_label/6059.npy
fake_feature/6060.npy,fake_label/6060.npy
fake_feature/6061.npy,fake_label/6061.npy
fake_feature/6062.npy,fake_label/6062.npy
fake_feature/6063.npy,fake_label/6063.npy
fake_feature/6064.npy,fake_label/6064.npy
fake_feature/6065.npy,fake_label/6065.npy
fake_feature/6066.npy,fake_label/6066.npy
fake_feature/6067.npy,fake_label/6067.npy
fake_feature/6068.npy,fake_label/6068.npy
fake_feature/6069.npy,fake_label/6069.npy
fake_feature/6070.npy,fake_label/6070.npy
fake_feature/6071.npy,fake_label/6071.npy
fake_feature/6072.npy,fake_label/6072.npy
fake_feature/6073.npy,fake_label/6073.npy
fake_feature/6074.npy,fake_label/6074.npy
fake_feature/6075.npy,fake_label/6075.npy
fake_feature/6076.npy,fake_label/6076.npy
fake_feature/6077.npy,fake_label/6077.npy
fake_feature/6078.npy,fake_label/6078.npy
fake_feature/6079.npy,fake_label/6079.npy
fake_feature/6080.npy,fake_label/6080.npy
fake_feature/6081.npy,fake_label/6081.npy
fake_feature/6082.npy,fake_label/6082.npy
fake_feature/6083.npy,fake_label/6083.npy
fake_feature/6084.npy,fake_label/6084.npy
fake_feature/6085.npy,fake_label/6085.npy
fake_feature/6086.npy,fake_label/6086.npy
fake_feature/6087.npy,fake_label/6087.npy
fake_feature/6088.npy,fake_label/6088.npy
fake_feature/6089.npy,fake_label/6089.npy
fake_feature/6090.npy,fake_label/6090.npy
fake_feature/6091.npy,fake_label/6091.npy
fake_feature/6092.npy,fake_label/6092.npy
fake_feature/6093.npy,fake_label/6093.npy
fake_feature/6094.npy,fake_label/6094.npy
fake_feature/6095.npy,fake_label/6095.npy
fake_feature/6096.npy,fake_label/6096.npy
fake_feature/6097.npy,fake_label/6097.npy
fake_feature/6098.npy,fake_label/6098.npy
fake_feature/6099.npy,fake_label/6099.npy
fake_feature/6100.npy,fake_label/6100.npy
fake_feature/6101.npy,fake_label/6101.npy
fake_feature/6102.npy,fake_label/6102.npy
fake_feature/6103.npy,fake_label/6103.npy
fake_feature/6104.npy,fake_label/6104.npy
fake_feature/6105.npy,fake_label/6105.npy
fake_feature/6106.npy,fake_label/6106.npy
fake_feature/6107.npy,fake_label/6107.npy
fake_feature/6108.npy,fake_label/6108.npy
fake_feature/6109.npy,fake_label/6109.npy
fake_feature/6110.npy,fake_label/6110.npy
fake_feature/6111.npy,fake_label/6111.npy
fake_feature/6112.npy,fake_label/6112.npy
fake_feature/6113.npy,fake_label/6113.npy
fake_feature/6114.npy,fake_label/6114.npy
fake_feature/6115.npy,fake_label/6115.npy
fake_feature/6116.npy,fake_label/6116.npy
fake_feature/6117.npy,fake_label/6117.npy
fake_feature/6118.npy,fake_label/6118.npy
fake_feature/6119.npy,fake_label/6119.npy
fake_feature/6120.npy,fake_label/6120.npy
fake_feature/6121.npy,fake_label/6121.npy
fake_feature/6122.npy,fake_label/6122.npy
fake_feature/6123.npy,fake_label/6123.npy
fake_feature/6124.npy,fake_label/6124.npy
fake_feature/6125.npy,fake_label/6125.npy
fake_feature/6126.npy,fake_label/6126.npy
fake_feature/6127.npy,fake_label/6127.npy
fake_feature/6128.npy,fake_label/6128.npy
fake_feature/6129.npy,fake_label/6129.npy
fake_feature/6130.npy,fake_label/6130.npy
fake_feature/6131.npy,fake_label/6131.npy
fake_feature/6132.npy,fake_label/6132.npy
fake_feature/6133.npy,fake_label/6133.npy
fake_feature/6134.npy,fake_label/6134.npy
fake_feature/6135.npy,fake_label/6135.npy
fake_feature/6136.npy,fake_label/6136.npy
fake_feature/6137.npy,fake_label/6137.npy
fake_feature/6138.npy,fake_label/6138.npy
fake_feature/6139.npy,fake_label/6139.npy
fake_feature/6140.npy,fake_label/6140.npy
fake_feature/6141.npy,fake_label/6141.npy
fake_feature/6142.npy,fake_label/6142.npy
fake_feature/6143.npy,fake_label/6143.npy
fake_feature/6144.npy,fake_label/6144.npy
fake_feature/6145.npy,fake_label/6145.npy
fake_feature/6146.npy,fake_label/6146.npy
fake_feature/6147.npy,fake_label/6147.npy
fake_feature/6148.npy,fake_label/6148.npy
fake_feature/6149.npy,fake_label/6149.npy
fake_feature/6150.npy,fake_label/6150.npy
fake_feature/6151.npy,fake_label/6151.npy
fake_feature/6152.npy,fake_label/6152.npy
fake_feature/6153.npy,fake_label/6153.npy
fake_feature/6154.npy,fake_label/6154.npy
fake_feature/6155.npy,fake_label/6155.npy
fake_feature/6156.npy,fake_label/6156.npy
fake_feature/6157.npy,fake_label/6157.npy
fake_feature/6158.npy,fake_label/6158.npy
fake_feature/6159.npy,fake_label/6159.npy
fake_feature/6160.npy,fake_label/6160.npy
fake_feature/6161.npy,fake_label/6161.npy
fake_feature/6162.npy,fake_label/6162.npy
fake_feature/6163.npy,fake_label/6163.npy
fake_feature/6164.npy,fake_label/6164.npy
fake_feature/6165.npy,fake_label/6165.npy
fake_feature/6166.npy,fake_label/6166.npy
fake_feature/6167.npy,fake_label/6167.npy
fake_feature/6168.npy,fake_label/6168.npy
fake_feature/6169.npy,fake_label/6169.npy
fake_feature/6170.npy,fake_label/6170.npy
fake_feature/6171.npy,fake_label/6171.npy
fake_feature/6172.npy,fake_label/6172.npy
fake_feature/6173.npy,fake_label/6173.npy
fake_feature/6174.npy,fake_label/6174.npy
fake_feature/6175.npy,fake_label/6175.npy
fake_feature/6176.npy,fake_label/6176.npy
fake_feature/6177.npy,fake_label/6177.npy
fake_feature/6178.npy,fake_label/6178.npy
fake_feature/6179.npy,fake_label/6179.npy
fake_feature/6180.npy,fake_label/6180.npy
fake_feature/6181.npy,fake_label/6181.npy
fake_feature/6182.npy,fake_label/6182.npy
fake_feature/6183.npy,fake_label/6183.npy
fake_feature/6184.npy,fake_label/6184.npy
fake_feature/6185.npy,fake_label/6185.npy
fake_feature/6186.npy,fake_label/6186.npy
fake_feature/6187.npy,fake_label/6187.npy
fake_feature/6188.npy,fake_label/6188.npy
fake_feature/6189.npy,fake_label/6189.npy
fake_feature/6190.npy,fake_label/6190.npy
fake_feature/6191.npy,fake_label/6191.npy
fake_feature/6192.npy,fake_label/6192.npy
fake_feature/6193.npy,fake_label/6193.npy
fake_feature/6194.npy,fake_label/6194.npy
fake_feature/6195.npy,fake_label/6195.npy
fake_feature/6196.npy,fake_label/6196.npy
fake_feature/6197.npy,fake_label/6197.npy
fake_feature/6198.npy,fake_label/6198.npy
fake_feature/6199.npy,fake_label/6199.npy
fake_feature/6200.npy,fake_label/6200.npy
fake_feature/6201.npy,fake_label/6201.npy
fake_feature/6202.npy,fake_label/6202.npy
fake_feature/6203.npy,fake_label/6203.npy
fake_feature/6204.npy,fake_label/6204.npy
fake_feature/6205.npy,fake_label/6205.npy
fake_feature/6206.npy,fake_label/6206.npy
fake_feature/6207.npy,fake_label/6207.npy
fake_feature/6208.npy,fake_label/6208.npy
fake_feature/6209.npy,fake_label/6209.npy
fake_feature/6210.npy,fake_label/6210.npy
fake_feature/6211.npy,fake_label/6211.npy
fake_feature/6212.npy,fake_label/6212.npy
fake_feature/6213.npy,fake_label/6213.npy
fake_feature/6214.npy,fake_label/6214.npy
fake_feature/6215.npy,fake_label/6215.npy
fake_feature/6216.npy,fake_label/6216.npy
fake_feature/6217.npy,fake_label/6217.npy
fake_feature/6218.npy,fake_label/6218.npy
fake_feature/6219.npy,fake_label/6219.npy
fake_feature/6220.npy,fake_label/6220.npy
fake_feature/6221.npy,fake_label/6221.npy
fake_feature/6222.npy,fake_label/6222.npy
fake_feature/6223.npy,fake_label/6223.npy
fake_feature/6224.npy,fake_label/6224.npy
fake_feature/6225.npy,fake_label/6225.npy
fake_feature/6226.npy,fake_label/6226.npy
fake_feature/6227.npy,fake_label/6227.npy
fake_feature/6228.npy,fake_label/6228.npy
fake_feature/6229.npy,fake_label/6229.npy
fake_feature/6230.npy,fake_label/6230.npy
fake_feature/6231.npy,fake_label/6231.npy
fake_feature/6232.npy,fake_label/6232.npy
fake_feature/6233.npy,fake_label/6233.npy
fake_feature/6234.npy,fake_label/6234.npy
fake_feature/6235.npy,fake_label/6235.npy
fake_feature/6236.npy,fake_label/6236.npy
fake_feature/6237.npy,fake_label/6237.npy
fake_feature/6238.npy,fake_label/6238.npy
fake_feature/6239.npy,fake_label/6239.npy
fake_feature/6240.npy,fake_label/6240.npy
fake_feature/6241.npy,fake_label/6241.npy
fake_feature/6242.npy,fake_label/6242.npy
fake_feature/6243.npy,fake_label/6243.npy
fake_feature/6244.npy,fake_label/6244.npy
fake_feature/6245.npy,fake_label/6245.npy
fake_feature/6246.npy,fake_label/6246.npy
fake_feature/6247.npy,fake_label/6247.npy
fake_feature/6248.npy,fake_label/6248.npy
fake_feature/6249.npy,fake_label/6249.npy
fake_feature/6250.npy,fake_label/6250.npy
fake_feature/6251.npy,fake_label/6251.npy
fake_feature/6252.npy,fake_label/6252.npy
fake_feature/6253.npy,fake_label/6253.npy
fake_feature/6254.npy,fake_label/6254.npy
fake_feature/6255.npy,fake_label/6255.npy
fake_feature/6256.npy,fake_label/6256.npy
fake_feature/6257.npy,fake_label/6257.npy
fake_feature/6258.npy,fake_label/6258.npy
fake_feature/6259.npy,fake_label/6259.npy
fake_feature/6260.npy,fake_label/6260.npy
fake_feature/6261.npy,fake_label/6261.npy
fake_feature/6262.npy,fake_label/6262.npy
fake_feature/6263.npy,fake_label/6263.npy
fake_feature/6264.npy,fake_label/6264.npy
fake_feature/6265.npy,fake_label/6265.npy
fake_feature/6266.npy,fake_label/6266.npy
fake_feature/6267.npy,fake_label/6267.npy
fake_feature/6268.npy,fake_label/6268.npy
fake_feature/6269.npy,fake_label/6269.npy
fake_feature/6270.npy,fake_label/6270.npy
fake_feature/6271.npy,fake_label/6271.npy
fake_feature/6272.npy,fake_label/6272.npy
fake_feature/6273.npy,fake_label/6273.npy
fake_feature/6274.npy,fake_label/6274.npy
fake_feature/6275.npy,fake_label/6275.npy
fake_feature/6276.npy,fake_label/6276.npy
fake_feature/6277.npy,fake_label/6277.npy
fake_feature/6278.npy,fake_label/6278.npy
fake_feature/6279.npy,fake_label/6279.npy
fake_feature/6280.npy,fake_label/6280.npy
fake_feature/6281.npy,fake_label/6281.npy
fake_feature/6282.npy,fake_label/6282.npy
fake_feature/6283.npy,fake_label/6283.npy
fake_feature/6284.npy,fake_label/6284.npy
fake_feature/6285.npy,fake_label/6285.npy
fake_feature/6286.npy,fake_label/6286.npy
fake_feature/6287.npy,fake_label/6287.npy
fake_feature/6288.npy,fake_label/6288.npy
fake_feature/6289.npy,fake_label/6289.npy
fake_feature/6290.npy,fake_label/6290.npy
fake_feature/6291.npy,fake_label/6291.npy
fake_feature/6292.npy,fake_label/6292.npy
fake_feature/6293.npy,fake_label/6293.npy
fake_feature/6294.npy,fake_label/6294.npy
fake_feature/6295.npy,fake_label/6295.npy
fake_feature/6296.npy,fake_label/6296.npy
fake_feature/6297.npy,fake_label/6297.npy
fake_feature/6298.npy,fake_label/6298.npy
fake_feature/6299.npy,fake_label/6299.npy
fake_feature/6300.npy,fake_label/6300.npy
fake_feature/6301.npy,fake_label/6301.npy
fake_feature/6302.npy,fake_label/6302.npy
fake_feature/6303.npy,fake_label/6303.npy
fake_feature/6304.npy,fake_label/6304.npy
fake_feature/6305.npy,fake_label/6305.npy
fake_feature/6306.npy,fake_label/6306.npy
fake_feature/6307.npy,fake_label/6307.npy
fake_feature/6308.npy,fake_label/6308.npy
fake_feature/6309.npy,fake_label/6309.npy
fake_feature/6310.npy,fake_label/6310.npy
fake_feature/6311.npy,fake_label/6311.npy
fake_feature/6312.npy,fake_label/6312.npy
fake_feature/6313.npy,fake_label/6313.npy
fake_feature/6314.npy,fake_label/6314.npy
fake_feature/6315.npy,fake_label/6315.npy
fake_feature/6316.npy,fake_label/6316.npy
fake_feature/6317.npy,fake_label/6317.npy
fake_feature/6318.npy,fake_label/6318.npy
fake_feature/6319.npy,fake_label/6319.npy
fake_feature/6320.npy,fake_label/6320.npy
fake_feature/6321.npy,fake_label/6321.npy
fake_feature/6322.npy,fake_label/6322.npy
fake_feature/6323.npy,fake_label/6323.npy
fake_feature/6324.npy,fake_label/6324.npy
fake_feature/6325.npy,fake_label/6325.npy
fake_feature/6326.npy,fake_label/6326.npy
fake_feature/6327.npy,fake_label/6327.npy
fake_feature/6328.npy,fake_label/6328.npy
fake_feature/6329.npy,fake_label/6329.npy
fake_feature/6330.npy,fake_label/6330.npy
fake_feature/6331.npy,fake_label/6331.npy
fake_feature/6332.npy,fake_label/6332.npy
fake_feature/6333.npy,fake_label/6333.npy
fake_feature/6334.npy,fake_label/6334.npy
fake_feature/6335.npy,fake_label/6335.npy
fake_feature/6336.npy,fake_label/6336.npy
fake_feature/6337.npy,fake_label/6337.npy
fake_feature/6338.npy,fake_label/6338.npy
fake_feature/6339.npy,fake_label/6339.npy
fake_feature/6340.npy,fake_label/6340.npy
fake_feature/6341.npy,fake_label/6341.npy
fake_feature/6342.npy,fake_label/6342.npy
fake_feature/6343.npy,fake_label/6343.npy
fake_feature/6344.npy,fake_label/6344.npy
fake_feature/6345.npy,fake_label/6345.npy
fake_feature/6346.npy,fake_label/6346.npy
fake_feature/6347.npy,fake_label/6347.npy
fake_feature/6348.npy,fake_label/6348.npy
fake_feature/6349.npy,fake_label/6349.npy
fake_feature/6350.npy,fake_label/6350.npy
fake_feature/6351.npy,fake_label/6351.npy
fake_feature/6352.npy,fake_label/6352.npy
fake_feature/6353.npy,fake_label/6353.npy
fake_feature/6354.npy,fake_label/6354.npy
fake_feature/6355.npy,fake_label/6355.npy
fake_feature/6356.npy,fake_label/6356.npy
fake_feature/6357.npy,fake_label/6357.npy
fake_feature/6358.npy,fake_label/6358.npy
fake_feature/6359.npy,fake_label/6359.npy
fake_feature/6360.npy,fake_label/6360.npy
fake_feature/6361.npy,fake_label/6361.npy
fake_feature/6362.npy,fake_label/6362.npy
fake_feature/6363.npy,fake_label/6363.npy
fake_feature/6364.npy,fake_label/6364.npy
fake_feature/6365.npy,fake_label/6365.npy
fake_feature/6366.npy,fake_label/6366.npy
fake_feature/6367.npy,fake_label/6367.npy
fake_feature/6368.npy,fake_label/6368.npy
fake_feature/6369.npy,fake_label/6369.npy
fake_feature/6370.npy,fake_label/6370.npy
fake_feature/6371.npy,fake_label/6371.npy
fake_feature/6372.npy,fake_label/6372.npy
fake_feature/6373.npy,fake_label/6373.npy
fake_feature/6374.npy,fake_label/6374.npy
fake_feature/6375.npy,fake_label/6375.npy
fake_feature/6376.npy,fake_label/6376.npy
fake_feature/6377.npy,fake_label/6377.npy
fake_feature/6378.npy,fake_label/6378.npy
fake_feature/6379.npy,fake_label/6379.npy
fake_feature/6380.npy,fake_label/6380.npy
fake_feature/6381.npy,fake_label/6381.npy
fake_feature/6382.npy,fake_label/6382.npy
fake_feature/6383.npy,fake_label/6383.npy
fake_feature/6384.npy,fake_label/6384.npy
fake_feature/6385.npy,fake_label/6385.npy
fake_feature/6386.npy,fake_label/6386.npy
fake_feature/6387.npy,fake_label/6387.npy
fake_feature/6388.npy,fake_label/6388.npy
fake_feature/6389.npy,fake_label/6389.npy
fake_feature/6390.npy,fake_label/6390.npy
fake_feature/6391.npy,fake_label/6391.npy
fake_feature/6392.npy,fake_label/6392.npy
fake_feature/6393.npy,fake_label/6393.npy
fake_feature/6394.npy,fake_label/6394.npy
fake_feature/6395.npy,fake_label/6395.npy
fake_feature/6396.npy,fake_label/6396.npy
fake_feature/6397.npy,fake_label/6397.npy
fake_feature/6398.npy,fake_label/6398.npy
fake_feature/6399.npy,fake_label/6399.npy
fake_feature/6400.npy,fake_label/6400.npy
fake_feature/6401.npy,fake_label/6401.npy
fake_feature/6402.npy,fake_label/6402.npy
fake_feature/6403.npy,fake_label/6403.npy
fake_feature/6404.npy,fake_label/6404.npy
fake_feature/6405.npy,fake_label/6405.npy
fake_feature/6406.npy,fake_label/6406.npy
fake_feature/6407.npy,fake_label/6407.npy
fake_feature/6408.npy,fake_label/6408.npy
fake_feature/6409.npy,fake_label/6409.npy
fake_feature/6410.npy,fake_label/6410.npy
fake_feature/6411.npy,fake_label/6411.npy
fake_feature/6412.npy,fake_label/6412.npy
fake_feature/6413.npy,fake_label/6413.npy
fake_feature/6414.npy,fake_label/6414.npy
fake_feature/6415.npy,fake_label/6415.npy
fake_feature/6416.npy,fake_label/6416.npy
fake_feature/6417.npy,fake_label/6417.npy
fake_feature/6418.npy,fake_label/6418.npy
fake_feature/6419.npy,fake_label/6419.npy
fake_feature/6420.npy,fake_label/6420.npy
fake_feature/6421.npy,fake_label/6421.npy
fake_feature/6422.npy,fake_label/6422.npy
fake_feature/6423.npy,fake_label/6423.npy
fake_feature/6424.npy,fake_label/6424.npy
fake_feature/6425.npy,fake_label/6425.npy
fake_feature/6426.npy,fake_label/6426.npy
fake_feature/6427.npy,fake_label/6427.npy
fake_feature/6428.npy,fake_label/6428.npy
fake_feature/6429.npy,fake_label/6429.npy
fake_feature/6430.npy,fake_label/6430.npy
fake_feature/6431.npy,fake_label/6431.npy
fake_feature/6432.npy,fake_label/6432.npy
fake_feature/6433.npy,fake_label/6433.npy
fake_feature/6434.npy,fake_label/6434.npy
fake_feature/6435.npy,fake_label/6435.npy
fake_feature/6436.npy,fake_label/6436.npy
fake_feature/6437.npy,fake_label/6437.npy
fake_feature/6438.npy,fake_label/6438.npy
fake_feature/6439.npy,fake_label/6439.npy
fake_feature/6440.npy,fake_label/6440.npy
fake_feature/6441.npy,fake_label/6441.npy
fake_feature/6442.npy,fake_label/6442.npy
fake_feature/6443.npy,fake_label/6443.npy
fake_feature/6444.npy,fake_label/6444.npy
fake_feature/6445.npy,fake_label/6445.npy
fake_feature/6446.npy,fake_label/6446.npy
fake_feature/6447.npy,fake_label/6447.npy
fake_feature/6448.npy,fake_label/6448.npy
fake_feature/6449.npy,fake_label/6449.npy
fake_feature/6450.npy,fake_label/6450.npy
fake_feature/6451.npy,fake_label/6451.npy
fake_feature/6452.npy,fake_label/6452.npy
fake_feature/6453.npy,fake_label/6453.npy
fake_feature/6454.npy,fake_label/6454.npy
fake_feature/6455.npy,fake_label/6455.npy
fake_feature/6456.npy,fake_label/6456.npy
fake_feature/6457.npy,fake_label/6457.npy
fake_feature/6458.npy,fake_label/6458.npy
fake_feature/6459.npy,fake_label/6459.npy
fake_feature/6460.npy,fake_label/6460.npy
fake_feature/6461.npy,fake_label/6461.npy
fake_feature/6462.npy,fake_label/6462.npy
fake_feature/6463.npy,fake_label/6463.npy
fake_feature/6464.npy,fake_label/6464.npy
fake_feature/6465.npy,fake_label/6465.npy
fake_feature/6466.npy,fake_label/6466.npy
fake_feature/6467.npy,fake_label/6467.npy
fake_feature/6468.npy,fake_label/6468.npy
fake_feature/6469.npy,fake_label/6469.npy
fake_feature/6470.npy,fake_label/6470.npy
fake_feature/6471.npy,fake_label/6471.npy
fake_feature/6472.npy,fake_label/6472.npy
fake_feature/6473.npy,fake_label/6473.npy
fake_feature/6474.npy,fake_label/6474.npy
fake_feature/6475.npy,fake_label/6475.npy
fake_feature/6476.npy,fake_label/6476.npy
fake_feature/6477.npy,fake_label/6477.npy
fake_feature/6478.npy,fake_label/6478.npy
fake_feature/6479.npy,fake_label/6479.npy
fake_feature/6480.npy,fake_label/6480.npy
fake_feature/6481.npy,fake_label/6481.npy
fake_feature/6482.npy,fake_label/6482.npy
fake_feature/6483.npy,fake_label/6483.npy
fake_feature/6484.npy,fake_label/6484.npy
fake_feature/6485.npy,fake_label/6485.npy
fake_feature/6486.npy,fake_label/6486.npy
fake_feature/6487.npy,fake_label/6487.npy
fake_feature/6488.npy,fake_label/6488.npy
fake_feature/6489.npy,fake_label/6489.npy
fake_feature/6490.npy,fake_label/6490.npy
fake_feature/6491.npy,fake_label/6491.npy
fake_feature/6492.npy,fake_label/6492.npy
fake_feature/6493.npy,fake_label/6493.npy
fake_feature/6494.npy,fake_label/6494.npy
fake_feature/6495.npy,fake_label/6495.npy
fake_feature/6496.npy,fake_label/6496.npy
fake_feature/6497.npy,fake_label/6497.npy
fake_feature/6498.npy,fake_label/6498.npy
fake_feature/6499.npy,fake_label/6499.npy
fake_feature/6500.npy,fake_label/6500.npy
fake_feature/6501.npy,fake_label/6501.npy
fake_feature/6502.npy,fake_label/6502.npy
fake_feature/6503.npy,fake_label/6503.npy
fake_feature/6504.npy,fake_label/6504.npy
fake_feature/6505.npy,fake_label/6505.npy
fake_feature/6506.npy,fake_label/6506.npy
fake_feature/6507.npy,fake_label/6507.npy
fake_feature/6508.npy,fake_label/6508.npy
fake_feature/6509.npy,fake_label/6509.npy
fake_feature/6510.npy,fake_label/6510.npy
fake_feature/6511.npy,fake_label/6511.npy
fake_feature/6512.npy,fake_label/6512.npy
fake_feature/6513.npy,fake_label/6513.npy
fake_feature/6514.npy,fake_label/6514.npy
fake_feature/6515.npy,fake_label/6515.npy
fake_feature/6516.npy,fake_label/6516.npy
fake_feature/6517.npy,fake_label/6517.npy
fake_feature/6518.npy,fake_label/6518.npy
fake_feature/6519.npy,fake_label/6519.npy
fake_feature/6520.npy,fake_label/6520.npy
fake_feature/6521.npy,fake_label/6521.npy
fake_feature/6522.npy,fake_label/6522.npy
fake_feature/6523.npy,fake_label/6523.npy
fake_feature/6524.npy,fake_label/6524.npy
fake_feature/6525.npy,fake_label/6525.npy
fake_feature/6526.npy,fake_label/6526.npy
fake_feature/6527.npy,fake_label/6527.npy
fake_feature/6528.npy,fake_label/6528.npy
fake_feature/6529.npy,fake_label/6529.npy
fake_feature/6530.npy,fake_label/6530.npy
fake_feature/6531.npy,fake_label/6531.npy
fake_feature/6532.npy,fake_label/6532.npy
fake_feature/6533.npy,fake_label/6533.npy
fake_feature/6534.npy,fake_label/6534.npy
fake_feature/6535.npy,fake_label/6535.npy
fake_feature/6536.npy,fake_label/6536.npy
fake_feature/6537.npy,fake_label/6537.npy
fake_feature/6538.npy,fake_label/6538.npy
fake_feature/6539.npy,fake_label/6539.npy
fake_feature/6540.npy,fake_label/6540.npy
fake_feature/6541.npy,fake_label/6541.npy
fake_feature/6542.npy,fake_label/6542.npy
fake_feature/6543.npy,fake_label/6543.npy
fake_feature/6544.npy,fake_label/6544.npy
fake_feature/6545.npy,fake_label/6545.npy
fake_feature/6546.npy,fake_label/6546.npy
fake_feature/6547.npy,fake_label/6547.npy
fake_feature/6548.npy,fake_label/6548.npy
fake_feature/6549.npy,fake_label/6549.npy
fake_feature/6550.npy,fake_label/6550.npy
fake_feature/6551.npy,fake_label/6551.npy
fake_feature/6552.npy,fake_label/6552.npy
fake_feature/6553.npy,fake_label/6553.npy
fake_feature/6554.npy,fake_label/6554.npy
fake_feature/6555.npy,fake_label/6555.npy
fake_feature/6556.npy,fake_label/6556.npy
fake_feature/6557.npy,fake_label/6557.npy
fake_feature/6558.npy,fake_label/6558.npy
fake_feature/6559.npy,fake_label/6559.npy
fake_feature/6560.npy,fake_label/6560.npy
fake_feature/6561.npy,fake_label/6561.npy
fake_feature/6562.npy,fake_label/6562.npy
fake_feature/6563.npy,fake_label/6563.npy
fake_feature/6564.npy,fake_label/6564.npy
fake_feature/6565.npy,fake_label/6565.npy
fake_feature/6566.npy,fake_label/6566.npy
fake_feature/6567.npy,fake_label/6567.npy
fake_feature/6568.npy,fake_label/6568.npy
fake_feature/6569.npy,fake_label/6569.npy
fake_feature/6570.npy,fake_label/6570.npy
fake_feature/6571.npy,fake_label/6571.npy
fake_feature/6572.npy,fake_label/6572.npy
fake_feature/6573.npy,fake_label/6573.npy
fake_feature/6574.npy,fake_label/6574.npy
fake_feature/6575.npy,fake_label/6575.npy
fake_feature/6576.npy,fake_label/6576.npy
fake_feature/6577.npy,fake_label/6577.npy
fake_feature/6578.npy,fake_label/6578.npy
fake_feature/6579.npy,fake_label/6579.npy
fake_feature/6580.npy,fake_label/6580.npy
fake_feature/6581.npy,fake_label/6581.npy
fake_feature/6582.npy,fake_label/6582.npy
fake_feature/6583.npy,fake_label/6583.npy
fake_feature/6584.npy,fake_label/6584.npy
fake_feature/6585.npy,fake_label/6585.npy
fake_feature/6586.npy,fake_label/6586.npy
fake_feature/6587.npy,fake_label/6587.npy
fake_feature/6588.npy,fake_label/6588.npy
fake_feature/6589.npy,fake_label/6589.npy
fake_feature/6590.npy,fake_label/6590.npy
fake_feature/6591.npy,fake_label/6591.npy
fake_feature/6592.npy,fake_label/6592.npy
fake_feature/6593.npy,fake_label/6593.npy
fake_feature/6594.npy,fake_label/6594.npy
fake_feature/6595.npy,fake_label/6595.npy
fake_feature/6596.npy,fake_label/6596.npy
fake_feature/6597.npy,fake_label/6597.npy
fake_feature/6598.npy,fake_label/6598.npy
fake_feature/6599.npy,fake_label/6599.npy
fake_feature/6600.npy,fake_label/6600.npy
fake_feature/6601.npy,fake_label/6601.npy
fake_feature/6602.npy,fake_label/6602.npy
fake_feature/6603.npy,fake_label/6603.npy
fake_feature/6604.npy,fake_label/6604.npy
fake_feature/6605.npy,fake_label/6605.npy
fake_feature/6606.npy,fake_label/6606.npy
fake_feature/6607.npy,fake_label/6607.npy
fake_feature/6608.npy,fake_label/6608.npy
fake_feature/6609.npy,fake_label/6609.npy
fake_feature/6610.npy,fake_label/6610.npy
fake_feature/6611.npy,fake_label/6611.npy
fake_feature/6612.npy,fake_label/6612.npy
fake_feature/6613.npy,fake_label/6613.npy
fake_feature/6614.npy,fake_label/6614.npy
fake_feature/6615.npy,fake_label/6615.npy
fake_feature/6616.npy,fake_label/6616.npy
fake_feature/6617.npy,fake_label/6617.npy
fake_feature/6618.npy,fake_label/6618.npy
fake_feature/6619.npy,fake_label/6619.npy
fake_feature/6620.npy,fake_label/6620.npy
fake_feature/6621.npy,fake_label/6621.npy
fake_feature/6622.npy,fake_label/6622.npy
fake_feature/6623.npy,fake_label/6623.npy
fake_feature/6624.npy,fake_label/6624.npy
fake_feature/6625.npy,fake_label/6625.npy
fake_feature/6626.npy,fake_label/6626.npy
fake_feature/6627.npy,fake_label/6627.npy
fake_feature/6628.npy,fake_label/6628.npy
fake_feature/6629.npy,fake_label/6629.npy
fake_feature/6630.npy,fake_label/6630.npy
fake_feature/6631.npy,fake_label/6631.npy
fake_feature/6632.npy,fake_label/6632.npy
fake_feature/6633.npy,fake_label/6633.npy
fake_feature/6634.npy,fake_label/6634.npy
fake_feature/6635.npy,fake_label/6635.npy
fake_feature/6636.npy,fake_label/6636.npy
fake_feature/6637.npy,fake_label/6637.npy
fake_feature/6638.npy,fake_label/6638.npy
fake_feature/6639.npy,fake_label/6639.npy
fake_feature/6640.npy,fake_label/6640.npy
fake_feature/6641.npy,fake_label/6641.npy
fake_feature/6642.npy,fake_label/6642.npy
fake_feature/6643.npy,fake_label/6643.npy
fake_feature/6644.npy,fake_label/6644.npy
fake_feature/6645.npy,fake_label/6645.npy
fake_feature/6646.npy,fake_label/6646.npy
fake_feature/6647.npy,fake_label/6647.npy
fake_feature/6648.npy,fake_label/6648.npy
fake_feature/6649.npy,fake_label/6649.npy
fake_feature/6650.npy,fake_label/6650.npy
fake_feature/6651.npy,fake_label/6651.npy
fake_feature/6652.npy,fake_label/6652.npy
fake_feature/6653.npy,fake_label/6653.npy
fake_feature/6654.npy,fake_label/6654.npy
fake_feature/6655.npy,fake_label/6655.npy
fake_feature/6656.npy,fake_label/6656.npy
fake_feature/6657.npy,fake_label/6657.npy
fake_feature/6658.npy,fake_label/6658.npy
fake_feature/6659.npy,fake_label/6659.npy
fake_feature/6660.npy,fake_label/6660.npy
fake_feature/6661.npy,fake_label/6661.npy
fake_feature/6662.npy,fake_label/6662.npy
fake_feature/6663.npy,fake_label/6663.npy
fake_feature/6664.npy,fake_label/6664.npy
fake_feature/6665.npy,fake_label/6665.npy
fake_feature/6666.npy,fake_label/6666.npy
fake_feature/6667.npy,fake_label/6667.npy
fake_feature/6668.npy,fake_label/6668.npy
fake_feature/6669.npy,fake_label/6669.npy
fake_feature/6670.npy,fake_label/6670.npy
fake_feature/6671.npy,fake_label/6671.npy
fake_feature/6672.npy,fake_label/6672.npy
fake_feature/6673.npy,fake_label/6673.npy
fake_feature/6674.npy,fake_label/6674.npy
fake_feature/6675.npy,fake_label/6675.npy
fake_feature/6676.npy,fake_label/6676.npy
fake_feature/6677.npy,fake_label/6677.npy
fake_feature/6678.npy,fake_label/6678.npy
fake_feature/6679.npy,fake_label/6679.npy
fake_feature/6680.npy,fake_label/6680.npy
fake_feature/6681.npy,fake_label/6681.npy
fake_feature/6682.npy,fake_label/6682.npy
fake_feature/6683.npy,fake_label/6683.npy
fake_feature/6684.npy,fake_label/6684.npy
fake_feature/6685.npy,fake_label/6685.npy
fake_feature/6686.npy,fake_label/6686.npy
fake_feature/6687.npy,fake_label/6687.npy
fake_feature/6688.npy,fake_label/6688.npy
fake_feature/6689.npy,fake_label/6689.npy
fake_feature/6690.npy,fake_label/6690.npy
fake_feature/6691.npy,fake_label/6691.npy
fake_feature/6692.npy,fake_label/6692.npy
fake_feature/6693.npy,fake_label/6693.npy
fake_feature/6694.npy,fake_label/6694.npy
fake_feature/6695.npy,fake_label/6695.npy
fake_feature/6696.npy,fake_label/6696.npy
fake_feature/6697.npy,fake_label/6697.npy
fake_feature/6698.npy,fake_label/6698.npy
fake_feature/6699.npy,fake_label/6699.npy
fake_feature/6700.npy,fake_label/6700.npy
fake_feature/6701.npy,fake_label/6701.npy
fake_feature/6702.npy,fake_label/6702.npy
fake_feature/6703.npy,fake_label/6703.npy
fake_feature/6704.npy,fake_label/6704.npy
fake_feature/6705.npy,fake_label/6705.npy
fake_feature/6706.npy,fake_label/6706.npy
fake_feature/6707.npy,fake_label/6707.npy
fake_feature/6708.npy,fake_label/6708.npy
fake_feature/6709.npy,fake_label/6709.npy
fake_feature/6710.npy,fake_label/6710.npy
fake_feature/6711.npy,fake_label/6711.npy
fake_feature/6712.npy,fake_label/6712.npy
fake_feature/6713.npy,fake_label/6713.npy
fake_feature/6714.npy,fake_label/6714.npy
fake_feature/6715.npy,fake_label/6715.npy
fake_feature/6716.npy,fake_label/6716.npy
fake_feature/6717.npy,fake_label/6717.npy
fake_feature/6718.npy,fake_label/6718.npy
fake_feature/6719.npy,fake_label/6719.npy
fake_feature/6720.npy,fake_label/6720.npy
fake_feature/6721.npy,fake_label/6721.npy
fake_feature/6722.npy,fake_label/6722.npy
fake_feature/6723.npy,fake_label/6723.npy
fake_feature/6724.npy,fake_label/6724.npy
fake_feature/6725.npy,fake_label/6725.npy
fake_feature/6726.npy,fake_label/6726.npy
fake_feature/6727.npy,fake_label/6727.npy
fake_feature/6728.npy,fake_label/6728.npy
fake_feature/6729.npy,fake_label/6729.npy
fake_feature/6730.npy,fake_label/6730.npy
fake_feature/6731.npy,fake_label/6731.npy
fake_feature/6732.npy,fake_label/6732.npy
fake_feature/6733.npy,fake_label/6733.npy
fake_feature/6734.npy,fake_label/6734.npy
fake_feature/6735.npy,fake_label/6735.npy
fake_feature/6736.npy,fake_label/6736.npy
fake_feature/6737.npy,fake_label/6737.npy
fake_feature/6738.npy,fake_label/6738.npy
fake_feature/6739.npy,fake_label/6739.npy
fake_feature/6740.npy,fake_label/6740.npy
fake_feature/6741.npy,fake_label/6741.npy
fake_feature/6742.npy,fake_label/6742.npy
fake_feature/6743.npy,fake_label/6743.npy
fake_feature/6744.npy,fake_label/6744.npy
fake_feature/6745.npy,fake_label/6745.npy
fake_feature/6746.npy,fake_label/6746.npy
fake_feature/6747.npy,fake_label/6747.npy
fake_feature/6748.npy,fake_label/6748.npy
fake_feature/6749.npy,fake_label/6749.npy
fake_feature/6750.npy,fake_label/6750.npy
fake_feature/6751.npy,fake_label/6751.npy
fake_feature/6752.npy,fake_label/6752.npy
fake_feature/6753.npy,fake_label/6753.npy
fake_feature/6754.npy,fake_label/6754.npy
fake_feature/6755.npy,fake_label/6755.npy
fake_feature/6756.npy,fake_label/6756.npy
fake_feature/6757.npy,fake_label/6757.npy
fake_feature/6758.npy,fake_label/6758.npy
fake_feature/6759.npy,fake_label/6759.npy
fake_feature/6760.npy,fake_label/6760.npy
fake_feature/6761.npy,fake_label/6761.npy
fake_feature/6762.npy,fake_label/6762.npy
fake_feature/6763.npy,fake_label/6763.npy
fake_feature/6764.npy,fake_label/6764.npy
fake_feature/6765.npy,fake_label/6765.npy
fake_feature/6766.npy,fake_label/6766.npy
fake_feature/6767.npy,fake_label/6767.npy
fake_feature/6768.npy,fake_label/6768.npy
fake_feature/6769.npy,fake_label/6769.npy
fake_feature/6770.npy,fake_label/6770.npy
fake_feature/6771.npy,fake_label/6771.npy
fake_feature/6772.npy,fake_label/6772.npy
fake_feature/6773.npy,fake_label/6773.npy
fake_feature/6774.npy,fake_label/6774.npy
fake_feature/6775.npy,fake_label/6775.npy
fake_feature/6776.npy,fake_label/6776.npy
fake_feature/6777.npy,fake_label/6777.npy
fake_feature/6778.npy,fake_label/6778.npy
fake_feature/6779.npy,fake_label/6779.npy
fake_feature/6780.npy,fake_label/6780.npy
fake_feature/6781.npy,fake_label/6781.npy
fake_feature/6782.npy,fake_label/6782.npy
fake_feature/6783.npy,fake_label/6783.npy
fake_feature/6784.npy,fake_label/6784.npy
fake_feature/6785.npy,fake_label/6785.npy
fake_feature/6786.npy,fake_label/6786.npy
fake_feature/6787.npy,fake_label/6787.npy
fake_feature/6788.npy,fake_label/6788.npy
fake_feature/6789.npy,fake_label/6789.npy
fake_feature/6790.npy,fake_label/6790.npy
fake_feature/6791.npy,fake_label/6791.npy
fake_feature/6792.npy,fake_label/6792.npy
fake_feature/6793.npy,fake_label/6793.npy
fake_feature/6794.npy,fake_label/6794.npy
fake_feature/6795.npy,fake_label/6795.npy
fake_feature/6796.npy,fake_label/6796.npy
fake_feature/6797.npy,fake_label/6797.npy
fake_feature/6798.npy,fake_label/6798.npy
fake_feature/6799.npy,fake_label/6799.npy
fake_feature/6800.npy,fake_label/6800.npy
fake_feature/6801.npy,fake_label/6801.npy
fake_feature/6802.npy,fake_label/6802.npy
fake_feature/6803.npy,fake_label/6803.npy
fake_feature/6804.npy,fake_label/6804.npy
fake_feature/6805.npy,fake_label/6805.npy
fake_feature/6806.npy,fake_label/6806.npy
fake_feature/6807.npy,fake_label/6807.npy
fake_feature/6808.npy,fake_label/6808.npy
fake_feature/6809.npy,fake_label/6809.npy
fake_feature/6810.npy,fake_label/6810.npy
fake_feature/6811.npy,fake_label/6811.npy
fake_feature/6812.npy,fake_label/6812.npy
fake_feature/6813.npy,fake_label/6813.npy
fake_feature/6814.npy,fake_label/6814.npy
fake_feature/6815.npy,fake_label/6815.npy
fake_feature/6816.npy,fake_label/6816.npy
fake_feature/6817.npy,fake_label/6817.npy
fake_feature/6818.npy,fake_label/6818.npy
fake_feature/6819.npy,fake_label/6819.npy
fake_feature/6820.npy,fake_label/6820.npy
fake_feature/6821.npy,fake_label/6821.npy
fake_feature/6822.npy,fake_label/6822.npy
fake_feature/6823.npy,fake_label/6823.npy
fake_feature/6824.npy,fake_label/6824.npy
fake_feature/6825.npy,fake_label/6825.npy
fake_feature/6826.npy,fake_label/6826.npy
fake_feature/6827.npy,fake_label/6827.npy
fake_feature/6828.npy,fake_label/6828.npy
fake_feature/6829.npy,fake_label/6829.npy
fake_feature/6830.npy,fake_label/6830.npy
fake_feature/6831.npy,fake_label/6831.npy
fake_feature/6832.npy,fake_label/6832.npy
fake_feature/6833.npy,fake_label/6833.npy
fake_feature/6834.npy,fake_label/6834.npy
fake_feature/6835.npy,fake_label/6835.npy
fake_feature/6836.npy,fake_label/6836.npy
fake_feature/6837.npy,fake_label/6837.npy
fake_feature/6838.npy,fake_label/6838.npy
fake_feature/6839.npy,fake_label/6839.npy
fake_feature/6840.npy,fake_label/6840.npy
fake_feature/6841.npy,fake_label/6841.npy
fake_feature/6842.npy,fake_label/6842.npy
fake_feature/6843.npy,fake_label/6843.npy
fake_feature/6844.npy,fake_label/6844.npy
fake_feature/6845.npy,fake_label/6845.npy
fake_feature/6846.npy,fake_label/6846.npy
fake_feature/6847.npy,fake_label/6847.npy
fake_feature/6848.npy,fake_label/6848.npy
fake_feature/6849.npy,fake_label/6849.npy
fake_feature/6850.npy,fake_label/6850.npy
fake_feature/6851.npy,fake_label/6851.npy
fake_feature/6852.npy,fake_label/6852.npy
fake_feature/6853.npy,fake_label/6853.npy
fake_feature/6854.npy,fake_label/6854.npy
fake_feature/6855.npy,fake_label/6855.npy
fake_feature/6856.npy,fake_label/6856.npy
fake_feature/6857.npy,fake_label/6857.npy
fake_feature/6858.npy,fake_label/6858.npy
fake_feature/6859.npy,fake_label/6859.npy
fake_feature/6860.npy,fake_label/6860.npy
fake_feature/6861.npy,fake_label/6861.npy
fake_feature/6862.npy,fake_label/6862.npy
fake_feature/6863.npy,fake_label/6863.npy
fake_feature/6864.npy,fake_label/6864.npy
fake_feature/6865.npy,fake_label/6865.npy
fake_feature/6866.npy,fake_label/6866.npy
fake_feature/6867.npy,fake_label/6867.npy
fake_feature/6868.npy,fake_label/6868.npy
fake_feature/6869.npy,fake_label/6869.npy
fake_feature/6870.npy,fake_label/6870.npy
fake_feature/6871.npy,fake_label/6871.npy
fake_feature/6872.npy,fake_label/6872.npy
fake_feature/6873.npy,fake_label/6873.npy
fake_feature/6874.npy,fake_label/6874.npy
fake_feature/6875.npy,fake_label/6875.npy
fake_feature/6876.npy,fake_label/6876.npy
fake_feature/6877.npy,fake_label/6877.npy
fake_feature/6878.npy,fake_label/6878.npy
fake_feature/6879.npy,fake_label/6879.npy
fake_feature/6880.npy,fake_label/6880.npy
fake_feature/6881.npy,fake_label/6881.npy
fake_feature/6882.npy,fake_label/6882.npy
fake_feature/6883.npy,fake_label/6883.npy
fake_feature/6884.npy,fake_label/6884.npy
fake_feature/6885.npy,fake_label/6885.npy
fake_feature/6886.npy,fake_label/6886.npy
fake_feature/6887.npy,fake_label/6887.npy
fake_feature/6888.npy,fake_label/6888.npy
fake_feature/6889.npy,fake_label/6889.npy
fake_feature/6890.npy,fake_label/6890.npy
fake_feature/6891.npy,fake_label/6891.npy
fake_feature/6892.npy,fake_label/6892.npy
fake_feature/6893.npy,fake_label/6893.npy
fake_feature/6894.npy,fake_label/6894.npy
fake_feature/6895.npy,fake_label/6895.npy
fake_feature/6896.npy,fake_label/6896.npy
fake_feature/6897.npy,fake_label/6897.npy
fake_feature/6898.npy,fake_label/6898.npy
fake_feature/6899.npy,fake_label/6899.npy
fake_feature/6900.npy,fake_label/6900.npy
fake_feature/6901.npy,fake_label/6901.npy
fake_feature/6902.npy,fake_label/6902.npy
fake_feature/6903.npy,fake_label/6903.npy
fake_feature/6904.npy,fake_label/6904.npy
fake_feature/6905.npy,fake_label/6905.npy
fake_feature/6906.npy,fake_label/6906.npy
fake_feature/6907.npy,fake_label/6907.npy
fake_feature/6908.npy,fake_label/6908.npy
fake_feature/6909.npy,fake_label/6909.npy
fake_feature/6910.npy,fake_label/6910.npy
fake_feature/6911.npy,fake_label/6911.npy
fake_feature/6912.npy,fake_label/6912.npy
fake_feature/6913.npy,fake_label/6913.npy
fake_feature/6914.npy,fake_label/6914.npy
fake_feature/6915.npy,fake_label/6915.npy
fake_feature/6916.npy,fake_label/6916.npy
fake_feature/6917.npy,fake_label/6917.npy
fake_feature/6918.npy,fake_label/6918.npy
fake_feature/6919.npy,fake_label/6919.npy
fake_feature/6920.npy,fake_label/6920.npy
fake_feature/6921.npy,fake_label/6921.npy
fake_feature/6922.npy,fake_label/6922.npy
fake_feature/6923.npy,fake_label/6923.npy
fake_feature/6924.npy,fake_label/6924.npy
fake_feature/6925.npy,fake_label/6925.npy
fake_feature/6926.npy,fake_label/6926.npy
fake_feature/6927.npy,fake_label/6927.npy
fake_feature/6928.npy,fake_label/6928.npy
fake_feature/6929.npy,fake_label/6929.npy
fake_feature/6930.npy,fake_label/6930.npy
fake_feature/6931.npy,fake_label/6931.npy
fake_feature/6932.npy,fake_label/6932.npy
fake_feature/6933.npy,fake_label/6933.npy
fake_feature/6934.npy,fake_label/6934.npy
fake_feature/6935.npy,fake_label/6935.npy
fake_feature/6936.npy,fake_label/6936.npy
fake_feature/6937.npy,fake_label/6937.npy
fake_feature/6938.npy,fake_label/6938.npy
fake_feature/6939.npy,fake_label/6939.npy
fake_feature/6940.npy,fake_label/6940.npy
fake_feature/6941.npy,fake_label/6941.npy
fake_feature/6942.npy,fake_label/6942.npy
fake_feature/6943.npy,fake_label/6943.npy
fake_feature/6944.npy,fake_label/6944.npy
fake_feature/6945.npy,fake_label/6945.npy
fake_feature/6946.npy,fake_label/6946.npy
fake_feature/6947.npy,fake_label/6947.npy
fake_feature/6948.npy,fake_label/6948.npy
fake_feature/6949.npy,fake_label/6949.npy
fake_feature/6950.npy,fake_label/6950.npy
fake_feature/6951.npy,fake_label/6951.npy
fake_feature/6952.npy,fake_label/6952.npy
fake_feature/6953.npy,fake_label/6953.npy
fake_feature/6954.npy,fake_label/6954.npy
fake_feature/6955.npy,fake_label/6955.npy
fake_feature/6956.npy,fake_label/6956.npy
fake_feature/6957.npy,fake_label/6957.npy
fake_feature/6958.npy,fake_label/6958.npy
fake_feature/6959.npy,fake_label/6959.npy
fake_feature/6960.npy,fake_label/6960.npy
fake_feature/6961.npy,fake_label/6961.npy
fake_feature/6962.npy,fake_label/6962.npy
fake_feature/6963.npy,fake_label/6963.npy
fake_feature/6964.npy,fake_label/6964.npy
fake_feature/6965.npy,fake_label/6965.npy
fake_feature/6966.npy,fake_label/6966.npy
fake_feature/6967.npy,fake_label/6967.npy
fake_feature/6968.npy,fake_label/6968.npy
fake_feature/6969.npy,fake_label/6969.npy
fake_feature/6970.npy,fake_label/6970.npy
fake_feature/6971.npy,fake_label/6971.npy
fake_feature/6972.npy,fake_label/6972.npy
fake_feature/6973.npy,fake_label/6973.npy
fake_feature/6974.npy,fake_label/6974.npy
fake_feature/6975.npy,fake_label/6975.npy
fake_feature/6976.npy,fake_label/6976.npy
fake_feature/6977.npy,fake_label/6977.npy
fake_feature/6978.npy,fake_label/6978.npy
fake_feature/6979.npy,fake_label/6979.npy
fake_feature/6980.npy,fake_label/6980.npy
fake_feature/6981.npy,fake_label/6981.npy
fake_feature/6982.npy,fake_label/6982.npy
fake_feature/6983.npy,fake_label/6983.npy
fake_feature/6984.npy,fake_label/6984.npy
fake_feature/6985.npy,fake_label/6985.npy
fake_feature/6986.npy,fake_label/6986.npy
fake_feature/6987.npy,fake_label/6987.npy
fake_feature/6988.npy,fake_label/6988.npy
fake_feature/6989.npy,fake_label/6989.npy
fake_feature/6990.npy,fake_label/6990.npy
fake_feature/6991.npy,fake_label/6991.npy
fake_feature/6992.npy,fake_label/6992.npy
fake_feature/6993.npy,fake_label/6993.npy
fake_feature/6994.npy,fake_label/6994.npy
fake_feature/6995.npy,fake_label/6995.npy
fake_feature/6996.npy,fake_label/6996.npy
fake_feature/6997.npy,fake_label/6997.npy
fake_feature/6998.npy,fake_label/6998.npy
fake_feature/6999.npy,fake_label/6999.npy
fake_feature/7000.npy,fake_label/7000.npy
fake_feature/7001.npy,fake_label/7001.npy
fake_feature/7002.npy,fake_label/7002.npy
fake_feature/7003.npy,fake_label/7003.npy
fake_feature/7004.npy,fake_label/7004.npy
fake_feature/7005.npy,fake_label/7005.npy
fake_feature/7006.npy,fake_label/7006.npy
fake_feature/7007.npy,fake_label/7007.npy
fake_feature/7008.npy,fake_label/7008.npy
fake_feature/7009.npy,fake_label/7009.npy
fake_feature/7010.npy,fake_label/7010.npy
fake_feature/7011.npy,fake_label/7011.npy
fake_feature/7012.npy,fake_label/7012.npy
fake_feature/7013.npy,fake_label/7013.npy
fake_feature/7014.npy,fake_label/7014.npy
fake_feature/7015.npy,fake_label/7015.npy
fake_feature/7016.npy,fake_label/7016.npy
fake_feature/7017.npy,fake_label/7017.npy
fake_feature/7018.npy,fake_label/7018.npy
fake_feature/7019.npy,fake_label/7019.npy
fake_feature/7020.npy,fake_label/7020.npy
fake_feature/7021.npy,fake_label/7021.npy
fake_feature/7022.npy,fake_label/7022.npy
fake_feature/7023.npy,fake_label/7023.npy
fake_feature/7024.npy,fake_label/7024.npy
fake_feature/7025.npy,fake_label/7025.npy
fake_feature/7026.npy,fake_label/7026.npy
fake_feature/7027.npy,fake_label/7027.npy
fake_feature/7028.npy,fake_label/7028.npy
fake_feature/7029.npy,fake_label/7029.npy
fake_feature/7030.npy,fake_label/7030.npy
fake_feature/7031.npy,fake_label/7031.npy
fake_feature/7032.npy,fake_label/7032.npy
fake_feature/7033.npy,fake_label/7033.npy
fake_feature/7034.npy,fake_label/7034.npy
fake_feature/7035.npy,fake_label/7035.npy
fake_feature/7036.npy,fake_label/7036.npy
fake_feature/7037.npy,fake_label/7037.npy
fake_feature/7038.npy,fake_label/7038.npy
fake_feature/7039.npy,fake_label/7039.npy
fake_feature/7040.npy,fake_label/7040.npy
fake_feature/7041.npy,fake_label/7041.npy
fake_feature/7042.npy,fake_label/7042.npy
fake_feature/7043.npy,fake_label/7043.npy
fake_feature/7044.npy,fake_label/7044.npy
fake_feature/7045.npy,fake_label/7045.npy
fake_feature/7046.npy,fake_label/7046.npy
fake_feature/7047.npy,fake_label/7047.npy
fake_feature/7048.npy,fake_label/7048.npy
fake_feature/7049.npy,fake_label/7049.npy
fake_feature/7050.npy,fake_label/7050.npy
fake_feature/7051.npy,fake_label/7051.npy
fake_feature/7052.npy,fake_label/7052.npy
fake_feature/7053.npy,fake_label/7053.npy
fake_feature/7054.npy,fake_label/7054.npy
fake_feature/7055.npy,fake_label/7055.npy
fake_feature/7056.npy,fake_label/7056.npy
fake_feature/7057.npy,fake_label/7057.npy
fake_feature/7058.npy,fake_label/7058.npy
fake_feature/7059.npy,fake_label/7059.npy
fake_feature/7060.npy,fake_label/7060.npy
fake_feature/7061.npy,fake_label/7061.npy
fake_feature/7062.npy,fake_label/7062.npy
fake_feature/7063.npy,fake_label/7063.npy
fake_feature/7064.npy,fake_label/7064.npy
fake_feature/7065.npy,fake_label/7065.npy
fake_feature/7066.npy,fake_label/7066.npy
fake_feature/7067.npy,fake_label/7067.npy
fake_feature/7068.npy,fake_label/7068.npy
fake_feature/7069.npy,fake_label/7069.npy
fake_feature/7070.npy,fake_label/7070.npy
fake_feature/7071.npy,fake_label/7071.npy
fake_feature/7072.npy,fake_label/7072.npy
fake_feature/7073.npy,fake_label/7073.npy
fake_feature/7074.npy,fake_label/7074.npy
fake_feature/7075.npy,fake_label/7075.npy
fake_feature/7076.npy,fake_label/7076.npy
fake_feature/7077.npy,fake_label/7077.npy
fake_feature/7078.npy,fake_label/7078.npy
fake_feature/7079.npy,fake_label/7079.npy
fake_feature/7080.npy,fake_label/7080.npy
fake_feature/7081.npy,fake_label/7081.npy
fake_feature/7082.npy,fake_label/7082.npy
fake_feature/7083.npy,fake_label/7083.npy
fake_feature/7084.npy,fake_label/7084.npy
fake_feature/7085.npy,fake_label/7085.npy
fake_feature/7086.npy,fake_label/7086.npy
fake_feature/7087.npy,fake_label/7087.npy
fake_feature/7088.npy,fake_label/7088.npy
fake_feature/7089.npy,fake_label/7089.npy
fake_feature/7090.npy,fake_label/7090.npy
fake_feature/7091.npy,fake_label/7091.npy
fake_feature/7092.npy,fake_label/7092.npy
fake_feature/7093.npy,fake_label/7093.npy
fake_feature/7094.npy,fake_label/7094.npy
fake_feature/7095.npy,fake_label/7095.npy
fake_feature/7096.npy,fake_label/7096.npy
fake_feature/7097.npy,fake_label/7097.npy
fake_feature/7098.npy,fake_label/7098.npy
fake_feature/7099.npy,fake_label/7099.npy
fake_feature/7100.npy,fake_label/7100.npy
fake_feature/7101.npy,fake_label/7101.npy
fake_feature/7102.npy,fake_label/7102.npy
fake_feature/7103.npy,fake_label/7103.npy
fake_feature/7104.npy,fake_label/7104.npy
fake_feature/7105.npy,fake_label/7105.npy
fake_feature/7106.npy,fake_label/7106.npy
fake_feature/7107.npy,fake_label/7107.npy
fake_feature/7108.npy,fake_label/7108.npy
fake_feature/7109.npy,fake_label/7109.npy
fake_feature/7110.npy,fake_label/7110.npy
fake_feature/7111.npy,fake_label/7111.npy
fake_feature/7112.npy,fake_label/7112.npy
fake_feature/7113.npy,fake_label/7113.npy
fake_feature/7114.npy,fake_label/7114.npy
fake_feature/7115.npy,fake_label/7115.npy
fake_feature/7116.npy,fake_label/7116.npy
fake_feature/7117.npy,fake_label/7117.npy
fake_feature/7118.npy,fake_label/7118.npy
fake_feature/7119.npy,fake_label/7119.npy
fake_feature/7120.npy,fake_label/7120.npy
fake_feature/7121.npy,fake_label/7121.npy
fake_feature/7122.npy,fake_label/7122.npy
fake_feature/7123.npy,fake_label/7123.npy
fake_feature/7124.npy,fake_label/7124.npy
fake_feature/7125.npy,fake_label/7125.npy
fake_feature/7126.npy,fake_label/7126.npy
fake_feature/7127.npy,fake_label/7127.npy
fake_feature/7128.npy,fake_label/7128.npy
fake_feature/7129.npy,fake_label/7129.npy
fake_feature/7130.npy,fake_label/7130.npy
fake_feature/7131.npy,fake_label/7131.npy
fake_feature/7132.npy,fake_label/7132.npy
fake_feature/7133.npy,fake_label/7133.npy
fake_feature/7134.npy,fake_label/7134.npy
fake_feature/7135.npy,fake_label/7135.npy
fake_feature/7136.npy,fake_label/7136.npy
fake_feature/7137.npy,fake_label/7137.npy
fake_feature/7138.npy,fake_label/7138.npy
fake_feature/7139.npy,fake_label/7139.npy
fake_feature/7140.npy,fake_label/7140.npy
fake_feature/7141.npy,fake_label/7141.npy
fake_feature/7142.npy,fake_label/7142.npy
fake_feature/7143.npy,fake_label/7143.npy
fake_feature/7144.npy,fake_label/7144.npy
fake_feature/7145.npy,fake_label/7145.npy
fake_feature/7146.npy,fake_label/7146.npy
fake_feature/7147.npy,fake_label/7147.npy
fake_feature/7148.npy,fake_label/7148.npy
fake_feature/7149.npy,fake_label/7149.npy
fake_feature/7150.npy,fake_label/7150.npy
fake_feature/7151.npy,fake_label/7151.npy
fake_feature/7152.npy,fake_label/7152.npy
fake_feature/7153.npy,fake_label/7153.npy
fake_feature/7154.npy,fake_label/7154.npy
fake_feature/7155.npy,fake_label/7155.npy
fake_feature/7156.npy,fake_label/7156.npy
fake_feature/7157.npy,fake_label/7157.npy
fake_feature/7158.npy,fake_label/7158.npy
fake_feature/7159.npy,fake_label/7159.npy
fake_feature/7160.npy,fake_label/7160.npy
fake_feature/7161.npy,fake_label/7161.npy
fake_feature/7162.npy,fake_label/7162.npy
fake_feature/7163.npy,fake_label/7163.npy
fake_feature/7164.npy,fake_label/7164.npy
fake_feature/7165.npy,fake_label/7165.npy
fake_feature/7166.npy,fake_label/7166.npy
fake_feature/7167.npy,fake_label/7167.npy
fake_feature/7168.npy,fake_label/7168.npy
fake_feature/7169.npy,fake_label/7169.npy
fake_feature/7170.npy,fake_label/7170.npy
fake_feature/7171.npy,fake_label/7171.npy
fake_feature/7172.npy,fake_label/7172.npy
fake_feature/7173.npy,fake_label/7173.npy
fake_feature/7174.npy,fake_label/7174.npy
fake_feature/7175.npy,fake_label/7175.npy
fake_feature/7176.npy,fake_label/7176.npy
fake_feature/7177.npy,fake_label/7177.npy
fake_feature/7178.npy,fake_label/7178.npy
fake_feature/7179.npy,fake_label/7179.npy
fake_feature/7180.npy,fake_label/7180.npy
fake_feature/7181.npy,fake_label/7181.npy
fake_feature/7182.npy,fake_label/7182.npy
fake_feature/7183.npy,fake_label/7183.npy
fake_feature/7184.npy,fake_label/7184.npy
fake_feature/7185.npy,fake_label/7185.npy
fake_feature/7186.npy,fake_label/7186.npy
fake_feature/7187.npy,fake_label/7187.npy
fake_feature/7188.npy,fake_label/7188.npy
fake_feature/7189.npy,fake_label/7189.npy
fake_feature/7190.npy,fake_label/7190.npy
fake_feature/7191.npy,fake_label/7191.npy
fake_feature/7192.npy,fake_label/7192.npy
fake_feature/7193.npy,fake_label/7193.npy
fake_feature/7194.npy,fake_label/7194.npy
fake_feature/7195.npy,fake_label/7195.npy
fake_feature/7196.npy,fake_label/7196.npy
fake_feature/7197.npy,fake_label/7197.npy
fake_feature/7198.npy,fake_label/7198.npy
fake_feature/7199.npy,fake_label/7199.npy
fake_feature/7200.npy,fake_label/7200.npy
fake_feature/7201.npy,fake_label/7201.npy
fake_feature/7202.npy,fake_label/7202.npy
fake_feature/7203.npy,fake_label/7203.npy
fake_feature/7204.npy,fake_label/7204.npy
fake_feature/7205.npy,fake_label/7205.npy
fake_feature/7206.npy,fake_label/7206.npy
fake_feature/7207.npy,fake_label/7207.npy
fake_feature/7208.npy,fake_label/7208.npy
fake_feature/7209.npy,fake_label/7209.npy
fake_feature/7210.npy,fake_label/7210.npy
fake_feature/7211.npy,fake_label/7211.npy
fake_feature/7212.npy,fake_label/7212.npy
fake_feature/7213.npy,fake_label/7213.npy
fake_feature/7214.npy,fake_label/7214.npy
fake_feature/7215.npy,fake_label/7215.npy
fake_feature/7216.npy,fake_label/7216.npy
fake_feature/7217.npy,fake_label/7217.npy
fake_feature/7218.npy,fake_label/7218.npy
fake_feature/7219.npy,fake_label/7219.npy
fake_feature/7220.npy,fake_label/7220.npy
fake_feature/7221.npy,fake_label/7221.npy
fake_feature/7222.npy,fake_label/7222.npy
fake_feature/7223.npy,fake_label/7223.npy
fake_feature/7224.npy,fake_label/7224.npy
fake_feature/7225.npy,fake_label/7225.npy
fake_feature/7226.npy,fake_label/7226.npy
fake_feature/7227.npy,fake_label/7227.npy
fake_feature/7228.npy,fake_label/7228.npy
fake_feature/7229.npy,fake_label/7229.npy
fake_feature/7230.npy,fake_label/7230.npy
fake_feature/7231.npy,fake_label/7231.npy
fake_feature/7232.npy,fake_label/7232.npy
fake_feature/7233.npy,fake_label/7233.npy
fake_feature/7234.npy,fake_label/7234.npy
fake_feature/7235.npy,fake_label/7235.npy
fake_feature/7236.npy,fake_label/7236.npy
fake_feature/7237.npy,fake_label/7237.npy
fake_feature/7238.npy,fake_label/7238.npy
fake_feature/7239.npy,fake_label/7239.npy
fake_feature/7240.npy,fake_label/7240.npy
fake_feature/7241.npy,fake_label/7241.npy
fake_feature/7242.npy,fake_label/7242.npy
fake_feature/7243.npy,fake_label/7243.npy
fake_feature/7244.npy,fake_label/7244.npy
fake_feature/7245.npy,fake_label/7245.npy
fake_feature/7246.npy,fake_label/7246.npy
fake_feature/7247.npy,fake_label/7247.npy
fake_feature/7248.npy,fake_label/7248.npy
fake_feature/7249.npy,fake_label/7249.npy
fake_feature/7250.npy,fake_label/7250.npy
fake_feature/7251.npy,fake_label/7251.npy
fake_feature/7252.npy,fake_label/7252.npy
fake_feature/7253.npy,fake_label/7253.npy
fake_feature/7254.npy,fake_label/7254.npy
fake_feature/7255.npy,fake_label/7255.npy
fake_feature/7256.npy,fake_label/7256.npy
fake_feature/7257.npy,fake_label/7257.npy
fake_feature/7258.npy,fake_label/7258.npy
fake_feature/7259.npy,fake_label/7259.npy
fake_feature/7260.npy,fake_label/7260.npy
fake_feature/7261.npy,fake_label/7261.npy
fake_feature/7262.npy,fake_label/7262.npy
fake_feature/7263.npy,fake_label/7263.npy
fake_feature/7264.npy,fake_label/7264.npy
fake_feature/7265.npy,fake_label/7265.npy
fake_feature/7266.npy,fake_label/7266.npy
fake_feature/7267.npy,fake_label/7267.npy
fake_feature/7268.npy,fake_label/7268.npy
fake_feature/7269.npy,fake_label/7269.npy
fake_feature/7270.npy,fake_label/7270.npy
fake_feature/7271.npy,fake_label/7271.npy
fake_feature/7272.npy,fake_label/7272.npy
fake_feature/7273.npy,fake_label/7273.npy
fake_feature/7274.npy,fake_label/7274.npy
fake_feature/7275.npy,fake_label/7275.npy
fake_feature/7276.npy,fake_label/7276.npy
fake_feature/7277.npy,fake_label/7277.npy
fake_feature/7278.npy,fake_label/7278.npy
fake_feature/7279.npy,fake_label/7279.npy
fake_feature/7280.npy,fake_label/7280.npy
fake_feature/7281.npy,fake_label/7281.npy
fake_feature/7282.npy,fake_label/7282.npy
fake_feature/7283.npy,fake_label/7283.npy
fake_feature/7284.npy,fake_label/7284.npy
fake_feature/7285.npy,fake_label/7285.npy
fake_feature/7286.npy,fake_label/7286.npy
fake_feature/7287.npy,fake_label/7287.npy
fake_feature/7288.npy,fake_label/7288.npy
fake_feature/7289.npy,fake_label/7289.npy
fake_feature/7290.npy,fake_label/7290.npy
fake_feature/7291.npy,fake_label/7291.npy
fake_feature/7292.npy,fake_label/7292.npy
fake_feature/7293.npy,fake_label/7293.npy
fake_feature/7294.npy,fake_label/7294.npy
fake_feature/7295.npy,fake_label/7295.npy
fake_feature/7296.npy,fake_label/7296.npy
fake_feature/7297.npy,fake_label/7297.npy
fake_feature/7298.npy,fake_label/7298.npy
fake_feature/7299.npy,fake_label/7299.npy
fake_feature/7300.npy,fake_label/7300.npy
fake_feature/7301.npy,fake_label/7301.npy
fake_feature/7302.npy,fake_label/7302.npy
fake_feature/7303.npy,fake_label/7303.npy
fake_feature/7304.npy,fake_label/7304.npy
fake_feature/7305.npy,fake_label/7305.npy
fake_feature/7306.npy,fake_label/7306.npy
fake_feature/7307.npy,fake_label/7307.npy
fake_feature/7308.npy,fake_label/7308.npy
fake_feature/7309.npy,fake_label/7309.npy
fake_feature/7310.npy,fake_label/7310.npy
fake_feature/7311.npy,fake_label/7311.npy
fake_feature/7312.npy,fake_label/7312.npy
fake_feature/7313.npy,fake_label/7313.npy
fake_feature/7314.npy,fake_label/7314.npy
fake_feature/7315.npy,fake_label/7315.npy
fake_feature/7316.npy,fake_label/7316.npy
fake_feature/7317.npy,fake_label/7317.npy
fake_feature/7318.npy,fake_label/7318.npy
fake_feature/7319.npy,fake_label/7319.npy
fake_feature/7320.npy,fake_label/7320.npy
fake_feature/7321.npy,fake_label/7321.npy
fake_feature/7322.npy,fake_label/7322.npy
fake_feature/7323.npy,fake_label/7323.npy
fake_feature/7324.npy,fake_label/7324.npy
fake_feature/7325.npy,fake_label/7325.npy
fake_feature/7326.npy,fake_label/7326.npy
fake_feature/7327.npy,fake_label/7327.npy
fake_feature/7328.npy,fake_label/7328.npy
fake_feature/7329.npy,fake_label/7329.npy
fake_feature/7330.npy,fake_label/7330.npy
fake_feature/7331.npy,fake_label/7331.npy
fake_feature/7332.npy,fake_label/7332.npy
fake_feature/7333.npy,fake_label/7333.npy
fake_feature/7334.npy,fake_label/7334.npy
fake_feature/7335.npy,fake_label/7335.npy
fake_feature/7336.npy,fake_label/7336.npy
fake_feature/7337.npy,fake_label/7337.npy
fake_feature/7338.npy,fake_label/7338.npy
fake_feature/7339.npy,fake_label/7339.npy
fake_feature/7340.npy,fake_label/7340.npy
fake_feature/7341.npy,fake_label/7341.npy
fake_feature/7342.npy,fake_label/7342.npy
fake_feature/7343.npy,fake_label/7343.npy
fake_feature/7344.npy,fake_label/7344.npy
fake_feature/7345.npy,fake_label/7345.npy
fake_feature/7346.npy,fake_label/7346.npy
fake_feature/7347.npy,fake_label/7347.npy
fake_feature/7348.npy,fake_label/7348.npy
fake_feature/7349.npy,fake_label/7349.npy
fake_feature/7350.npy,fake_label/7350.npy
fake_feature/7351.npy,fake_label/7351.npy
fake_feature/7352.npy,fake_label/7352.npy
fake_feature/7353.npy,fake_label/7353.npy
fake_feature/7354.npy,fake_label/7354.npy
fake_feature/7355.npy,fake_label/7355.npy
fake_feature/7356.npy,fake_label/7356.npy
fake_feature/7357.npy,fake_label/7357.npy
fake_feature/7358.npy,fake_label/7358.npy
fake_feature/7359.npy,fake_label/7359.npy
fake_feature/7360.npy,fake_label/7360.npy
fake_feature/7361.npy,fake_label/7361.npy
fake_feature/7362.npy,fake_label/7362.npy
fake_feature/7363.npy,fake_label/7363.npy
fake_feature/7364.npy,fake_label/7364.npy
fake_feature/7365.npy,fake_label/7365.npy
fake_feature/7366.npy,fake_label/7366.npy
fake_feature/7367.npy,fake_label/7367.npy
fake_feature/7368.npy,fake_label/7368.npy
fake_feature/7369.npy,fake_label/7369.npy
fake_feature/7370.npy,fake_label/7370.npy
fake_feature/7371.npy,fake_label/7371.npy
fake_feature/7372.npy,fake_label/7372.npy
fake_feature/7373.npy,fake_label/7373.npy
fake_feature/7374.npy,fake_label/7374.npy
fake_feature/7375.npy,fake_label/7375.npy
fake_feature/7376.npy,fake_label/7376.npy
fake_feature/7377.npy,fake_label/7377.npy
fake_feature/7378.npy,fake_label/7378.npy
fake_feature/7379.npy,fake_label/7379.npy
fake_feature/7380.npy,fake_label/7380.npy
fake_feature/7381.npy,fake_label/7381.npy
fake_feature/7382.npy,fake_label/7382.npy
fake_feature/7383.npy,fake_label/7383.npy
fake_feature/7384.npy,fake_label/7384.npy
fake_feature/7385.npy,fake_label/7385.npy
fake_feature/7386.npy,fake_label/7386.npy
fake_feature/7387.npy,fake_label/7387.npy
fake_feature/7388.npy,fake_label/7388.npy
fake_feature/7389.npy,fake_label/7389.npy
fake_feature/7390.npy,fake_label/7390.npy
fake_feature/7391.npy,fake_label/7391.npy
fake_feature/7392.npy,fake_label/7392.npy
fake_feature/7393.npy,fake_label/7393.npy
fake_feature/7394.npy,fake_label/7394.npy
fake_feature/7395.npy,fake_label/7395.npy
fake_feature/7396.npy,fake_label/7396.npy
fake_feature/7397.npy,fake_label/7397.npy
fake_feature/7398.npy,fake_label/7398.npy
fake_feature/7399.npy,fake_label/7399.npy
fake_feature/7400.npy,fake_label/7400.npy
fake_feature/7401.npy,fake_label/7401.npy
fake_feature/7402.npy,fake_label/7402.npy
fake_feature/7403.npy,fake_label/7403.npy
fake_feature/7404.npy,fake_label/7404.npy
fake_feature/7405.npy,fake_label/7405.npy
fake_feature/7406.npy,fake_label/7406.npy
fake_feature/7407.npy,fake_label/7407.npy
fake_feature/7408.npy,fake_label/7408.npy
fake_feature/7409.npy,fake_label/7409.npy
fake_feature/7410.npy,fake_label/7410.npy
fake_feature/7411.npy,fake_label/7411.npy
fake_feature/7412.npy,fake_label/7412.npy
fake_feature/7413.npy,fake_label/7413.npy
fake_feature/7414.npy,fake_label/7414.npy
fake_feature/7415.npy,fake_label/7415.npy
fake_feature/7416.npy,fake_label/7416.npy
fake_feature/7417.npy,fake_label/7417.npy
fake_feature/7418.npy,fake_label/7418.npy
fake_feature/7419.npy,fake_label/7419.npy
fake_feature/7420.npy,fake_label/7420.npy
fake_feature/7421.npy,fake_label/7421.npy
fake_feature/7422.npy,fake_label/7422.npy
fake_feature/7423.npy,fake_label/7423.npy
fake_feature/7424.npy,fake_label/7424.npy
fake_feature/7425.npy,fake_label/7425.npy
fake_feature/7426.npy,fake_label/7426.npy
fake_feature/7427.npy,fake_label/7427.npy
fake_feature/7428.npy,fake_label/7428.npy
fake_feature/7429.npy,fake_label/7429.npy
fake_feature/7430.npy,fake_label/7430.npy
fake_feature/7431.npy,fake_label/7431.npy
fake_feature/7432.npy,fake_label/7432.npy
fake_feature/7433.npy,fake_label/7433.npy
fake_feature/7434.npy,fake_label/7434.npy
fake_feature/7435.npy,fake_label/7435.npy
fake_feature/7436.npy,fake_label/7436.npy
fake_feature/7437.npy,fake_label/7437.npy
fake_feature/7438.npy,fake_label/7438.npy
fake_feature/7439.npy,fake_label/7439.npy
fake_feature/7440.npy,fake_label/7440.npy
fake_feature/7441.npy,fake_label/7441.npy
fake_feature/7442.npy,fake_label/7442.npy
fake_feature/7443.npy,fake_label/7443.npy
fake_feature/7444.npy,fake_label/7444.npy
fake_feature/7445.npy,fake_label/7445.npy
fake_feature/7446.npy,fake_label/7446.npy
fake_feature/7447.npy,fake_label/7447.npy
fake_feature/7448.npy,fake_label/7448.npy
fake_feature/7449.npy,fake_label/7449.npy
fake_feature/7450.npy,fake_label/7450.npy
fake_feature/7451.npy,fake_label/7451.npy
fake_feature/7452.npy,fake_label/7452.npy
fake_feature/7453.npy,fake_label/7453.npy
fake_feature/7454.npy,fake_label/7454.npy
fake_feature/7455.npy,fake_label/7455.npy
fake_feature/7456.npy,fake_label/7456.npy
fake_feature/7457.npy,fake_label/7457.npy
fake_feature/7458.npy,fake_label/7458.npy
fake_feature/7459.npy,fake_label/7459.npy
fake_feature/7460.npy,fake_label/7460.npy
fake_feature/7461.npy,fake_label/7461.npy
fake_feature/7462.npy,fake_label/7462.npy
fake_feature/7463.npy,fake_label/7463.npy
fake_feature/7464.npy,fake_label/7464.npy
fake_feature/7465.npy,fake_label/7465.npy
fake_feature/7466.npy,fake_label/7466.npy
fake_feature/7467.npy,fake_label/7467.npy
fake_feature/7468.npy,fake_label/7468.npy
fake_feature/7469.npy,fake_label/7469.npy
fake_feature/7470.npy,fake_label/7470.npy
fake_feature/7471.npy,fake_label/7471.npy
fake_feature/7472.npy,fake_label/7472.npy
fake_feature/7473.npy,fake_label/7473.npy
fake_feature/7474.npy,fake_label/7474.npy
fake_feature/7475.npy,fake_label/7475.npy
fake_feature/7476.npy,fake_label/7476.npy
fake_feature/7477.npy,fake_label/7477.npy
fake_feature/7478.npy,fake_label/7478.npy
fake_feature/7479.npy,fake_label/7479.npy
fake_feature/7480.npy,fake_label/7480.npy
fake_feature/7481.npy,fake_label/7481.npy
fake_feature/7482.npy,fake_label/7482.npy
fake_feature/7483.npy,fake_label/7483.npy
fake_feature/7484.npy,fake_label/7484.npy
fake_feature/7485.npy,fake_label/7485.npy
fake_feature/7486.npy,fake_label/7486.npy
fake_feature/7487.npy,fake_label/7487.npy
fake_feature/7488.npy,fake_label/7488.npy
fake_feature/7489.npy,fake_label/7489.npy
fake_feature/7490.npy,fake_label/7490.npy
fake_feature/7491.npy,fake_label/7491.npy
fake_feature/7492.npy,fake_label/7492.npy
fake_feature/7493.npy,fake_label/7493.npy
fake_feature/7494.npy,fake_label/7494.npy
fake_feature/7495.npy,fake_label/7495.npy
fake_feature/7496.npy,fake_label/7496.npy
fake_feature/7497.npy,fake_label/7497.npy
fake_feature/7498.npy,fake_label/7498.npy
fake_feature/7499.npy,fake_label/7499.npy
fake_feature/7500.npy,fake_label/7500.npy
fake_feature/7501.npy,fake_label/7501.npy
fake_feature/7502.npy,fake_label/7502.npy
fake_feature/7503.npy,fake_label/7503.npy
fake_feature/7504.npy,fake_label/7504.npy
fake_feature/7505.npy,fake_label/7505.npy
fake_feature/7506.npy,fake_label/7506.npy
fake_feature/7507.npy,fake_label/7507.npy
fake_feature/7508.npy,fake_label/7508.npy
fake_feature/7509.npy,fake_label/7509.npy
fake_feature/7510.npy,fake_label/7510.npy
fake_feature/7511.npy,fake_label/7511.npy
fake_feature/7512.npy,fake_label/7512.npy
fake_feature/7513.npy,fake_label/7513.npy
fake_feature/7514.npy,fake_label/7514.npy
fake_feature/7515.npy,fake_label/7515.npy
fake_feature/7516.npy,fake_label/7516.npy
fake_feature/7517.npy,fake_label/7517.npy
fake_feature/7518.npy,fake_label/7518.npy
fake_feature/7519.npy,fake_label/7519.npy
fake_feature/7520.npy,fake_label/7520.npy
fake_feature/7521.npy,fake_label/7521.npy
fake_feature/7522.npy,fake_label/7522.npy
fake_feature/7523.npy,fake_label/7523.npy
fake_feature/7524.npy,fake_label/7524.npy
fake_feature/7525.npy,fake_label/7525.npy
fake_feature/7526.npy,fake_label/7526.npy
fake_feature/7527.npy,fake_label/7527.npy
fake_feature/7528.npy,fake_label/7528.npy
fake_feature/7529.npy,fake_label/7529.npy
fake_feature/7530.npy,fake_label/7530.npy
fake_feature/7531.npy,fake_label/7531.npy
fake_feature/7532.npy,fake_label/7532.npy
fake_feature/7533.npy,fake_label/7533.npy
fake_feature/7534.npy,fake_label/7534.npy
fake_feature/7535.npy,fake_label/7535.npy
fake_feature/7536.npy,fake_label/7536.npy
fake_feature/7537.npy,fake_label/7537.npy
fake_feature/7538.npy,fake_label/7538.npy
fake_feature/7539.npy,fake_label/7539.npy
fake_feature/7540.npy,fake_label/7540.npy
fake_feature/7541.npy,fake_label/7541.npy
fake_feature/7542.npy,fake_label/7542.npy
fake_feature/7543.npy,fake_label/7543.npy
fake_feature/7544.npy,fake_label/7544.npy
fake_feature/7545.npy,fake_label/7545.npy
fake_feature/7546.npy,fake_label/7546.npy
fake_feature/7547.npy,fake_label/7547.npy
fake_feature/7548.npy,fake_label/7548.npy
fake_feature/7549.npy,fake_label/7549.npy
fake_feature/7550.npy,fake_label/7550.npy
fake_feature/7551.npy,fake_label/7551.npy
fake_feature/7552.npy,fake_label/7552.npy
fake_feature/7553.npy,fake_label/7553.npy
fake_feature/7554.npy,fake_label/7554.npy
fake_feature/7555.npy,fake_label/7555.npy
fake_feature/7556.npy,fake_label/7556.npy
fake_feature/7557.npy,fake_label/7557.npy
fake_feature/7558.npy,fake_label/7558.npy
fake_feature/7559.npy,fake_label/7559.npy
fake_feature/7560.npy,fake_label/7560.npy
fake_feature/7561.npy,fake_label/7561.npy
fake_feature/7562.npy,fake_label/7562.npy
fake_feature/7563.npy,fake_label/7563.npy
fake_feature/7564.npy,fake_label/7564.npy
fake_feature/7565.npy,fake_label/7565.npy
fake_feature/7566.npy,fake_label/7566.npy
fake_feature/7567.npy,fake_label/7567.npy
fake_feature/7568.npy,fake_label/7568.npy
fake_feature/7569.npy,fake_label/7569.npy
fake_feature/7570.npy,fake_label/7570.npy
fake_feature/7571.npy,fake_label/7571.npy
fake_feature/7572.npy,fake_label/7572.npy
fake_feature/7573.npy,fake_label/7573.npy
fake_feature/7574.npy,fake_label/7574.npy
fake_feature/7575.npy,fake_label/7575.npy
fake_feature/7576.npy,fake_label/7576.npy
fake_feature/7577.npy,fake_label/7577.npy
fake_feature/7578.npy,fake_label/7578.npy
fake_feature/7579.npy,fake_label/7579.npy
fake_feature/7580.npy,fake_label/7580.npy
fake_feature/7581.npy,fake_label/7581.npy
fake_feature/7582.npy,fake_label/7582.npy
fake_feature/7583.npy,fake_label/7583.npy
fake_feature/7584.npy,fake_label/7584.npy
fake_feature/7585.npy,fake_label/7585.npy
fake_feature/7586.npy,fake_label/7586.npy
fake_feature/7587.npy,fake_label/7587.npy
fake_feature/7588.npy,fake_label/7588.npy
fake_feature/7589.npy,fake_label/7589.npy
fake_feature/7590.npy,fake_label/7590.npy
fake_feature/7591.npy,fake_label/7591.npy
fake_feature/7592.npy,fake_label/7592.npy
fake_feature/7593.npy,fake_label/7593.npy
fake_feature/7594.npy,fake_label/7594.npy
fake_feature/7595.npy,fake_label/7595.npy
fake_feature/7596.npy,fake_label/7596.npy
fake_feature/7597.npy,fake_label/7597.npy
fake_feature/7598.npy,fake_label/7598.npy
fake_feature/7599.npy,fake_label/7599.npy
fake_feature/7600.npy,fake_label/7600.npy
fake_feature/7601.npy,fake_label/7601.npy
fake_feature/7602.npy,fake_label/7602.npy
fake_feature/7603.npy,fake_label/7603.npy
fake_feature/7604.npy,fake_label/7604.npy
fake_feature/7605.npy,fake_label/7605.npy
fake_feature/7606.npy,fake_label/7606.npy
fake_feature/7607.npy,fake_label/7607.npy
fake_feature/7608.npy,fake_label/7608.npy
fake_feature/7609.npy,fake_label/7609.npy
fake_feature/7610.npy,fake_label/7610.npy
fake_feature/7611.npy,fake_label/7611.npy
fake_feature/7612.npy,fake_label/7612.npy
fake_feature/7613.npy,fake_label/7613.npy
fake_feature/7614.npy,fake_label/7614.npy
fake_feature/7615.npy,fake_label/7615.npy
fake_feature/7616.npy,fake_label/7616.npy
fake_feature/7617.npy,fake_label/7617.npy
fake_feature/7618.npy,fake_label/7618.npy
fake_feature/7619.npy,fake_label/7619.npy
fake_feature/7620.npy,fake_label/7620.npy
fake_feature/7621.npy,fake_label/7621.npy
fake_feature/7622.npy,fake_label/7622.npy
fake_feature/7623.npy,fake_label/7623.npy
fake_feature/7624.npy,fake_label/7624.npy
fake_feature/7625.npy,fake_label/7625.npy
fake_feature/7626.npy,fake_label/7626.npy
fake_feature/7627.npy,fake_label/7627.npy
fake_feature/7628.npy,fake_label/7628.npy
fake_feature/7629.npy,fake_label/7629.npy
fake_feature/7630.npy,fake_label/7630.npy
fake_feature/7631.npy,fake_label/7631.npy
fake_feature/7632.npy,fake_label/7632.npy
fake_feature/7633.npy,fake_label/7633.npy
fake_feature/7634.npy,fake_label/7634.npy
fake_feature/7635.npy,fake_label/7635.npy
fake_feature/7636.npy,fake_label/7636.npy
fake_feature/7637.npy,fake_label/7637.npy
fake_feature/7638.npy,fake_label/7638.npy
fake_feature/7639.npy,fake_label/7639.npy
fake_feature/7640.npy,fake_label/7640.npy
fake_feature/7641.npy,fake_label/7641.npy
fake_feature/7642.npy,fake_label/7642.npy
fake_feature/7643.npy,fake_label/7643.npy
fake_feature/7644.npy,fake_label/7644.npy
fake_feature/7645.npy,fake_label/7645.npy
fake_feature/7646.npy,fake_label/7646.npy
fake_feature/7647.npy,fake_label/7647.npy
fake_feature/7648.npy,fake_label/7648.npy
fake_feature/7649.npy,fake_label/7649.npy
fake_feature/7650.npy,fake_label/7650.npy
fake_feature/7651.npy,fake_label/7651.npy
fake_feature/7652.npy,fake_label/7652.npy
fake_feature/7653.npy,fake_label/7653.npy
fake_feature/7654.npy,fake_label/7654.npy
fake_feature/7655.npy,fake_label/7655.npy
fake_feature/7656.npy,fake_label/7656.npy
fake_feature/7657.npy,fake_label/7657.npy
fake_feature/7658.npy,fake_label/7658.npy
fake_feature/7659.npy,fake_label/7659.npy
fake_feature/7660.npy,fake_label/7660.npy
fake_feature/7661.npy,fake_label/7661.npy
fake_feature/7662.npy,fake_label/7662.npy
fake_feature/7663.npy,fake_label/7663.npy
fake_feature/7664.npy,fake_label/7664.npy
fake_feature/7665.npy,fake_label/7665.npy
fake_feature/7666.npy,fake_label/7666.npy
fake_feature/7667.npy,fake_label/7667.npy
fake_feature/7668.npy,fake_label/7668.npy
fake_feature/7669.npy,fake_label/7669.npy
fake_feature/7670.npy,fake_label/7670.npy
fake_feature/7671.npy,fake_label/7671.npy
fake_feature/7672.npy,fake_label/7672.npy
fake_feature/7673.npy,fake_label/7673.npy
fake_feature/7674.npy,fake_label/7674.npy
fake_feature/7675.npy,fake_label/7675.npy
fake_feature/7676.npy,fake_label/7676.npy
fake_feature/7677.npy,fake_label/7677.npy
fake_feature/7678.npy,fake_label/7678.npy
fake_feature/7679.npy,fake_label/7679.npy
fake_feature/7680.npy,fake_label/7680.npy
fake_feature/7681.npy,fake_label/7681.npy
fake_feature/7682.npy,fake_label/7682.npy
fake_feature/7683.npy,fake_label/7683.npy
fake_feature/7684.npy,fake_label/7684.npy
fake_feature/7685.npy,fake_label/7685.npy
fake_feature/7686.npy,fake_label/7686.npy
fake_feature/7687.npy,fake_label/7687.npy
fake_feature/7688.npy,fake_label/7688.npy
fake_feature/7689.npy,fake_label/7689.npy
fake_feature/7690.npy,fake_label/7690.npy
fake_feature/7691.npy,fake_label/7691.npy
fake_feature/7692.npy,fake_label/7692.npy
fake_feature/7693.npy,fake_label/7693.npy
fake_feature/7694.npy,fake_label/7694.npy
fake_feature/7695.npy,fake_label/7695.npy
fake_feature/7696.npy,fake_label/7696.npy
fake_feature/7697.npy,fake_label/7697.npy
fake_feature/7698.npy,fake_label/7698.npy
fake_feature/7699.npy,fake_label/7699.npy
fake_feature/7700.npy,fake_label/7700.npy
fake_feature/7701.npy,fake_label/7701.npy
fake_feature/7702.npy,fake_label/7702.npy
fake_feature/7703.npy,fake_label/7703.npy
fake_feature/7704.npy,fake_label/7704.npy
fake_feature/7705.npy,fake_label/7705.npy
fake_feature/7706.npy,fake_label/7706.npy
fake_feature/7707.npy,fake_label/7707.npy
fake_feature/7708.npy,fake_label/7708.npy
fake_feature/7709.npy,fake_label/7709.npy
fake_feature/7710.npy,fake_label/7710.npy
fake_feature/7711.npy,fake_label/7711.npy
fake_feature/7712.npy,fake_label/7712.npy
fake_feature/7713.npy,fake_label/7713.npy
fake_feature/7714.npy,fake_label/7714.npy
fake_feature/7715.npy,fake_label/7715.npy
fake_feature/7716.npy,fake_label/7716.npy
fake_feature/7717.npy,fake_label/7717.npy
fake_feature/7718.npy,fake_label/7718.npy
fake_feature/7719.npy,fake_label/7719.npy
fake_feature/7720.npy,fake_label/7720.npy
fake_feature/7721.npy,fake_label/7721.npy
fake_feature/7722.npy,fake_label/7722.npy
fake_feature/7723.npy,fake_label/7723.npy
fake_feature/7724.npy,fake_label/7724.npy
fake_feature/7725.npy,fake_label/7725.npy
fake_feature/7726.npy,fake_label/7726.npy
fake_feature/7727.npy,fake_label/7727.npy
fake_feature/7728.npy,fake_label/7728.npy
fake_feature/7729.npy,fake_label/7729.npy
fake_feature/7730.npy,fake_label/7730.npy
fake_feature/7731.npy,fake_label/7731.npy
fake_feature/7732.npy,fake_label/7732.npy
fake_feature/7733.npy,fake_label/7733.npy
fake_feature/7734.npy,fake_label/7734.npy
fake_feature/7735.npy,fake_label/7735.npy
fake_feature/7736.npy,fake_label/7736.npy
fake_feature/7737.npy,fake_label/7737.npy
fake_feature/7738.npy,fake_label/7738.npy
fake_feature/7739.npy,fake_label/7739.npy
fake_feature/7740.npy,fake_label/7740.npy
fake_feature/7741.npy,fake_label/7741.npy
fake_feature/7742.npy,fake_label/7742.npy
fake_feature/7743.npy,fake_label/7743.npy
fake_feature/7744.npy,fake_label/7744.npy
fake_feature/7745.npy,fake_label/7745.npy
fake_feature/7746.npy,fake_label/7746.npy
fake_feature/7747.npy,fake_label/7747.npy
fake_feature/7748.npy,fake_label/7748.npy
fake_feature/7749.npy,fake_label/7749.npy
fake_feature/7750.npy,fake_label/7750.npy
fake_feature/7751.npy,fake_label/7751.npy
fake_feature/7752.npy,fake_label/7752.npy
fake_feature/7753.npy,fake_label/7753.npy
fake_feature/7754.npy,fake_label/7754.npy
fake_feature/7755.npy,fake_label/7755.npy
fake_feature/7756.npy,fake_label/7756.npy
fake_feature/7757.npy,fake_label/7757.npy
fake_feature/7758.npy,fake_label/7758.npy
fake_feature/7759.npy,fake_label/7759.npy
fake_feature/7760.npy,fake_label/7760.npy
fake_feature/7761.npy,fake_label/7761.npy
fake_feature/7762.npy,fake_label/7762.npy
fake_feature/7763.npy,fake_label/7763.npy
fake_feature/7764.npy,fake_label/7764.npy
fake_feature/7765.npy,fake_label/7765.npy
fake_feature/7766.npy,fake_label/7766.npy
fake_feature/7767.npy,fake_label/7767.npy
fake_feature/7768.npy,fake_label/7768.npy
fake_feature/7769.npy,fake_label/7769.npy
fake_feature/7770.npy,fake_label/7770.npy
fake_feature/7771.npy,fake_label/7771.npy
fake_feature/7772.npy,fake_label/7772.npy
fake_feature/7773.npy,fake_label/7773.npy
fake_feature/7774.npy,fake_label/7774.npy
fake_feature/7775.npy,fake_label/7775.npy
fake_feature/7776.npy,fake_label/7776.npy
fake_feature/7777.npy,fake_label/7777.npy
fake_feature/7778.npy,fake_label/7778.npy
fake_feature/7779.npy,fake_label/7779.npy
fake_feature/7780.npy,fake_label/7780.npy
fake_feature/7781.npy,fake_label/7781.npy
fake_feature/7782.npy,fake_label/7782.npy
fake_feature/7783.npy,fake_label/7783.npy
fake_feature/7784.npy,fake_label/7784.npy
fake_feature/7785.npy,fake_label/7785.npy
fake_feature/7786.npy,fake_label/7786.npy
fake_feature/7787.npy,fake_label/7787.npy
fake_feature/7788.npy,fake_label/7788.npy
fake_feature/7789.npy,fake_label/7789.npy
fake_feature/7790.npy,fake_label/7790.npy
fake_feature/7791.npy,fake_label/7791.npy
fake_feature/7792.npy,fake_label/7792.npy
fake_feature/7793.npy,fake_label/7793.npy
fake_feature/7794.npy,fake_label/7794.npy
fake_feature/7795.npy,fake_label/7795.npy
fake_feature/7796.npy,fake_label/7796.npy
fake_feature/7797.npy,fake_label/7797.npy
fake_feature/7798.npy,fake_label/7798.npy
fake_feature/7799.npy,fake_label/7799.npy
fake_feature/7800.npy,fake_label/7800.npy
fake_feature/7801.npy,fake_label/7801.npy
fake_feature/7802.npy,fake_label/7802.npy
fake_feature/7803.npy,fake_label/7803.npy
fake_feature/7804.npy,fake_label/7804.npy
fake_feature/7805.npy,fake_label/7805.npy
fake_feature/7806.npy,fake_label/7806.npy
fake_feature/7807.npy,fake_label/7807.npy
fake_feature/7808.npy,fake_label/7808.npy
fake_feature/7809.npy,fake_label/7809.npy
fake_feature/7810.npy,fake_label/7810.npy
fake_feature/7811.npy,fake_label/7811.npy
fake_feature/7812.npy,fake_label/7812.npy
fake_feature/7813.npy,fake_label/7813.npy
fake_feature/7814.npy,fake_label/7814.npy
fake_feature/7815.npy,fake_label/7815.npy
fake_feature/7816.npy,fake_label/7816.npy
fake_feature/7817.npy,fake_label/7817.npy
fake_feature/7818.npy,fake_label/7818.npy
fake_feature/7819.npy,fake_label/7819.npy
fake_feature/7820.npy,fake_label/7820.npy
fake_feature/7821.npy,fake_label/7821.npy
fake_feature/7822.npy,fake_label/7822.npy
fake_feature/7823.npy,fake_label/7823.npy
fake_feature/7824.npy,fake_label/7824.npy
fake_feature/7825.npy,fake_label/7825.npy
fake_feature/7826.npy,fake_label/7826.npy
fake_feature/7827.npy,fake_label/7827.npy
fake_feature/7828.npy,fake_label/7828.npy
fake_feature/7829.npy,fake_label/7829.npy
fake_feature/7830.npy,fake_label/7830.npy
fake_feature/7831.npy,fake_label/7831.npy
fake_feature/7832.npy,fake_label/7832.npy
fake_feature/7833.npy,fake_label/7833.npy
fake_feature/7834.npy,fake_label/7834.npy
fake_feature/7835.npy,fake_label/7835.npy
fake_feature/7836.npy,fake_label/7836.npy
fake_feature/7837.npy,fake_label/7837.npy
fake_feature/7838.npy,fake_label/7838.npy
fake_feature/7839.npy,fake_label/7839.npy
fake_feature/7840.npy,fake_label/7840.npy
fake_feature/7841.npy,fake_label/7841.npy
fake_feature/7842.npy,fake_label/7842.npy
fake_feature/7843.npy,fake_label/7843.npy
fake_feature/7844.npy,fake_label/7844.npy
fake_feature/7845.npy,fake_label/7845.npy
fake_feature/7846.npy,fake_label/7846.npy
fake_feature/7847.npy,fake_label/7847.npy
fake_feature/7848.npy,fake_label/7848.npy
fake_feature/7849.npy,fake_label/7849.npy
fake_feature/7850.npy,fake_label/7850.npy
fake_feature/7851.npy,fake_label/7851.npy
fake_feature/7852.npy,fake_label/7852.npy
fake_feature/7853.npy,fake_label/7853.npy
fake_feature/7854.npy,fake_label/7854.npy
fake_feature/7855.npy,fake_label/7855.npy
fake_feature/7856.npy,fake_label/7856.npy
fake_feature/7857.npy,fake_label/7857.npy
fake_feature/7858.npy,fake_label/7858.npy
fake_feature/7859.npy,fake_label/7859.npy
fake_feature/7860.npy,fake_label/7860.npy
fake_feature/7861.npy,fake_label/7861.npy
fake_feature/7862.npy,fake_label/7862.npy
fake_feature/7863.npy,fake_label/7863.npy
fake_feature/7864.npy,fake_label/7864.npy
fake_feature/7865.npy,fake_label/7865.npy
fake_feature/7866.npy,fake_label/7866.npy
fake_feature/7867.npy,fake_label/7867.npy
fake_feature/7868.npy,fake_label/7868.npy
fake_feature/7869.npy,fake_label/7869.npy
fake_feature/7870.npy,fake_label/7870.npy
fake_feature/7871.npy,fake_label/7871.npy
fake_feature/7872.npy,fake_label/7872.npy
fake_feature/7873.npy,fake_label/7873.npy
fake_feature/7874.npy,fake_label/7874.npy
fake_feature/7875.npy,fake_label/7875.npy
fake_feature/7876.npy,fake_label/7876.npy
fake_feature/7877.npy,fake_label/7877.npy
fake_feature/7878.npy,fake_label/7878.npy
fake_feature/7879.npy,fake_label/7879.npy
fake_feature/7880.npy,fake_label/7880.npy
fake_feature/7881.npy,fake_label/7881.npy
fake_feature/7882.npy,fake_label/7882.npy
fake_feature/7883.npy,fake_label/7883.npy
fake_feature/7884.npy,fake_label/7884.npy
fake_feature/7885.npy,fake_label/7885.npy
fake_feature/7886.npy,fake_label/7886.npy
fake_feature/7887.npy,fake_label/7887.npy
fake_feature/7888.npy,fake_label/7888.npy
fake_feature/7889.npy,fake_label/7889.npy
fake_feature/7890.npy,fake_label/7890.npy
fake_feature/7891.npy,fake_label/7891.npy
fake_feature/7892.npy,fake_label/7892.npy
fake_feature/7893.npy,fake_label/7893.npy
fake_feature/7894.npy,fake_label/7894.npy
fake_feature/7895.npy,fake_label/7895.npy
fake_feature/7896.npy,fake_label/7896.npy
fake_feature/7897.npy,fake_label/7897.npy
fake_feature/7898.npy,fake_label/7898.npy
fake_feature/7899.npy,fake_label/7899.npy
fake_feature/7900.npy,fake_label/7900.npy
fake_feature/7901.npy,fake_label/7901.npy
fake_feature/7902.npy,fake_label/7902.npy
fake_feature/7903.npy,fake_label/7903.npy
fake_feature/7904.npy,fake_label/7904.npy
fake_feature/7905.npy,fake_label/7905.npy
fake_feature/7906.npy,fake_label/7906.npy
fake_feature/7907.npy,fake_label/7907.npy
fake_feature/7908.npy,fake_label/7908.npy
fake_feature/7909.npy,fake_label/7909.npy
fake_feature/7910.npy,fake_label/7910.npy
fake_feature/7911.npy,fake_label/7911.npy
fake_feature/7912.npy,fake_label/7912.npy
fake_feature/7913.npy,fake_label/7913.npy
fake_feature/7914.npy,fake_label/7914.npy
fake_feature/7915.npy,fake_label/7915.npy
fake_feature/7916.npy,fake_label/7916.npy
fake_feature/7917.npy,fake_label/7917.npy
fake_feature/7918.npy,fake_label/7918.npy
fake_feature/7919.npy,fake_label/7919.npy
fake_feature/7920.npy,fake_label/7920.npy
fake_feature/7921.npy,fake_label/7921.npy
fake_feature/7922.npy,fake_label/7922.npy
fake_feature/7923.npy,fake_label/7923.npy
fake_feature/7924.npy,fake_label/7924.npy
fake_feature/7925.npy,fake_label/7925.npy
fake_feature/7926.npy,fake_label/7926.npy
fake_feature/7927.npy,fake_label/7927.npy
fake_feature/7928.npy,fake_label/7928.npy
fake_feature/7929.npy,fake_label/7929.npy
fake_feature/7930.npy,fake_label/7930.npy
fake_feature/7931.npy,fake_label/7931.npy
fake_feature/7932.npy,fake_label/7932.npy
fake_feature/7933.npy,fake_label/7933.npy
fake_feature/7934.npy,fake_label/7934.npy
fake_feature/7935.npy,fake_label/7935.npy
fake_feature/7936.npy,fake_label/7936.npy
fake_feature/7937.npy,fake_label/7937.npy
fake_feature/7938.npy,fake_label/7938.npy
fake_feature/7939.npy,fake_label/7939.npy
fake_feature/7940.npy,fake_label/7940.npy
fake_feature/7941.npy,fake_label/7941.npy
fake_feature/7942.npy,fake_label/7942.npy
fake_feature/7943.npy,fake_label/7943.npy
fake_feature/7944.npy,fake_label/7944.npy
fake_feature/7945.npy,fake_label/7945.npy
fake_feature/7946.npy,fake_label/7946.npy
fake_feature/7947.npy,fake_label/7947.npy
fake_feature/7948.npy,fake_label/7948.npy
fake_feature/7949.npy,fake_label/7949.npy
fake_feature/7950.npy,fake_label/7950.npy
fake_feature/7951.npy,fake_label/7951.npy
fake_feature/7952.npy,fake_label/7952.npy
fake_feature/7953.npy,fake_label/7953.npy
fake_feature/7954.npy,fake_label/7954.npy
fake_feature/7955.npy,fake_label/7955.npy
fake_feature/7956.npy,fake_label/7956.npy
fake_feature/7957.npy,fake_label/7957.npy
fake_feature/7958.npy,fake_label/7958.npy
fake_feature/7959.npy,fake_label/7959.npy
fake_feature/7960.npy,fake_label/7960.npy
fake_feature/7961.npy,fake_label/7961.npy
fake_feature/7962.npy,fake_label/7962.npy
fake_feature/7963.npy,fake_label/7963.npy
fake_feature/7964.npy,fake_label/7964.npy
fake_feature/7965.npy,fake_label/7965.npy
fake_feature/7966.npy,fake_label/7966.npy
fake_feature/7967.npy,fake_label/7967.npy
fake_feature/7968.npy,fake_label/7968.npy
fake_feature/7969.npy,fake_label/7969.npy
fake_feature/7970.npy,fake_label/7970.npy
fake_feature/7971.npy,fake_label/7971.npy
fake_feature/7972.npy,fake_label/7972.npy
fake_feature/7973.npy,fake_label/7973.npy
fake_feature/7974.npy,fake_label/7974.npy
fake_feature/7975.npy,fake_label/7975.npy
fake_feature/7976.npy,fake_label/7976.npy
fake_feature/7977.npy,fake_label/7977.npy
fake_feature/7978.npy,fake_label/7978.npy
fake_feature/7979.npy,fake_label/7979.npy
fake_feature/7980.npy,fake_label/7980.npy
fake_feature/7981.npy,fake_label/7981.npy
fake_feature/7982.npy,fake_label/7982.npy
fake_feature/7983.npy,fake_label/7983.npy
fake_feature/7984.npy,fake_label/7984.npy
fake_feature/7985.npy,fake_label/7985.npy
fake_feature/7986.npy,fake_label/7986.npy
fake_feature/7987.npy,fake_label/7987.npy
fake_feature/7988.npy,fake_label/7988.npy
fake_feature/7989.npy,fake_label/7989.npy
fake_feature/7990.npy,fake_label/7990.npy
fake_feature/7991.npy,fake_label/7991.npy
fake_feature/7992.npy,fake_label/7992.npy
fake_feature/7993.npy,fake_label/7993.npy
fake_feature/7994.npy,fake_label/7994.npy
fake_feature/7995.npy,fake_label/7995.npy
fake_feature/7996.npy,fake_label/7996.npy
fake_feature/7997.npy,fake_label/7997.npy
fake_feature/7998.npy,fake_label/7998.npy
fake_feature/7999.npy,fake_label/7999.npy
fake_feature/8000.npy,fake_label/8000.npy
fake_feature/8001.npy,fake_label/8001.npy
fake_feature/8002.npy,fake_label/8002.npy
fake_feature/8003.npy,fake_label/8003.npy
fake_feature/8004.npy,fake_label/8004.npy
fake_feature/8005.npy,fake_label/8005.npy
fake_feature/8006.npy,fake_label/8006.npy
fake_feature/8007.npy,fake_label/8007.npy
fake_feature/8008.npy,fake_label/8008.npy
fake_feature/8009.npy,fake_label/8009.npy
fake_feature/8010.npy,fake_label/8010.npy
fake_feature/8011.npy,fake_label/8011.npy
fake_feature/8012.npy,fake_label/8012.npy
fake_feature/8013.npy,fake_label/8013.npy
fake_feature/8014.npy,fake_label/8014.npy
fake_feature/8015.npy,fake_label/8015.npy
fake_feature/8016.npy,fake_label/8016.npy
fake_feature/8017.npy,fake_label/8017.npy
fake_feature/8018.npy,fake_label/8018.npy
fake_feature/8019.npy,fake_label/8019.npy
fake_feature/8020.npy,fake_label/8020.npy
fake_feature/8021.npy,fake_label/8021.npy
fake_feature/8022.npy,fake_label/8022.npy
fake_feature/8023.npy,fake_label/8023.npy
fake_feature/8024.npy,fake_label/8024.npy
fake_feature/8025.npy,fake_label/8025.npy
fake_feature/8026.npy,fake_label/8026.npy
fake_feature/8027.npy,fake_label/8027.npy
fake_feature/8028.npy,fake_label/8028.npy
fake_feature/8029.npy,fake_label/8029.npy
fake_feature/8030.npy,fake_label/8030.npy
fake_feature/8031.npy,fake_label/8031.npy
fake_feature/8032.npy,fake_label/8032.npy
fake_feature/8033.npy,fake_label/8033.npy
fake_feature/8034.npy,fake_label/8034.npy
fake_feature/8035.npy,fake_label/8035.npy
fake_feature/8036.npy,fake_label/8036.npy
fake_feature/8037.npy,fake_label/8037.npy
fake_feature/8038.npy,fake_label/8038.npy
fake_feature/8039.npy,fake_label/8039.npy
fake_feature/8040.npy,fake_label/8040.npy
fake_feature/8041.npy,fake_label/8041.npy
fake_feature/8042.npy,fake_label/8042.npy
fake_feature/8043.npy,fake_label/8043.npy
fake_feature/8044.npy,fake_label/8044.npy
fake_feature/8045.npy,fake_label/8045.npy
fake_feature/8046.npy,fake_label/8046.npy
fake_feature/8047.npy,fake_label/8047.npy
fake_feature/8048.npy,fake_label/8048.npy
fake_feature/8049.npy,fake_label/8049.npy
fake_feature/8050.npy,fake_label/8050.npy
fake_feature/8051.npy,fake_label/8051.npy
fake_feature/8052.npy,fake_label/8052.npy
fake_feature/8053.npy,fake_label/8053.npy
fake_feature/8054.npy,fake_label/8054.npy
fake_feature/8055.npy,fake_label/8055.npy
fake_feature/8056.npy,fake_label/8056.npy
fake_feature/8057.npy,fake_label/8057.npy
fake_feature/8058.npy,fake_label/8058.npy
fake_feature/8059.npy,fake_label/8059.npy
fake_feature/8060.npy,fake_label/8060.npy
fake_feature/8061.npy,fake_label/8061.npy
fake_feature/8062.npy,fake_label/8062.npy
fake_feature/8063.npy,fake_label/8063.npy
fake_feature/8064.npy,fake_label/8064.npy
fake_feature/8065.npy,fake_label/8065.npy
fake_feature/8066.npy,fake_label/8066.npy
fake_feature/8067.npy,fake_label/8067.npy
fake_feature/8068.npy,fake_label/8068.npy
fake_feature/8069.npy,fake_label/8069.npy
fake_feature/8070.npy,fake_label/8070.npy
fake_feature/8071.npy,fake_label/8071.npy
fake_feature/8072.npy,fake_label/8072.npy
fake_feature/8073.npy,fake_label/8073.npy
fake_feature/8074.npy,fake_label/8074.npy
fake_feature/8075.npy,fake_label/8075.npy
fake_feature/8076.npy,fake_label/8076.npy
fake_feature/8077.npy,fake_label/8077.npy
fake_feature/8078.npy,fake_label/8078.npy
fake_feature/8079.npy,fake_label/8079.npy
fake_feature/8080.npy,fake_label/8080.npy
fake_feature/8081.npy,fake_label/8081.npy
fake_feature/8082.npy,fake_label/8082.npy
fake_feature/8083.npy,fake_label/8083.npy
fake_feature/8084.npy,fake_label/8084.npy
fake_feature/8085.npy,fake_label/8085.npy
fake_feature/8086.npy,fake_label/8086.npy
fake_feature/8087.npy,fake_label/8087.npy
fake_feature/8088.npy,fake_label/8088.npy
fake_feature/8089.npy,fake_label/8089.npy
fake_feature/8090.npy,fake_label/8090.npy
fake_feature/8091.npy,fake_label/8091.npy
fake_feature/8092.npy,fake_label/8092.npy
fake_feature/8093.npy,fake_label/8093.npy
fake_feature/8094.npy,fake_label/8094.npy
fake_feature/8095.npy,fake_label/8095.npy
fake_feature/8096.npy,fake_label/8096.npy
fake_feature/8097.npy,fake_label/8097.npy
fake_feature/8098.npy,fake_label/8098.npy
fake_feature/8099.npy,fake_label/8099.npy
fake_feature/8100.npy,fake_label/8100.npy
fake_feature/8101.npy,fake_label/8101.npy
fake_feature/8102.npy,fake_label/8102.npy
fake_feature/8103.npy,fake_label/8103.npy
fake_feature/8104.npy,fake_label/8104.npy
fake_feature/8105.npy,fake_label/8105.npy
fake_feature/8106.npy,fake_label/8106.npy
fake_feature/8107.npy,fake_label/8107.npy
fake_feature/8108.npy,fake_label/8108.npy
fake_feature/8109.npy,fake_label/8109.npy
fake_feature/8110.npy,fake_label/8110.npy
fake_feature/8111.npy,fake_label/8111.npy
fake_feature/8112.npy,fake_label/8112.npy
fake_feature/8113.npy,fake_label/8113.npy
fake_feature/8114.npy,fake_label/8114.npy
fake_feature/8115.npy,fake_label/8115.npy
fake_feature/8116.npy,fake_label/8116.npy
fake_feature/8117.npy,fake_label/8117.npy
fake_feature/8118.npy,fake_label/8118.npy
fake_feature/8119.npy,fake_label/8119.npy
fake_feature/8120.npy,fake_label/8120.npy
fake_feature/8121.npy,fake_label/8121.npy
fake_feature/8122.npy,fake_label/8122.npy
fake_feature/8123.npy,fake_label/8123.npy
fake_feature/8124.npy,fake_label/8124.npy
fake_feature/8125.npy,fake_label/8125.npy
fake_feature/8126.npy,fake_label/8126.npy
fake_feature/8127.npy,fake_label/8127.npy
fake_feature/8128.npy,fake_label/8128.npy
fake_feature/8129.npy,fake_label/8129.npy
fake_feature/8130.npy,fake_label/8130.npy
fake_feature/8131.npy,fake_label/8131.npy
fake_feature/8132.npy,fake_label/8132.npy
fake_feature/8133.npy,fake_label/8133.npy
fake_feature/8134.npy,fake_label/8134.npy
fake_feature/8135.npy,fake_label/8135.npy
fake_feature/8136.npy,fake_label/8136.npy
fake_feature/8137.npy,fake_label/8137.npy
fake_feature/8138.npy,fake_label/8138.npy
fake_feature/8139.npy,fake_label/8139.npy
fake_feature/8140.npy,fake_label/8140.npy
fake_feature/8141.npy,fake_label/8141.npy
fake_feature/8142.npy,fake_label/8142.npy
fake_feature/8143.npy,fake_label/8143.npy
fake_feature/8144.npy,fake_label/8144.npy
fake_feature/8145.npy,fake_label/8145.npy
fake_feature/8146.npy,fake_label/8146.npy
fake_feature/8147.npy,fake_label/8147.npy
fake_feature/8148.npy,fake_label/8148.npy
fake_feature/8149.npy,fake_label/8149.npy
fake_feature/8150.npy,fake_label/8150.npy
fake_feature/8151.npy,fake_label/8151.npy
fake_feature/8152.npy,fake_label/8152.npy
fake_feature/8153.npy,fake_label/8153.npy
fake_feature/8154.npy,fake_label/8154.npy
fake_feature/8155.npy,fake_label/8155.npy
fake_feature/8156.npy,fake_label/8156.npy
fake_feature/8157.npy,fake_label/8157.npy
fake_feature/8158.npy,fake_label/8158.npy
fake_feature/8159.npy,fake_label/8159.npy
fake_feature/8160.npy,fake_label/8160.npy
fake_feature/8161.npy,fake_label/8161.npy
fake_feature/8162.npy,fake_label/8162.npy
fake_feature/8163.npy,fake_label/8163.npy
fake_feature/8164.npy,fake_label/8164.npy
fake_feature/8165.npy,fake_label/8165.npy
fake_feature/8166.npy,fake_label/8166.npy
fake_feature/8167.npy,fake_label/8167.npy
fake_feature/8168.npy,fake_label/8168.npy
fake_feature/8169.npy,fake_label/8169.npy
fake_feature/8170.npy,fake_label/8170.npy
fake_feature/8171.npy,fake_label/8171.npy
fake_feature/8172.npy,fake_label/8172.npy
fake_feature/8173.npy,fake_label/8173.npy
fake_feature/8174.npy,fake_label/8174.npy
fake_feature/8175.npy,fake_label/8175.npy
fake_feature/8176.npy,fake_label/8176.npy
fake_feature/8177.npy,fake_label/8177.npy
fake_feature/8178.npy,fake_label/8178.npy
fake_feature/8179.npy,fake_label/8179.npy
fake_feature/8180.npy,fake_label/8180.npy
fake_feature/8181.npy,fake_label/8181.npy
fake_feature/8182.npy,fake_label/8182.npy
fake_feature/8183.npy,fake_label/8183.npy
fake_feature/8184.npy,fake_label/8184.npy
fake_feature/8185.npy,fake_label/8185.npy
fake_feature/8186.npy,fake_label/8186.npy
fake_feature/8187.npy,fake_label/8187.npy
fake_feature/8188.npy,fake_label/8188.npy
fake_feature/8189.npy,fake_label/8189.npy
fake_feature/8190.npy,fake_label/8190.npy
fake_feature/8191.npy,fake_label/8191.npy
fake_feature/8192.npy,fake_label/8192.npy
fake_feature/8193.npy,fake_label/8193.npy
fake_feature/8194.npy,fake_label/8194.npy
fake_feature/8195.npy,fake_label/8195.npy
fake_feature/8196.npy,fake_label/8196.npy
fake_feature/8197.npy,fake_label/8197.npy
fake_feature/8198.npy,fake_label/8198.npy
fake_feature/8199.npy,fake_label/8199.npy
fake_feature/8200.npy,fake_label/8200.npy
fake_feature/8201.npy,fake_label/8201.npy
fake_feature/8202.npy,fake_label/8202.npy
fake_feature/8203.npy,fake_label/8203.npy
fake_feature/8204.npy,fake_label/8204.npy
fake_feature/8205.npy,fake_label/8205.npy
fake_feature/8206.npy,fake_label/8206.npy
fake_feature/8207.npy,fake_label/8207.npy
fake_feature/8208.npy,fake_label/8208.npy
fake_feature/8209.npy,fake_label/8209.npy
fake_feature/8210.npy,fake_label/8210.npy
fake_feature/8211.npy,fake_label/8211.npy
fake_feature/8212.npy,fake_label/8212.npy
fake_feature/8213.npy,fake_label/8213.npy
fake_feature/8214.npy,fake_label/8214.npy
fake_feature/8215.npy,fake_label/8215.npy
fake_feature/8216.npy,fake_label/8216.npy
fake_feature/8217.npy,fake_label/8217.npy
fake_feature/8218.npy,fake_label/8218.npy
fake_feature/8219.npy,fake_label/8219.npy
fake_feature/8220.npy,fake_label/8220.npy
fake_feature/8221.npy,fake_label/8221.npy
fake_feature/8222.npy,fake_label/8222.npy
fake_feature/8223.npy,fake_label/8223.npy
fake_feature/8224.npy,fake_label/8224.npy
fake_feature/8225.npy,fake_label/8225.npy
fake_feature/8226.npy,fake_label/8226.npy
fake_feature/8227.npy,fake_label/8227.npy
fake_feature/8228.npy,fake_label/8228.npy
fake_feature/8229.npy,fake_label/8229.npy
fake_feature/8230.npy,fake_label/8230.npy
fake_feature/8231.npy,fake_label/8231.npy
fake_feature/8232.npy,fake_label/8232.npy
fake_feature/8233.npy,fake_label/8233.npy
fake_feature/8234.npy,fake_label/8234.npy
fake_feature/8235.npy,fake_label/8235.npy
fake_feature/8236.npy,fake_label/8236.npy
fake_feature/8237.npy,fake_label/8237.npy
fake_feature/8238.npy,fake_label/8238.npy
fake_feature/8239.npy,fake_label/8239.npy
fake_feature/8240.npy,fake_label/8240.npy
fake_feature/8241.npy,fake_label/8241.npy
fake_feature/8242.npy,fake_label/8242.npy
fake_feature/8243.npy,fake_label/8243.npy
fake_feature/8244.npy,fake_label/8244.npy
fake_feature/8245.npy,fake_label/8245.npy
fake_feature/8246.npy,fake_label/8246.npy
fake_feature/8247.npy,fake_label/8247.npy
fake_feature/8248.npy,fake_label/8248.npy
fake_feature/8249.npy,fake_label/8249.npy
fake_feature/8250.npy,fake_label/8250.npy
fake_feature/8251.npy,fake_label/8251.npy
fake_feature/8252.npy,fake_label/8252.npy
fake_feature/8253.npy,fake_label/8253.npy
fake_feature/8254.npy,fake_label/8254.npy
fake_feature/8255.npy,fake_label/8255.npy
fake_feature/8256.npy,fake_label/8256.npy
fake_feature/8257.npy,fake_label/8257.npy
fake_feature/8258.npy,fake_label/8258.npy
fake_feature/8259.npy,fake_label/8259.npy
fake_feature/8260.npy,fake_label/8260.npy
fake_feature/8261.npy,fake_label/8261.npy
fake_feature/8262.npy,fake_label/8262.npy
fake_feature/8263.npy,fake_label/8263.npy
fake_feature/8264.npy,fake_label/8264.npy
fake_feature/8265.npy,fake_label/8265.npy
fake_feature/8266.npy,fake_label/8266.npy
fake_feature/8267.npy,fake_label/8267.npy
fake_feature/8268.npy,fake_label/8268.npy
fake_feature/8269.npy,fake_label/8269.npy
fake_feature/8270.npy,fake_label/8270.npy
fake_feature/8271.npy,fake_label/8271.npy
fake_feature/8272.npy,fake_label/8272.npy
fake_feature/8273.npy,fake_label/8273.npy
fake_feature/8274.npy,fake_label/8274.npy
fake_feature/8275.npy,fake_label/8275.npy
fake_feature/8276.npy,fake_label/8276.npy
fake_feature/8277.npy,fake_label/8277.npy
fake_feature/8278.npy,fake_label/8278.npy
fake_feature/8279.npy,fake_label/8279.npy
fake_feature/8280.npy,fake_label/8280.npy
fake_feature/8281.npy,fake_label/8281.npy
fake_feature/8282.npy,fake_label/8282.npy
fake_feature/8283.npy,fake_label/8283.npy
fake_feature/8284.npy,fake_label/8284.npy
fake_feature/8285.npy,fake_label/8285.npy
fake_feature/8286.npy,fake_label/8286.npy
fake_feature/8287.npy,fake_label/8287.npy
fake_feature/8288.npy,fake_label/8288.npy
fake_feature/8289.npy,fake_label/8289.npy
fake_feature/8290.npy,fake_label/8290.npy
fake_feature/8291.npy,fake_label/8291.npy
fake_feature/8292.npy,fake_label/8292.npy
fake_feature/8293.npy,fake_label/8293.npy
fake_feature/8294.npy,fake_label/8294.npy
fake_feature/8295.npy,fake_label/8295.npy
fake_feature/8296.npy,fake_label/8296.npy
fake_feature/8297.npy,fake_label/8297.npy
fake_feature/8298.npy,fake_label/8298.npy
fake_feature/8299.npy,fake_label/8299.npy
fake_feature/8300.npy,fake_label/8300.npy
fake_feature/8301.npy,fake_label/8301.npy
fake_feature/8302.npy,fake_label/8302.npy
fake_feature/8303.npy,fake_label/8303.npy
fake_feature/8304.npy,fake_label/8304.npy
fake_feature/8305.npy,fake_label/8305.npy
fake_feature/8306.npy,fake_label/8306.npy
fake_feature/8307.npy,fake_label/8307.npy
fake_feature/8308.npy,fake_label/8308.npy
fake_feature/8309.npy,fake_label/8309.npy
fake_feature/8310.npy,fake_label/8310.npy
fake_feature/8311.npy,fake_label/8311.npy
fake_feature/8312.npy,fake_label/8312.npy
fake_feature/8313.npy,fake_label/8313.npy
fake_feature/8314.npy,fake_label/8314.npy
fake_feature/8315.npy,fake_label/8315.npy
fake_feature/8316.npy,fake_label/8316.npy
fake_feature/8317.npy,fake_label/8317.npy
fake_feature/8318.npy,fake_label/8318.npy
fake_feature/8319.npy,fake_label/8319.npy
fake_feature/8320.npy,fake_label/8320.npy
fake_feature/8321.npy,fake_label/8321.npy
fake_feature/8322.npy,fake_label/8322.npy
fake_feature/8323.npy,fake_label/8323.npy
fake_feature/8324.npy,fake_label/8324.npy
fake_feature/8325.npy,fake_label/8325.npy
fake_feature/8326.npy,fake_label/8326.npy
fake_feature/8327.npy,fake_label/8327.npy
fake_feature/8328.npy,fake_label/8328.npy
fake_feature/8329.npy,fake_label/8329.npy
fake_feature/8330.npy,fake_label/8330.npy
fake_feature/8331.npy,fake_label/8331.npy
fake_feature/8332.npy,fake_label/8332.npy
fake_feature/8333.npy,fake_label/8333.npy
fake_feature/8334.npy,fake_label/8334.npy
fake_feature/8335.npy,fake_label/8335.npy
fake_feature/8336.npy,fake_label/8336.npy
fake_feature/8337.npy,fake_label/8337.npy
fake_feature/8338.npy,fake_label/8338.npy
fake_feature/8339.npy,fake_label/8339.npy
fake_feature/8340.npy,fake_label/8340.npy
fake_feature/8341.npy,fake_label/8341.npy
fake_feature/8342.npy,fake_label/8342.npy
fake_feature/8343.npy,fake_label/8343.npy
fake_feature/8344.npy,fake_label/8344.npy
fake_feature/8345.npy,fake_label/8345.npy
fake_feature/8346.npy,fake_label/8346.npy
fake_feature/8347.npy,fake_label/8347.npy
fake_feature/8348.npy,fake_label/8348.npy
fake_feature/8349.npy,fake_label/8349.npy
fake_feature/8350.npy,fake_label/8350.npy
fake_feature/8351.npy,fake_label/8351.npy
fake_feature/8352.npy,fake_label/8352.npy
fake_feature/8353.npy,fake_label/8353.npy
fake_feature/8354.npy,fake_label/8354.npy
fake_feature/8355.npy,fake_label/8355.npy
fake_feature/8356.npy,fake_label/8356.npy
fake_feature/8357.npy,fake_label/8357.npy
fake_feature/8358.npy,fake_label/8358.npy
fake_feature/8359.npy,fake_label/8359.npy
fake_feature/8360.npy,fake_label/8360.npy
fake_feature/8361.npy,fake_label/8361.npy
fake_feature/8362.npy,fake_label/8362.npy
fake_feature/8363.npy,fake_label/8363.npy
fake_feature/8364.npy,fake_label/8364.npy
fake_feature/8365.npy,fake_label/8365.npy
fake_feature/8366.npy,fake_label/8366.npy
fake_feature/8367.npy,fake_label/8367.npy
fake_feature/8368.npy,fake_label/8368.npy
fake_feature/8369.npy,fake_label/8369.npy
fake_feature/8370.npy,fake_label/8370.npy
fake_feature/8371.npy,fake_label/8371.npy
fake_feature/8372.npy,fake_label/8372.npy
fake_feature/8373.npy,fake_label/8373.npy
fake_feature/8374.npy,fake_label/8374.npy
fake_feature/8375.npy,fake_label/8375.npy
fake_feature/8376.npy,fake_label/8376.npy
fake_feature/8377.npy,fake_label/8377.npy
fake_feature/8378.npy,fake_label/8378.npy
fake_feature/8379.npy,fake_label/8379.npy
fake_feature/8380.npy,fake_label/8380.npy
fake_feature/8381.npy,fake_label/8381.npy
fake_feature/8382.npy,fake_label/8382.npy
fake_feature/8383.npy,fake_label/8383.npy
fake_feature/8384.npy,fake_label/8384.npy
fake_feature/8385.npy,fake_label/8385.npy
fake_feature/8386.npy,fake_label/8386.npy
fake_feature/8387.npy,fake_label/8387.npy
fake_feature/8388.npy,fake_label/8388.npy
fake_feature/8389.npy,fake_label/8389.npy
fake_feature/8390.npy,fake_label/8390.npy
fake_feature/8391.npy,fake_label/8391.npy
fake_feature/8392.npy,fake_label/8392.npy
fake_feature/8393.npy,fake_label/8393.npy
fake_feature/8394.npy,fake_label/8394.npy
fake_feature/8395.npy,fake_label/8395.npy
fake_feature/8396.npy,fake_label/8396.npy
fake_feature/8397.npy,fake_label/8397.npy
fake_feature/8398.npy,fake_label/8398.npy
fake_feature/8399.npy,fake_label/8399.npy
fake_feature/8400.npy,fake_label/8400.npy
fake_feature/8401.npy,fake_label/8401.npy
fake_feature/8402.npy,fake_label/8402.npy
fake_feature/8403.npy,fake_label/8403.npy
fake_feature/8404.npy,fake_label/8404.npy
fake_feature/8405.npy,fake_label/8405.npy
fake_feature/8406.npy,fake_label/8406.npy
fake_feature/8407.npy,fake_label/8407.npy
fake_feature/8408.npy,fake_label/8408.npy
fake_feature/8409.npy,fake_label/8409.npy
fake_feature/8410.npy,fake_label/8410.npy
fake_feature/8411.npy,fake_label/8411.npy
fake_feature/8412.npy,fake_label/8412.npy
fake_feature/8413.npy,fake_label/8413.npy
fake_feature/8414.npy,fake_label/8414.npy
fake_feature/8415.npy,fake_label/8415.npy
fake_feature/8416.npy,fake_label/8416.npy
fake_feature/8417.npy,fake_label/8417.npy
fake_feature/8418.npy,fake_label/8418.npy
fake_feature/8419.npy,fake_label/8419.npy
fake_feature/8420.npy,fake_label/8420.npy
fake_feature/8421.npy,fake_label/8421.npy
fake_feature/8422.npy,fake_label/8422.npy
fake_feature/8423.npy,fake_label/8423.npy
fake_feature/8424.npy,fake_label/8424.npy
fake_feature/8425.npy,fake_label/8425.npy
fake_feature/8426.npy,fake_label/8426.npy
fake_feature/8427.npy,fake_label/8427.npy
fake_feature/8428.npy,fake_label/8428.npy
fake_feature/8429.npy,fake_label/8429.npy
fake_feature/8430.npy,fake_label/8430.npy
fake_feature/8431.npy,fake_label/8431.npy
fake_feature/8432.npy,fake_label/8432.npy
fake_feature/8433.npy,fake_label/8433.npy
fake_feature/8434.npy,fake_label/8434.npy
fake_feature/8435.npy,fake_label/8435.npy
fake_feature/8436.npy,fake_label/8436.npy
fake_feature/8437.npy,fake_label/8437.npy
fake_feature/8438.npy,fake_label/8438.npy
fake_feature/8439.npy,fake_label/8439.npy
fake_feature/8440.npy,fake_label/8440.npy
fake_feature/8441.npy,fake_label/8441.npy
fake_feature/8442.npy,fake_label/8442.npy
fake_feature/8443.npy,fake_label/8443.npy
fake_feature/8444.npy,fake_label/8444.npy
fake_feature/8445.npy,fake_label/8445.npy
fake_feature/8446.npy,fake_label/8446.npy
fake_feature/8447.npy,fake_label/8447.npy
fake_feature/8448.npy,fake_label/8448.npy
fake_feature/8449.npy,fake_label/8449.npy
fake_feature/8450.npy,fake_label/8450.npy
fake_feature/8451.npy,fake_label/8451.npy
fake_feature/8452.npy,fake_label/8452.npy
fake_feature/8453.npy,fake_label/8453.npy
fake_feature/8454.npy,fake_label/8454.npy
fake_feature/8455.npy,fake_label/8455.npy
fake_feature/8456.npy,fake_label/8456.npy
fake_feature/8457.npy,fake_label/8457.npy
fake_feature/8458.npy,fake_label/8458.npy
fake_feature/8459.npy,fake_label/8459.npy
fake_feature/8460.npy,fake_label/8460.npy
fake_feature/8461.npy,fake_label/8461.npy
fake_feature/8462.npy,fake_label/8462.npy
fake_feature/8463.npy,fake_label/8463.npy
fake_feature/8464.npy,fake_label/8464.npy
fake_feature/8465.npy,fake_label/8465.npy
fake_feature/8466.npy,fake_label/8466.npy
fake_feature/8467.npy,fake_label/8467.npy
fake_feature/8468.npy,fake_label/8468.npy
fake_feature/8469.npy,fake_label/8469.npy
fake_feature/8470.npy,fake_label/8470.npy
fake_feature/8471.npy,fake_label/8471.npy
fake_feature/8472.npy,fake_label/8472.npy
fake_feature/8473.npy,fake_label/8473.npy
fake_feature/8474.npy,fake_label/8474.npy
fake_feature/8475.npy,fake_label/8475.npy
fake_feature/8476.npy,fake_label/8476.npy
fake_feature/8477.npy,fake_label/8477.npy
fake_feature/8478.npy,fake_label/8478.npy
fake_feature/8479.npy,fake_label/8479.npy
fake_feature/8480.npy,fake_label/8480.npy
fake_feature/8481.npy,fake_label/8481.npy
fake_feature/8482.npy,fake_label/8482.npy
fake_feature/8483.npy,fake_label/8483.npy
fake_feature/8484.npy,fake_label/8484.npy
fake_feature/8485.npy,fake_label/8485.npy
fake_feature/8486.npy,fake_label/8486.npy
fake_feature/8487.npy,fake_label/8487.npy
fake_feature/8488.npy,fake_label/8488.npy
fake_feature/8489.npy,fake_label/8489.npy
fake_feature/8490.npy,fake_label/8490.npy
fake_feature/8491.npy,fake_label/8491.npy
fake_feature/8492.npy,fake_label/8492.npy
fake_feature/8493.npy,fake_label/8493.npy
fake_feature/8494.npy,fake_label/8494.npy
fake_feature/8495.npy,fake_label/8495.npy
fake_feature/8496.npy,fake_label/8496.npy
fake_feature/8497.npy,fake_label/8497.npy
fake_feature/8498.npy,fake_label/8498.npy
fake_feature/8499.npy,fake_label/8499.npy
fake_feature/8500.npy,fake_label/8500.npy
fake_feature/8501.npy,fake_label/8501.npy
fake_feature/8502.npy,fake_label/8502.npy
fake_feature/8503.npy,fake_label/8503.npy
fake_feature/8504.npy,fake_label/8504.npy
fake_feature/8505.npy,fake_label/8505.npy
fake_feature/8506.npy,fake_label/8506.npy
fake_feature/8507.npy,fake_label/8507.npy
fake_feature/8508.npy,fake_label/8508.npy
fake_feature/8509.npy,fake_label/8509.npy
fake_feature/8510.npy,fake_label/8510.npy
fake_feature/8511.npy,fake_label/8511.npy
fake_feature/8512.npy,fake_label/8512.npy
fake_feature/8513.npy,fake_label/8513.npy
fake_feature/8514.npy,fake_label/8514.npy
fake_feature/8515.npy,fake_label/8515.npy
fake_feature/8516.npy,fake_label/8516.npy
fake_feature/8517.npy,fake_label/8517.npy
fake_feature/8518.npy,fake_label/8518.npy
fake_feature/8519.npy,fake_label/8519.npy
fake_feature/8520.npy,fake_label/8520.npy
fake_feature/8521.npy,fake_label/8521.npy
fake_feature/8522.npy,fake_label/8522.npy
fake_feature/8523.npy,fake_label/8523.npy
fake_feature/8524.npy,fake_label/8524.npy
fake_feature/8525.npy,fake_label/8525.npy
fake_feature/8526.npy,fake_label/8526.npy
fake_feature/8527.npy,fake_label/8527.npy
fake_feature/8528.npy,fake_label/8528.npy
fake_feature/8529.npy,fake_label/8529.npy
fake_feature/8530.npy,fake_label/8530.npy
fake_feature/8531.npy,fake_label/8531.npy
fake_feature/8532.npy,fake_label/8532.npy
fake_feature/8533.npy,fake_label/8533.npy
fake_feature/8534.npy,fake_label/8534.npy
fake_feature/8535.npy,fake_label/8535.npy
fake_feature/8536.npy,fake_label/8536.npy
fake_feature/8537.npy,fake_label/8537.npy
fake_feature/8538.npy,fake_label/8538.npy
fake_feature/8539.npy,fake_label/8539.npy
fake_feature/8540.npy,fake_label/8540.npy
fake_feature/8541.npy,fake_label/8541.npy
fake_feature/8542.npy,fake_label/8542.npy
fake_feature/8543.npy,fake_label/8543.npy
fake_feature/8544.npy,fake_label/8544.npy
fake_feature/8545.npy,fake_label/8545.npy
fake_feature/8546.npy,fake_label/8546.npy
fake_feature/8547.npy,fake_label/8547.npy
fake_feature/8548.npy,fake_label/8548.npy
fake_feature/8549.npy,fake_label/8549.npy
fake_feature/8550.npy,fake_label/8550.npy
fake_feature/8551.npy,fake_label/8551.npy
fake_feature/8552.npy,fake_label/8552.npy
fake_feature/8553.npy,fake_label/8553.npy
fake_feature/8554.npy,fake_label/8554.npy
fake_feature/8555.npy,fake_label/8555.npy
fake_feature/8556.npy,fake_label/8556.npy
fake_feature/8557.npy,fake_label/8557.npy
fake_feature/8558.npy,fake_label/8558.npy
fake_feature/8559.npy,fake_label/8559.npy
fake_feature/8560.npy,fake_label/8560.npy
fake_feature/8561.npy,fake_label/8561.npy
fake_feature/8562.npy,fake_label/8562.npy
fake_feature/8563.npy,fake_label/8563.npy
fake_feature/8564.npy,fake_label/8564.npy
fake_feature/8565.npy,fake_label/8565.npy
fake_feature/8566.npy,fake_label/8566.npy
fake_feature/8567.npy,fake_label/8567.npy
fake_feature/8568.npy,fake_label/8568.npy
fake_feature/8569.npy,fake_label/8569.npy
fake_feature/8570.npy,fake_label/8570.npy
fake_feature/8571.npy,fake_label/8571.npy
fake_feature/8572.npy,fake_label/8572.npy
fake_feature/8573.npy,fake_label/8573.npy
fake_feature/8574.npy,fake_label/8574.npy
fake_feature/8575.npy,fake_label/8575.npy
fake_feature/8576.npy,fake_label/8576.npy
fake_feature/8577.npy,fake_label/8577.npy
fake_feature/8578.npy,fake_label/8578.npy
fake_feature/8579.npy,fake_label/8579.npy
fake_feature/8580.npy,fake_label/8580.npy
fake_feature/8581.npy,fake_label/8581.npy
fake_feature/8582.npy,fake_label/8582.npy
fake_feature/8583.npy,fake_label/8583.npy
fake_feature/8584.npy,fake_label/8584.npy
fake_feature/8585.npy,fake_label/8585.npy
fake_feature/8586.npy,fake_label/8586.npy
fake_feature/8587.npy,fake_label/8587.npy
fake_feature/8588.npy,fake_label/8588.npy
fake_feature/8589.npy,fake_label/8589.npy
fake_feature/8590.npy,fake_label/8590.npy
fake_feature/8591.npy,fake_label/8591.npy
fake_feature/8592.npy,fake_label/8592.npy
fake_feature/8593.npy,fake_label/8593.npy
fake_feature/8594.npy,fake_label/8594.npy
fake_feature/8595.npy,fake_label/8595.npy
fake_feature/8596.npy,fake_label/8596.npy
fake_feature/8597.npy,fake_label/8597.npy
fake_feature/8598.npy,fake_label/8598.npy
fake_feature/8599.npy,fake_label/8599.npy
fake_feature/8600.npy,fake_label/8600.npy
fake_feature/8601.npy,fake_label/8601.npy
fake_feature/8602.npy,fake_label/8602.npy
fake_feature/8603.npy,fake_label/8603.npy
fake_feature/8604.npy,fake_label/8604.npy
fake_feature/8605.npy,fake_label/8605.npy
fake_feature/8606.npy,fake_label/8606.npy
fake_feature/8607.npy,fake_label/8607.npy
fake_feature/8608.npy,fake_label/8608.npy
fake_feature/8609.npy,fake_label/8609.npy
fake_feature/8610.npy,fake_label/8610.npy
fake_feature/8611.npy,fake_label/8611.npy
fake_feature/8612.npy,fake_label/8612.npy
fake_feature/8613.npy,fake_label/8613.npy
fake_feature/8614.npy,fake_label/8614.npy
fake_feature/8615.npy,fake_label/8615.npy
fake_feature/8616.npy,fake_label/8616.npy
fake_feature/8617.npy,fake_label/8617.npy
fake_feature/8618.npy,fake_label/8618.npy
fake_feature/8619.npy,fake_label/8619.npy
fake_feature/8620.npy,fake_label/8620.npy
fake_feature/8621.npy,fake_label/8621.npy
fake_feature/8622.npy,fake_label/8622.npy
fake_feature/8623.npy,fake_label/8623.npy
fake_feature/8624.npy,fake_label/8624.npy
fake_feature/8625.npy,fake_label/8625.npy
fake_feature/8626.npy,fake_label/8626.npy
fake_feature/8627.npy,fake_label/8627.npy
fake_feature/8628.npy,fake_label/8628.npy
fake_feature/8629.npy,fake_label/8629.npy
fake_feature/8630.npy,fake_label/8630.npy
fake_feature/8631.npy,fake_label/8631.npy
fake_feature/8632.npy,fake_label/8632.npy
fake_feature/8633.npy,fake_label/8633.npy
fake_feature/8634.npy,fake_label/8634.npy
fake_feature/8635.npy,fake_label/8635.npy
fake_feature/8636.npy,fake_label/8636.npy
fake_feature/8637.npy,fake_label/8637.npy
fake_feature/8638.npy,fake_label/8638.npy
fake_feature/8639.npy,fake_label/8639.npy
fake_feature/8640.npy,fake_label/8640.npy
fake_feature/8641.npy,fake_label/8641.npy
fake_feature/8642.npy,fake_label/8642.npy
fake_feature/8643.npy,fake_label/8643.npy
fake_feature/8644.npy,fake_label/8644.npy
fake_feature/8645.npy,fake_label/8645.npy
fake_feature/8646.npy,fake_label/8646.npy
fake_feature/8647.npy,fake_label/8647.npy
fake_feature/8648.npy,fake_label/8648.npy
fake_feature/8649.npy,fake_label/8649.npy
fake_feature/8650.npy,fake_label/8650.npy
fake_feature/8651.npy,fake_label/8651.npy
fake_feature/8652.npy,fake_label/8652.npy
fake_feature/8653.npy,fake_label/8653.npy
fake_feature/8654.npy,fake_label/8654.npy
fake_feature/8655.npy,fake_label/8655.npy
fake_feature/8656.npy,fake_label/8656.npy
fake_feature/8657.npy,fake_label/8657.npy
fake_feature/8658.npy,fake_label/8658.npy
fake_feature/8659.npy,fake_label/8659.npy
fake_feature/8660.npy,fake_label/8660.npy
fake_feature/8661.npy,fake_label/8661.npy
fake_feature/8662.npy,fake_label/8662.npy
fake_feature/8663.npy,fake_label/8663.npy
fake_feature/8664.npy,fake_label/8664.npy
fake_feature/8665.npy,fake_label/8665.npy
fake_feature/8666.npy,fake_label/8666.npy
fake_feature/8667.npy,fake_label/8667.npy
fake_feature/8668.npy,fake_label/8668.npy
fake_feature/8669.npy,fake_label/8669.npy
fake_feature/8670.npy,fake_label/8670.npy
fake_feature/8671.npy,fake_label/8671.npy
fake_feature/8672.npy,fake_label/8672.npy
fake_feature/8673.npy,fake_label/8673.npy
fake_feature/8674.npy,fake_label/8674.npy
fake_feature/8675.npy,fake_label/8675.npy
fake_feature/8676.npy,fake_label/8676.npy
fake_feature/8677.npy,fake_label/8677.npy
fake_feature/8678.npy,fake_label/8678.npy
fake_feature/8679.npy,fake_label/8679.npy
fake_feature/8680.npy,fake_label/8680.npy
fake_feature/8681.npy,fake_label/8681.npy
fake_feature/8682.npy,fake_label/8682.npy
fake_feature/8683.npy,fake_label/8683.npy
fake_feature/8684.npy,fake_label/8684.npy
fake_feature/8685.npy,fake_label/8685.npy
fake_feature/8686.npy,fake_label/8686.npy
fake_feature/8687.npy,fake_label/8687.npy
fake_feature/8688.npy,fake_label/8688.npy
fake_feature/8689.npy,fake_label/8689.npy
fake_feature/8690.npy,fake_label/8690.npy
fake_feature/8691.npy,fake_label/8691.npy
fake_feature/8692.npy,fake_label/8692.npy
fake_feature/8693.npy,fake_label/8693.npy
fake_feature/8694.npy,fake_label/8694.npy
fake_feature/8695.npy,fake_label/8695.npy
fake_feature/8696.npy,fake_label/8696.npy
fake_feature/8697.npy,fake_label/8697.npy
fake_feature/8698.npy,fake_label/8698.npy
fake_feature/8699.npy,fake_label/8699.npy
fake_feature/8700.npy,fake_label/8700.npy
fake_feature/8701.npy,fake_label/8701.npy
fake_feature/8702.npy,fake_label/8702.npy
fake_feature/8703.npy,fake_label/8703.npy
fake_feature/8704.npy,fake_label/8704.npy
fake_feature/8705.npy,fake_label/8705.npy
fake_feature/8706.npy,fake_label/8706.npy
fake_feature/8707.npy,fake_label/8707.npy
fake_feature/8708.npy,fake_label/8708.npy
fake_feature/8709.npy,fake_label/8709.npy
fake_feature/8710.npy,fake_label/8710.npy
fake_feature/8711.npy,fake_label/8711.npy
fake_feature/8712.npy,fake_label/8712.npy
fake_feature/8713.npy,fake_label/8713.npy
fake_feature/8714.npy,fake_label/8714.npy
fake_feature/8715.npy,fake_label/8715.npy
fake_feature/8716.npy,fake_label/8716.npy
fake_feature/8717.npy,fake_label/8717.npy
fake_feature/8718.npy,fake_label/8718.npy
fake_feature/8719.npy,fake_label/8719.npy
fake_feature/8720.npy,fake_label/8720.npy
fake_feature/8721.npy,fake_label/8721.npy
fake_feature/8722.npy,fake_label/8722.npy
fake_feature/8723.npy,fake_label/8723.npy
fake_feature/8724.npy,fake_label/8724.npy
fake_feature/8725.npy,fake_label/8725.npy
fake_feature/8726.npy,fake_label/8726.npy
fake_feature/8727.npy,fake_label/8727.npy
fake_feature/8728.npy,fake_label/8728.npy
fake_feature/8729.npy,fake_label/8729.npy
fake_feature/8730.npy,fake_label/8730.npy
fake_feature/8731.npy,fake_label/8731.npy
fake_feature/8732.npy,fake_label/8732.npy
fake_feature/8733.npy,fake_label/8733.npy
fake_feature/8734.npy,fake_label/8734.npy
fake_feature/8735.npy,fake_label/8735.npy
fake_feature/8736.npy,fake_label/8736.npy
fake_feature/8737.npy,fake_label/8737.npy
fake_feature/8738.npy,fake_label/8738.npy
fake_feature/8739.npy,fake_label/8739.npy
fake_feature/8740.npy,fake_label/8740.npy
fake_feature/8741.npy,fake_label/8741.npy
fake_feature/8742.npy,fake_label/8742.npy
fake_feature/8743.npy,fake_label/8743.npy
fake_feature/8744.npy,fake_label/8744.npy
fake_feature/8745.npy,fake_label/8745.npy
fake_feature/8746.npy,fake_label/8746.npy
fake_feature/8747.npy,fake_label/8747.npy
fake_feature/8748.npy,fake_label/8748.npy
fake_feature/8749.npy,fake_label/8749.npy
fake_feature/8750.npy,fake_label/8750.npy
fake_feature/8751.npy,fake_label/8751.npy
fake_feature/8752.npy,fake_label/8752.npy
fake_feature/8753.npy,fake_label/8753.npy
fake_feature/8754.npy,fake_label/8754.npy
fake_feature/8755.npy,fake_label/8755.npy
fake_feature/8756.npy,fake_label/8756.npy
fake_feature/8757.npy,fake_label/8757.npy
fake_feature/8758.npy,fake_label/8758.npy
fake_feature/8759.npy,fake_label/8759.npy
fake_feature/8760.npy,fake_label/8760.npy
fake_feature/8761.npy,fake_label/8761.npy
fake_feature/8762.npy,fake_label/8762.npy
fake_feature/8763.npy,fake_label/8763.npy
fake_feature/8764.npy,fake_label/8764.npy
fake_feature/8765.npy,fake_label/8765.npy
fake_feature/8766.npy,fake_label/8766.npy
fake_feature/8767.npy,fake_label/8767.npy
fake_feature/8768.npy,fake_label/8768.npy
fake_feature/8769.npy,fake_label/8769.npy
fake_feature/8770.npy,fake_label/8770.npy
fake_feature/8771.npy,fake_label/8771.npy
fake_feature/8772.npy,fake_label/8772.npy
fake_feature/8773.npy,fake_label/8773.npy
fake_feature/8774.npy,fake_label/8774.npy
fake_feature/8775.npy,fake_label/8775.npy
fake_feature/8776.npy,fake_label/8776.npy
fake_feature/8777.npy,fake_label/8777.npy
fake_feature/8778.npy,fake_label/8778.npy
fake_feature/8779.npy,fake_label/8779.npy
fake_feature/8780.npy,fake_label/8780.npy
fake_feature/8781.npy,fake_label/8781.npy
fake_feature/8782.npy,fake_label/8782.npy
fake_feature/8783.npy,fake_label/8783.npy
fake_feature/8784.npy,fake_label/8784.npy
fake_feature/8785.npy,fake_label/8785.npy
fake_feature/8786.npy,fake_label/8786.npy
fake_feature/8787.npy,fake_label/8787.npy
fake_feature/8788.npy,fake_label/8788.npy
fake_feature/8789.npy,fake_label/8789.npy
fake_feature/8790.npy,fake_label/8790.npy
fake_feature/8791.npy,fake_label/8791.npy
fake_feature/8792.npy,fake_label/8792.npy
fake_feature/8793.npy,fake_label/8793.npy
fake_feature/8794.npy,fake_label/8794.npy
fake_feature/8795.npy,fake_label/8795.npy
fake_feature/8796.npy,fake_label/8796.npy
fake_feature/8797.npy,fake_label/8797.npy
fake_feature/8798.npy,fake_label/8798.npy
fake_feature/8799.npy,fake_label/8799.npy
fake_feature/8800.npy,fake_label/8800.npy
fake_feature/8801.npy,fake_label/8801.npy
fake_feature/8802.npy,fake_label/8802.npy
fake_feature/8803.npy,fake_label/8803.npy
fake_feature/8804.npy,fake_label/8804.npy
fake_feature/8805.npy,fake_label/8805.npy
fake_feature/8806.npy,fake_label/8806.npy
fake_feature/8807.npy,fake_label/8807.npy
fake_feature/8808.npy,fake_label/8808.npy
fake_feature/8809.npy,fake_label/8809.npy
fake_feature/8810.npy,fake_label/8810.npy
fake_feature/8811.npy,fake_label/8811.npy
fake_feature/8812.npy,fake_label/8812.npy
fake_feature/8813.npy,fake_label/8813.npy
fake_feature/8814.npy,fake_label/8814.npy
fake_feature/8815.npy,fake_label/8815.npy
fake_feature/8816.npy,fake_label/8816.npy
fake_feature/8817.npy,fake_label/8817.npy
fake_feature/8818.npy,fake_label/8818.npy
fake_feature/8819.npy,fake_label/8819.npy
fake_feature/8820.npy,fake_label/8820.npy
fake_feature/8821.npy,fake_label/8821.npy
fake_feature/8822.npy,fake_label/8822.npy
fake_feature/8823.npy,fake_label/8823.npy
fake_feature/8824.npy,fake_label/8824.npy
fake_feature/8825.npy,fake_label/8825.npy
fake_feature/8826.npy,fake_label/8826.npy
fake_feature/8827.npy,fake_label/8827.npy
fake_feature/8828.npy,fake_label/8828.npy
fake_feature/8829.npy,fake_label/8829.npy
fake_feature/8830.npy,fake_label/8830.npy
fake_feature/8831.npy,fake_label/8831.npy
fake_feature/8832.npy,fake_label/8832.npy
fake_feature/8833.npy,fake_label/8833.npy
fake_feature/8834.npy,fake_label/8834.npy
fake_feature/8835.npy,fake_label/8835.npy
fake_feature/8836.npy,fake_label/8836.npy
fake_feature/8837.npy,fake_label/8837.npy
fake_feature/8838.npy,fake_label/8838.npy
fake_feature/8839.npy,fake_label/8839.npy
fake_feature/8840.npy,fake_label/8840.npy
fake_feature/8841.npy,fake_label/8841.npy
fake_feature/8842.npy,fake_label/8842.npy
fake_feature/8843.npy,fake_label/8843.npy
fake_feature/8844.npy,fake_label/8844.npy
fake_feature/8845.npy,fake_label/8845.npy
fake_feature/8846.npy,fake_label/8846.npy
fake_feature/8847.npy,fake_label/8847.npy
fake_feature/8848.npy,fake_label/8848.npy
fake_feature/8849.npy,fake_label/8849.npy
fake_feature/8850.npy,fake_label/8850.npy
fake_feature/8851.npy,fake_label/8851.npy
fake_feature/8852.npy,fake_label/8852.npy
fake_feature/8853.npy,fake_label/8853.npy
fake_feature/8854.npy,fake_label/8854.npy
fake_feature/8855.npy,fake_label/8855.npy
fake_feature/8856.npy,fake_label/8856.npy
fake_feature/8857.npy,fake_label/8857.npy
fake_feature/8858.npy,fake_label/8858.npy
fake_feature/8859.npy,fake_label/8859.npy
fake_feature/8860.npy,fake_label/8860.npy
fake_feature/8861.npy,fake_label/8861.npy
fake_feature/8862.npy,fake_label/8862.npy
fake_feature/8863.npy,fake_label/8863.npy
fake_feature/8864.npy,fake_label/8864.npy
fake_feature/8865.npy,fake_label/8865.npy
fake_feature/8866.npy,fake_label/8866.npy
fake_feature/8867.npy,fake_label/8867.npy
fake_feature/8868.npy,fake_label/8868.npy
fake_feature/8869.npy,fake_label/8869.npy
fake_feature/8870.npy,fake_label/8870.npy
fake_feature/8871.npy,fake_label/8871.npy
fake_feature/8872.npy,fake_label/8872.npy
fake_feature/8873.npy,fake_label/8873.npy
fake_feature/8874.npy,fake_label/8874.npy
fake_feature/8875.npy,fake_label/8875.npy
fake_feature/8876.npy,fake_label/8876.npy
fake_feature/8877.npy,fake_label/8877.npy
fake_feature/8878.npy,fake_label/8878.npy
fake_feature/8879.npy,fake_label/8879.npy
fake_feature/8880.npy,fake_label/8880.npy
fake_feature/8881.npy,fake_label/8881.npy
fake_feature/8882.npy,fake_label/8882.npy
fake_feature/8883.npy,fake_label/8883.npy
fake_feature/8884.npy,fake_label/8884.npy
fake_feature/8885.npy,fake_label/8885.npy
fake_feature/8886.npy,fake_label/8886.npy
fake_feature/8887.npy,fake_label/8887.npy
fake_feature/8888.npy,fake_label/8888.npy
fake_feature/8889.npy,fake_label/8889.npy
fake_feature/8890.npy,fake_label/8890.npy
fake_feature/8891.npy,fake_label/8891.npy
fake_feature/8892.npy,fake_label/8892.npy
fake_feature/8893.npy,fake_label/8893.npy
fake_feature/8894.npy,fake_label/8894.npy
fake_feature/8895.npy,fake_label/8895.npy
fake_feature/8896.npy,fake_label/8896.npy
fake_feature/8897.npy,fake_label/8897.npy
fake_feature/8898.npy,fake_label/8898.npy
fake_feature/8899.npy,fake_label/8899.npy
fake_feature/8900.npy,fake_label/8900.npy
fake_feature/8901.npy,fake_label/8901.npy
fake_feature/8902.npy,fake_label/8902.npy
fake_feature/8903.npy,fake_label/8903.npy
fake_feature/8904.npy,fake_label/8904.npy
fake_feature/8905.npy,fake_label/8905.npy
fake_feature/8906.npy,fake_label/8906.npy
fake_feature/8907.npy,fake_label/8907.npy
fake_feature/8908.npy,fake_label/8908.npy
fake_feature/8909.npy,fake_label/8909.npy
fake_feature/8910.npy,fake_label/8910.npy
fake_feature/8911.npy,fake_label/8911.npy
fake_feature/8912.npy,fake_label/8912.npy
fake_feature/8913.npy,fake_label/8913.npy
fake_feature/8914.npy,fake_label/8914.npy
fake_feature/8915.npy,fake_label/8915.npy
fake_feature/8916.npy,fake_label/8916.npy
fake_feature/8917.npy,fake_label/8917.npy
fake_feature/8918.npy,fake_label/8918.npy
fake_feature/8919.npy,fake_label/8919.npy
fake_feature/8920.npy,fake_label/8920.npy
fake_feature/8921.npy,fake_label/8921.npy
fake_feature/8922.npy,fake_label/8922.npy
fake_feature/8923.npy,fake_label/8923.npy
fake_feature/8924.npy,fake_label/8924.npy
fake_feature/8925.npy,fake_label/8925.npy
fake_feature/8926.npy,fake_label/8926.npy
fake_feature/8927.npy,fake_label/8927.npy
fake_feature/8928.npy,fake_label/8928.npy
fake_feature/8929.npy,fake_label/8929.npy
fake_feature/8930.npy,fake_label/8930.npy
fake_feature/8931.npy,fake_label/8931.npy
fake_feature/8932.npy,fake_label/8932.npy
fake_feature/8933.npy,fake_label/8933.npy
fake_feature/8934.npy,fake_label/8934.npy
fake_feature/8935.npy,fake_label/8935.npy
fake_feature/8936.npy,fake_label/8936.npy
fake_feature/8937.npy,fake_label/8937.npy
fake_feature/8938.npy,fake_label/8938.npy
fake_feature/8939.npy,fake_label/8939.npy
fake_feature/8940.npy,fake_label/8940.npy
fake_feature/8941.npy,fake_label/8941.npy
fake_feature/8942.npy,fake_label/8942.npy
fake_feature/8943.npy,fake_label/8943.npy
fake_feature/8944.npy,fake_label/8944.npy
fake_feature/8945.npy,fake_label/8945.npy
fake_feature/8946.npy,fake_label/8946.npy
fake_feature/8947.npy,fake_label/8947.npy
fake_feature/8948.npy,fake_label/8948.npy
fake_feature/8949.npy,fake_label/8949.npy
fake_feature/8950.npy,fake_label/8950.npy
fake_feature/8951.npy,fake_label/8951.npy
fake_feature/8952.npy,fake_label/8952.npy
fake_feature/8953.npy,fake_label/8953.npy
fake_feature/8954.npy,fake_label/8954.npy
fake_feature/8955.npy,fake_label/8955.npy
fake_feature/8956.npy,fake_label/8956.npy
fake_feature/8957.npy,fake_label/8957.npy
fake_feature/8958.npy,fake_label/8958.npy
fake_feature/8959.npy,fake_label/8959.npy
fake_feature/8960.npy,fake_label/8960.npy
fake_feature/8961.npy,fake_label/8961.npy
fake_feature/8962.npy,fake_label/8962.npy
fake_feature/8963.npy,fake_label/8963.npy
fake_feature/8964.npy,fake_label/8964.npy
fake_feature/8965.npy,fake_label/8965.npy
fake_feature/8966.npy,fake_label/8966.npy
fake_feature/8967.npy,fake_label/8967.npy
fake_feature/8968.npy,fake_label/8968.npy
fake_feature/8969.npy,fake_label/8969.npy
fake_feature/8970.npy,fake_label/8970.npy
fake_feature/8971.npy,fake_label/8971.npy
fake_feature/8972.npy,fake_label/8972.npy
fake_feature/8973.npy,fake_label/8973.npy
fake_feature/8974.npy,fake_label/8974.npy
fake_feature/8975.npy,fake_label/8975.npy
fake_feature/8976.npy,fake_label/8976.npy
fake_feature/8977.npy,fake_label/8977.npy
fake_feature/8978.npy,fake_label/8978.npy
fake_feature/8979.npy,fake_label/8979.npy
fake_feature/8980.npy,fake_label/8980.npy
fake_feature/8981.npy,fake_label/8981.npy
fake_feature/8982.npy,fake_label/8982.npy
fake_feature/8983.npy,fake_label/8983.npy
fake_feature/8984.npy,fake_label/8984.npy
fake_feature/8985.npy,fake_label/8985.npy
fake_feature/8986.npy,fake_label/8986.npy
fake_feature/8987.npy,fake_label/8987.npy
fake_feature/8988.npy,fake_label/8988.npy
fake_feature/8989.npy,fake_label/8989.npy
fake_feature/8990.npy,fake_label/8990.npy
fake_feature/8991.npy,fake_label/8991.npy
fake_feature/8992.npy,fake_label/8992.npy
fake_feature/8993.npy,fake_label/8993.npy
fake_feature/8994.npy,fake_label/8994.npy
fake_feature/8995.npy,fake_label/8995.npy
fake_feature/8996.npy,fake_label/8996.npy
fake_feature/8997.npy,fake_label/8997.npy
fake_feature/8998.npy,fake_label/8998.npy
fake_feature/8999.npy,fake_label/8999.npy
fake_feature/9000.npy,fake_label/9000.npy
fake_feature/9001.npy,fake_label/9001.npy
fake_feature/9002.npy,fake_label/9002.npy
fake_feature/9003.npy,fake_label/9003.npy
fake_feature/9004.npy,fake_label/9004.npy
fake_feature/9005.npy,fake_label/9005.npy
fake_feature/9006.npy,fake_label/9006.npy
fake_feature/9007.npy,fake_label/9007.npy
fake_feature/9008.npy,fake_label/9008.npy
fake_feature/9009.npy,fake_label/9009.npy
fake_feature/9010.npy,fake_label/9010.npy
fake_feature/9011.npy,fake_label/9011.npy
fake_feature/9012.npy,fake_label/9012.npy
fake_feature/9013.npy,fake_label/9013.npy
fake_feature/9014.npy,fake_label/9014.npy
fake_feature/9015.npy,fake_label/9015.npy
fake_feature/9016.npy,fake_label/9016.npy
fake_feature/9017.npy,fake_label/9017.npy
fake_feature/9018.npy,fake_label/9018.npy
fake_feature/9019.npy,fake_label/9019.npy
fake_feature/9020.npy,fake_label/9020.npy
fake_feature/9021.npy,fake_label/9021.npy
fake_feature/9022.npy,fake_label/9022.npy
fake_feature/9023.npy,fake_label/9023.npy
fake_feature/9024.npy,fake_label/9024.npy
fake_feature/9025.npy,fake_label/9025.npy
fake_feature/9026.npy,fake_label/9026.npy
fake_feature/9027.npy,fake_label/9027.npy
fake_feature/9028.npy,fake_label/9028.npy
fake_feature/9029.npy,fake_label/9029.npy
fake_feature/9030.npy,fake_label/9030.npy
fake_feature/9031.npy,fake_label/9031.npy
fake_feature/9032.npy,fake_label/9032.npy
fake_feature/9033.npy,fake_label/9033.npy
fake_feature/9034.npy,fake_label/9034.npy
fake_feature/9035.npy,fake_label/9035.npy
fake_feature/9036.npy,fake_label/9036.npy
fake_feature/9037.npy,fake_label/9037.npy
fake_feature/9038.npy,fake_label/9038.npy
fake_feature/9039.npy,fake_label/9039.npy
fake_feature/9040.npy,fake_label/9040.npy
fake_feature/9041.npy,fake_label/9041.npy
fake_feature/9042.npy,fake_label/9042.npy
fake_feature/9043.npy,fake_label/9043.npy
fake_feature/9044.npy,fake_label/9044.npy
fake_feature/9045.npy,fake_label/9045.npy
fake_feature/9046.npy,fake_label/9046.npy
fake_feature/9047.npy,fake_label/9047.npy
fake_feature/9048.npy,fake_label/9048.npy
fake_feature/9049.npy,fake_label/9049.npy
fake_feature/9050.npy,fake_label/9050.npy
fake_feature/9051.npy,fake_label/9051.npy
fake_feature/9052.npy,fake_label/9052.npy
fake_feature/9053.npy,fake_label/9053.npy
fake_feature/9054.npy,fake_label/9054.npy
fake_feature/9055.npy,fake_label/9055.npy
fake_feature/9056.npy,fake_label/9056.npy
fake_feature/9057.npy,fake_label/9057.npy
fake_feature/9058.npy,fake_label/9058.npy
fake_feature/9059.npy,fake_label/9059.npy
fake_feature/9060.npy,fake_label/9060.npy
fake_feature/9061.npy,fake_label/9061.npy
fake_feature/9062.npy,fake_label/9062.npy
fake_feature/9063.npy,fake_label/9063.npy
fake_feature/9064.npy,fake_label/9064.npy
fake_feature/9065.npy,fake_label/9065.npy
fake_feature/9066.npy,fake_label/9066.npy
fake_feature/9067.npy,fake_label/9067.npy
fake_feature/9068.npy,fake_label/9068.npy
fake_feature/9069.npy,fake_label/9069.npy
fake_feature/9070.npy,fake_label/9070.npy
fake_feature/9071.npy,fake_label/9071.npy
fake_feature/9072.npy,fake_label/9072.npy
fake_feature/9073.npy,fake_label/9073.npy
fake_feature/9074.npy,fake_label/9074.npy
fake_feature/9075.npy,fake_label/9075.npy
fake_feature/9076.npy,fake_label/9076.npy
fake_feature/9077.npy,fake_label/9077.npy
fake_feature/9078.npy,fake_label/9078.npy
fake_feature/9079.npy,fake_label/9079.npy
fake_feature/9080.npy,fake_label/9080.npy
fake_feature/9081.npy,fake_label/9081.npy
fake_feature/9082.npy,fake_label/9082.npy
fake_feature/9083.npy,fake_label/9083.npy
fake_feature/9084.npy,fake_label/9084.npy
fake_feature/9085.npy,fake_label/9085.npy
fake_feature/9086.npy,fake_label/9086.npy
fake_feature/9087.npy,fake_label/9087.npy
fake_feature/9088.npy,fake_label/9088.npy
fake_feature/9089.npy,fake_label/9089.npy
fake_feature/9090.npy,fake_label/9090.npy
fake_feature/9091.npy,fake_label/9091.npy
fake_feature/9092.npy,fake_label/9092.npy
fake_feature/9093.npy,fake_label/9093.npy
fake_feature/9094.npy,fake_label/9094.npy
fake_feature/9095.npy,fake_label/9095.npy
fake_feature/9096.npy,fake_label/9096.npy
fake_feature/9097.npy,fake_label/9097.npy
fake_feature/9098.npy,fake_label/9098.npy
fake_feature/9099.npy,fake_label/9099.npy
fake_feature/9100.npy,fake_label/9100.npy
fake_feature/9101.npy,fake_label/9101.npy
fake_feature/9102.npy,fake_label/9102.npy
fake_feature/9103.npy,fake_label/9103.npy
fake_feature/9104.npy,fake_label/9104.npy
fake_feature/9105.npy,fake_label/9105.npy
fake_feature/9106.npy,fake_label/9106.npy
fake_feature/9107.npy,fake_label/9107.npy
fake_feature/9108.npy,fake_label/9108.npy
fake_feature/9109.npy,fake_label/9109.npy
fake_feature/9110.npy,fake_label/9110.npy
fake_feature/9111.npy,fake_label/9111.npy
fake_feature/9112.npy,fake_label/9112.npy
fake_feature/9113.npy,fake_label/9113.npy
fake_feature/9114.npy,fake_label/9114.npy
fake_feature/9115.npy,fake_label/9115.npy
fake_feature/9116.npy,fake_label/9116.npy
fake_feature/9117.npy,fake_label/9117.npy
fake_feature/9118.npy,fake_label/9118.npy
fake_feature/9119.npy,fake_label/9119.npy
fake_feature/9120.npy,fake_label/9120.npy
fake_feature/9121.npy,fake_label/9121.npy
fake_feature/9122.npy,fake_label/9122.npy
fake_feature/9123.npy,fake_label/9123.npy
fake_feature/9124.npy,fake_label/9124.npy
fake_feature/9125.npy,fake_label/9125.npy
fake_feature/9126.npy,fake_label/9126.npy
fake_feature/9127.npy,fake_label/9127.npy
fake_feature/9128.npy,fake_label/9128.npy
fake_feature/9129.npy,fake_label/9129.npy
fake_feature/9130.npy,fake_label/9130.npy
fake_feature/9131.npy,fake_label/9131.npy
fake_feature/9132.npy,fake_label/9132.npy
fake_feature/9133.npy,fake_label/9133.npy
fake_feature/9134.npy,fake_label/9134.npy
fake_feature/9135.npy,fake_label/9135.npy
fake_feature/9136.npy,fake_label/9136.npy
fake_feature/9137.npy,fake_label/9137.npy
fake_feature/9138.npy,fake_label/9138.npy
fake_feature/9139.npy,fake_label/9139.npy
fake_feature/9140.npy,fake_label/9140.npy
fake_feature/9141.npy,fake_label/9141.npy
fake_feature/9142.npy,fake_label/9142.npy
fake_feature/9143.npy,fake_label/9143.npy
fake_feature/9144.npy,fake_label/9144.npy
fake_feature/9145.npy,fake_label/9145.npy
fake_feature/9146.npy,fake_label/9146.npy
fake_feature/9147.npy,fake_label/9147.npy
fake_feature/9148.npy,fake_label/9148.npy
fake_feature/9149.npy,fake_label/9149.npy
fake_feature/9150.npy,fake_label/9150.npy
fake_feature/9151.npy,fake_label/9151.npy
fake_feature/9152.npy,fake_label/9152.npy
fake_feature/9153.npy,fake_label/9153.npy
fake_feature/9154.npy,fake_label/9154.npy
fake_feature/9155.npy,fake_label/9155.npy
fake_feature/9156.npy,fake_label/9156.npy
fake_feature/9157.npy,fake_label/9157.npy
fake_feature/9158.npy,fake_label/9158.npy
fake_feature/9159.npy,fake_label/9159.npy
fake_feature/9160.npy,fake_label/9160.npy
fake_feature/9161.npy,fake_label/9161.npy
fake_feature/9162.npy,fake_label/9162.npy
fake_feature/9163.npy,fake_label/9163.npy
fake_feature/9164.npy,fake_label/9164.npy
fake_feature/9165.npy,fake_label/9165.npy
fake_feature/9166.npy,fake_label/9166.npy
fake_feature/9167.npy,fake_label/9167.npy
fake_feature/9168.npy,fake_label/9168.npy
fake_feature/9169.npy,fake_label/9169.npy
fake_feature/9170.npy,fake_label/9170.npy
fake_feature/9171.npy,fake_label/9171.npy
fake_feature/9172.npy,fake_label/9172.npy
fake_feature/9173.npy,fake_label/9173.npy
fake_feature/9174.npy,fake_label/9174.npy
fake_feature/9175.npy,fake_label/9175.npy
fake_feature/9176.npy,fake_label/9176.npy
fake_feature/9177.npy,fake_label/9177.npy
fake_feature/9178.npy,fake_label/9178.npy
fake_feature/9179.npy,fake_label/9179.npy
fake_feature/9180.npy,fake_label/9180.npy
fake_feature/9181.npy,fake_label/9181.npy
fake_feature/9182.npy,fake_label/9182.npy
fake_feature/9183.npy,fake_label/9183.npy
fake_feature/9184.npy,fake_label/9184.npy
fake_feature/9185.npy,fake_label/9185.npy
fake_feature/9186.npy,fake_label/9186.npy
fake_feature/9187.npy,fake_label/9187.npy
fake_feature/9188.npy,fake_label/9188.npy
fake_feature/9189.npy,fake_label/9189.npy
fake_feature/9190.npy,fake_label/9190.npy
fake_feature/9191.npy,fake_label/9191.npy
fake_feature/9192.npy,fake_label/9192.npy
fake_feature/9193.npy,fake_label/9193.npy
fake_feature/9194.npy,fake_label/9194.npy
fake_feature/9195.npy,fake_label/9195.npy
fake_feature/9196.npy,fake_label/9196.npy
fake_feature/9197.npy,fake_label/9197.npy
fake_feature/9198.npy,fake_label/9198.npy
fake_feature/9199.npy,fake_label/9199.npy
fake_feature/9200.npy,fake_label/9200.npy
fake_feature/9201.npy,fake_label/9201.npy
fake_feature/9202.npy,fake_label/9202.npy
fake_feature/9203.npy,fake_label/9203.npy
fake_feature/9204.npy,fake_label/9204.npy
fake_feature/9205.npy,fake_label/9205.npy
fake_feature/9206.npy,fake_label/9206.npy
fake_feature/9207.npy,fake_label/9207.npy
fake_feature/9208.npy,fake_label/9208.npy
fake_feature/9209.npy,fake_label/9209.npy
fake_feature/9210.npy,fake_label/9210.npy
fake_feature/9211.npy,fake_label/9211.npy
fake_feature/9212.npy,fake_label/9212.npy
fake_feature/9213.npy,fake_label/9213.npy
fake_feature/9214.npy,fake_label/9214.npy
fake_feature/9215.npy,fake_label/9215.npy
fake_feature/9216.npy,fake_label/9216.npy
fake_feature/9217.npy,fake_label/9217.npy
fake_feature/9218.npy,fake_label/9218.npy
fake_feature/9219.npy,fake_label/9219.npy
fake_feature/9220.npy,fake_label/9220.npy
fake_feature/9221.npy,fake_label/9221.npy
fake_feature/9222.npy,fake_label/9222.npy
fake_feature/9223.npy,fake_label/9223.npy
fake_feature/9224.npy,fake_label/9224.npy
fake_feature/9225.npy,fake_label/9225.npy
fake_feature/9226.npy,fake_label/9226.npy
fake_feature/9227.npy,fake_label/9227.npy
fake_feature/9228.npy,fake_label/9228.npy
fake_feature/9229.npy,fake_label/9229.npy
fake_feature/9230.npy,fake_label/9230.npy
fake_feature/9231.npy,fake_label/9231.npy
fake_feature/9232.npy,fake_label/9232.npy
fake_feature/9233.npy,fake_label/9233.npy
fake_feature/9234.npy,fake_label/9234.npy
fake_feature/9235.npy,fake_label/9235.npy
fake_feature/9236.npy,fake_label/9236.npy
fake_feature/9237.npy,fake_label/9237.npy
fake_feature/9238.npy,fake_label/9238.npy
fake_feature/9239.npy,fake_label/9239.npy
fake_feature/9240.npy,fake_label/9240.npy
fake_feature/9241.npy,fake_label/9241.npy
fake_feature/9242.npy,fake_label/9242.npy
fake_feature/9243.npy,fake_label/9243.npy
fake_feature/9244.npy,fake_label/9244.npy
fake_feature/9245.npy,fake_label/9245.npy
fake_feature/9246.npy,fake_label/9246.npy
fake_feature/9247.npy,fake_label/9247.npy
fake_feature/9248.npy,fake_label/9248.npy
fake_feature/9249.npy,fake_label/9249.npy
fake_feature/9250.npy,fake_label/9250.npy
fake_feature/9251.npy,fake_label/9251.npy
fake_feature/9252.npy,fake_label/9252.npy
fake_feature/9253.npy,fake_label/9253.npy
fake_feature/9254.npy,fake_label/9254.npy
fake_feature/9255.npy,fake_label/9255.npy
fake_feature/9256.npy,fake_label/9256.npy
fake_feature/9257.npy,fake_label/9257.npy
fake_feature/9258.npy,fake_label/9258.npy
fake_feature/9259.npy,fake_label/9259.npy
fake_feature/9260.npy,fake_label/9260.npy
fake_feature/9261.npy,fake_label/9261.npy
fake_feature/9262.npy,fake_label/9262.npy
fake_feature/9263.npy,fake_label/9263.npy
fake_feature/9264.npy,fake_label/9264.npy
fake_feature/9265.npy,fake_label/9265.npy
fake_feature/9266.npy,fake_label/9266.npy
fake_feature/9267.npy,fake_label/9267.npy
fake_feature/9268.npy,fake_label/9268.npy
fake_feature/9269.npy,fake_label/9269.npy
fake_feature/9270.npy,fake_label/9270.npy
fake_feature/9271.npy,fake_label/9271.npy
fake_feature/9272.npy,fake_label/9272.npy
fake_feature/9273.npy,fake_label/9273.npy
fake_feature/9274.npy,fake_label/9274.npy
fake_feature/9275.npy,fake_label/9275.npy
fake_feature/9276.npy,fake_label/9276.npy
fake_feature/9277.npy,fake_label/9277.npy
fake_feature/9278.npy,fake_label/9278.npy
fake_feature/9279.npy,fake_label/9279.npy
fake_feature/9280.npy,fake_label/9280.npy
fake_feature/9281.npy,fake_label/9281.npy
fake_feature/9282.npy,fake_label/9282.npy
fake_feature/9283.npy,fake_label/9283.npy
fake_feature/9284.npy,fake_label/9284.npy
fake_feature/9285.npy,fake_label/9285.npy
fake_feature/9286.npy,fake_label/9286.npy
fake_feature/9287.npy,fake_label/9287.npy
fake_feature/9288.npy,fake_label/9288.npy
fake_feature/9289.npy,fake_label/9289.npy
fake_feature/9290.npy,fake_label/9290.npy
fake_feature/9291.npy,fake_label/9291.npy
fake_feature/9292.npy,fake_label/9292.npy
fake_feature/9293.npy,fake_label/9293.npy
fake_feature/9294.npy,fake_label/9294.npy
fake_feature/9295.npy,fake_label/9295.npy
fake_feature/9296.npy,fake_label/9296.npy
fake_feature/9297.npy,fake_label/9297.npy
fake_feature/9298.npy,fake_label/9298.npy
fake_feature/9299.npy,fake_label/9299.npy
fake_feature/9300.npy,fake_label/9300.npy
fake_feature/9301.npy,fake_label/9301.npy
fake_feature/9302.npy,fake_label/9302.npy
fake_feature/9303.npy,fake_label/9303.npy
fake_feature/9304.npy,fake_label/9304.npy
fake_feature/9305.npy,fake_label/9305.npy
fake_feature/9306.npy,fake_label/9306.npy
fake_feature/9307.npy,fake_label/9307.npy
fake_feature/9308.npy,fake_label/9308.npy
fake_feature/9309.npy,fake_label/9309.npy
fake_feature/9310.npy,fake_label/9310.npy
fake_feature/9311.npy,fake_label/9311.npy
fake_feature/9312.npy,fake_label/9312.npy
fake_feature/9313.npy,fake_label/9313.npy
fake_feature/9314.npy,fake_label/9314.npy
fake_feature/9315.npy,fake_label/9315.npy
fake_feature/9316.npy,fake_label/9316.npy
fake_feature/9317.npy,fake_label/9317.npy
fake_feature/9318.npy,fake_label/9318.npy
fake_feature/9319.npy,fake_label/9319.npy
fake_feature/9320.npy,fake_label/9320.npy
fake_feature/9321.npy,fake_label/9321.npy
fake_feature/9322.npy,fake_label/9322.npy
fake_feature/9323.npy,fake_label/9323.npy
fake_feature/9324.npy,fake_label/9324.npy
fake_feature/9325.npy,fake_label/9325.npy
fake_feature/9326.npy,fake_label/9326.npy
fake_feature/9327.npy,fake_label/9327.npy
fake_feature/9328.npy,fake_label/9328.npy
fake_feature/9329.npy,fake_label/9329.npy
fake_feature/9330.npy,fake_label/9330.npy
fake_feature/9331.npy,fake_label/9331.npy
fake_feature/9332.npy,fake_label/9332.npy
fake_feature/9333.npy,fake_label/9333.npy
fake_feature/9334.npy,fake_label/9334.npy
fake_feature/9335.npy,fake_label/9335.npy
fake_feature/9336.npy,fake_label/9336.npy
fake_feature/9337.npy,fake_label/9337.npy
fake_feature/9338.npy,fake_label/9338.npy
fake_feature/9339.npy,fake_label/9339.npy
fake_feature/9340.npy,fake_label/9340.npy
fake_feature/9341.npy,fake_label/9341.npy
fake_feature/9342.npy,fake_label/9342.npy
fake_feature/9343.npy,fake_label/9343.npy
fake_feature/9344.npy,fake_label/9344.npy
fake_feature/9345.npy,fake_label/9345.npy
fake_feature/9346.npy,fake_label/9346.npy
fake_feature/9347.npy,fake_label/9347.npy
fake_feature/9348.npy,fake_label/9348.npy
fake_feature/9349.npy,fake_label/9349.npy
fake_feature/9350.npy,fake_label/9350.npy
fake_feature/9351.npy,fake_label/9351.npy
fake_feature/9352.npy,fake_label/9352.npy
fake_feature/9353.npy,fake_label/9353.npy
fake_feature/9354.npy,fake_label/9354.npy
fake_feature/9355.npy,fake_label/9355.npy
fake_feature/9356.npy,fake_label/9356.npy
fake_feature/9357.npy,fake_label/9357.npy
fake_feature/9358.npy,fake_label/9358.npy
fake_feature/9359.npy,fake_label/9359.npy
fake_feature/9360.npy,fake_label/9360.npy
fake_feature/9361.npy,fake_label/9361.npy
fake_feature/9362.npy,fake_label/9362.npy
fake_feature/9363.npy,fake_label/9363.npy
fake_feature/9364.npy,fake_label/9364.npy
fake_feature/9365.npy,fake_label/9365.npy
fake_feature/9366.npy,fake_label/9366.npy
fake_feature/9367.npy,fake_label/9367.npy
fake_feature/9368.npy,fake_label/9368.npy
fake_feature/9369.npy,fake_label/9369.npy
fake_feature/9370.npy,fake_label/9370.npy
fake_feature/9371.npy,fake_label/9371.npy
fake_feature/9372.npy,fake_label/9372.npy
fake_feature/9373.npy,fake_label/9373.npy
fake_feature/9374.npy,fake_label/9374.npy
fake_feature/9375.npy,fake_label/9375.npy
fake_feature/9376.npy,fake_label/9376.npy
fake_feature/9377.npy,fake_label/9377.npy
fake_feature/9378.npy,fake_label/9378.npy
fake_feature/9379.npy,fake_label/9379.npy
fake_feature/9380.npy,fake_label/9380.npy
fake_feature/9381.npy,fake_label/9381.npy
fake_feature/9382.npy,fake_label/9382.npy
fake_feature/9383.npy,fake_label/9383.npy
fake_feature/9384.npy,fake_label/9384.npy
fake_feature/9385.npy,fake_label/9385.npy
fake_feature/9386.npy,fake_label/9386.npy
fake_feature/9387.npy,fake_label/9387.npy
fake_feature/9388.npy,fake_label/9388.npy
fake_feature/9389.npy,fake_label/9389.npy
fake_feature/9390.npy,fake_label/9390.npy
fake_feature/9391.npy,fake_label/9391.npy
fake_feature/9392.npy,fake_label/9392.npy
fake_feature/9393.npy,fake_label/9393.npy
fake_feature/9394.npy,fake_label/9394.npy
fake_feature/9395.npy,fake_label/9395.npy
fake_feature/9396.npy,fake_label/9396.npy
fake_feature/9397.npy,fake_label/9397.npy
fake_feature/9398.npy,fake_label/9398.npy
fake_feature/9399.npy,fake_label/9399.npy
fake_feature/9400.npy,fake_label/9400.npy
fake_feature/9401.npy,fake_label/9401.npy
fake_feature/9402.npy,fake_label/9402.npy
fake_feature/9403.npy,fake_label/9403.npy
fake_feature/9404.npy,fake_label/9404.npy
fake_feature/9405.npy,fake_label/9405.npy
fake_feature/9406.npy,fake_label/9406.npy
fake_feature/9407.npy,fake_label/9407.npy
fake_feature/9408.npy,fake_label/9408.npy
fake_feature/9409.npy,fake_label/9409.npy
fake_feature/9410.npy,fake_label/9410.npy
fake_feature/9411.npy,fake_label/9411.npy
fake_feature/9412.npy,fake_label/9412.npy
fake_feature/9413.npy,fake_label/9413.npy
fake_feature/9414.npy,fake_label/9414.npy
fake_feature/9415.npy,fake_label/9415.npy
fake_feature/9416.npy,fake_label/9416.npy
fake_feature/9417.npy,fake_label/9417.npy
fake_feature/9418.npy,fake_label/9418.npy
fake_feature/9419.npy,fake_label/9419.npy
fake_feature/9420.npy,fake_label/9420.npy
fake_feature/9421.npy,fake_label/9421.npy
fake_feature/9422.npy,fake_label/9422.npy
fake_feature/9423.npy,fake_label/9423.npy
fake_feature/9424.npy,fake_label/9424.npy
fake_feature/9425.npy,fake_label/9425.npy
fake_feature/9426.npy,fake_label/9426.npy
fake_feature/9427.npy,fake_label/9427.npy
fake_feature/9428.npy,fake_label/9428.npy
fake_feature/9429.npy,fake_label/9429.npy
fake_feature/9430.npy,fake_label/9430.npy
fake_feature/9431.npy,fake_label/9431.npy
fake_feature/9432.npy,fake_label/9432.npy
fake_feature/9433.npy,fake_label/9433.npy
fake_feature/9434.npy,fake_label/9434.npy
fake_feature/9435.npy,fake_label/9435.npy
fake_feature/9436.npy,fake_label/9436.npy
fake_feature/9437.npy,fake_label/9437.npy
fake_feature/9438.npy,fake_label/9438.npy
fake_feature/9439.npy,fake_label/9439.npy
fake_feature/9440.npy,fake_label/9440.npy
fake_feature/9441.npy,fake_label/9441.npy
fake_feature/9442.npy,fake_label/9442.npy
fake_feature/9443.npy,fake_label/9443.npy
fake_feature/9444.npy,fake_label/9444.npy
fake_feature/9445.npy,fake_label/9445.npy
fake_feature/9446.npy,fake_label/9446.npy
fake_feature/9447.npy,fake_label/9447.npy
fake_feature/9448.npy,fake_label/9448.npy
fake_feature/9449.npy,fake_label/9449.npy
fake_feature/9450.npy,fake_label/9450.npy
fake_feature/9451.npy,fake_label/9451.npy
fake_feature/9452.npy,fake_label/9452.npy
fake_feature/9453.npy,fake_label/9453.npy
fake_feature/9454.npy,fake_label/9454.npy
fake_feature/9455.npy,fake_label/9455.npy
fake_feature/9456.npy,fake_label/9456.npy
fake_feature/9457.npy,fake_label/9457.npy
fake_feature/9458.npy,fake_label/9458.npy
fake_feature/9459.npy,fake_label/9459.npy
fake_feature/9460.npy,fake_label/9460.npy
fake_feature/9461.npy,fake_label/9461.npy
fake_feature/9462.npy,fake_label/9462.npy
fake_feature/9463.npy,fake_label/9463.npy
fake_feature/9464.npy,fake_label/9464.npy
fake_feature/9465.npy,fake_label/9465.npy
fake_feature/9466.npy,fake_label/9466.npy
fake_feature/9467.npy,fake_label/9467.npy
fake_feature/9468.npy,fake_label/9468.npy
fake_feature/9469.npy,fake_label/9469.npy
fake_feature/9470.npy,fake_label/9470.npy
fake_feature/9471.npy,fake_label/9471.npy
fake_feature/9472.npy,fake_label/9472.npy
fake_feature/9473.npy,fake_label/9473.npy
fake_feature/9474.npy,fake_label/9474.npy
fake_feature/9475.npy,fake_label/9475.npy
fake_feature/9476.npy,fake_label/9476.npy
fake_feature/9477.npy,fake_label/9477.npy
fake_feature/9478.npy,fake_label/9478.npy
fake_feature/9479.npy,fake_label/9479.npy
fake_feature/9480.npy,fake_label/9480.npy
fake_feature/9481.npy,fake_label/9481.npy
fake_feature/9482.npy,fake_label/9482.npy
fake_feature/9483.npy,fake_label/9483.npy
fake_feature/9484.npy,fake_label/9484.npy
fake_feature/9485.npy,fake_label/9485.npy
fake_feature/9486.npy,fake_label/9486.npy
fake_feature/9487.npy,fake_label/9487.npy
fake_feature/9488.npy,fake_label/9488.npy
fake_feature/9489.npy,fake_label/9489.npy
fake_feature/9490.npy,fake_label/9490.npy
fake_feature/9491.npy,fake_label/9491.npy
fake_feature/9492.npy,fake_label/9492.npy
fake_feature/9493.npy,fake_label/9493.npy
fake_feature/9494.npy,fake_label/9494.npy
fake_feature/9495.npy,fake_label/9495.npy
fake_feature/9496.npy,fake_label/9496.npy
fake_feature/9497.npy,fake_label/9497.npy
fake_feature/9498.npy,fake_label/9498.npy
fake_feature/9499.npy,fake_label/9499.npy
fake_feature/9500.npy,fake_label/9500.npy
fake_feature/9501.npy,fake_label/9501.npy
fake_feature/9502.npy,fake_label/9502.npy
fake_feature/9503.npy,fake_label/9503.npy
fake_feature/9504.npy,fake_label/9504.npy
fake_feature/9505.npy,fake_label/9505.npy
fake_feature/9506.npy,fake_label/9506.npy
fake_feature/9507.npy,fake_label/9507.npy
fake_feature/9508.npy,fake_label/9508.npy
fake_feature/9509.npy,fake_label/9509.npy
fake_feature/9510.npy,fake_label/9510.npy
fake_feature/9511.npy,fake_label/9511.npy
fake_feature/9512.npy,fake_label/9512.npy
fake_feature/9513.npy,fake_label/9513.npy
fake_feature/9514.npy,fake_label/9514.npy
fake_feature/9515.npy,fake_label/9515.npy
fake_feature/9516.npy,fake_label/9516.npy
fake_feature/9517.npy,fake_label/9517.npy
fake_feature/9518.npy,fake_label/9518.npy
fake_feature/9519.npy,fake_label/9519.npy
fake_feature/9520.npy,fake_label/9520.npy
fake_feature/9521.npy,fake_label/9521.npy
fake_feature/9522.npy,fake_label/9522.npy
fake_feature/9523.npy,fake_label/9523.npy
fake_feature/9524.npy,fake_label/9524.npy
fake_feature/9525.npy,fake_label/9525.npy
fake_feature/9526.npy,fake_label/9526.npy
fake_feature/9527.npy,fake_label/9527.npy
fake_feature/9528.npy,fake_label/9528.npy
fake_feature/9529.npy,fake_label/9529.npy
fake_feature/9530.npy,fake_label/9530.npy
fake_feature/9531.npy,fake_label/9531.npy
fake_feature/9532.npy,fake_label/9532.npy
fake_feature/9533.npy,fake_label/9533.npy
fake_feature/9534.npy,fake_label/9534.npy
fake_feature/9535.npy,fake_label/9535.npy
fake_feature/9536.npy,fake_label/9536.npy
fake_feature/9537.npy,fake_label/9537.npy
fake_feature/9538.npy,fake_label/9538.npy
fake_feature/9539.npy,fake_label/9539.npy
fake_feature/9540.npy,fake_label/9540.npy
fake_feature/9541.npy,fake_label/9541.npy
fake_feature/9542.npy,fake_label/9542.npy
fake_feature/9543.npy,fake_label/9543.npy
fake_feature/9544.npy,fake_label/9544.npy
fake_feature/9545.npy,fake_label/9545.npy
fake_feature/9546.npy,fake_label/9546.npy
fake_feature/9547.npy,fake_label/9547.npy
fake_feature/9548.npy,fake_label/9548.npy
fake_feature/9549.npy,fake_label/9549.npy
fake_feature/9550.npy,fake_label/9550.npy
fake_feature/9551.npy,fake_label/9551.npy
fake_feature/9552.npy,fake_label/9552.npy
fake_feature/9553.npy,fake_label/9553.npy
fake_feature/9554.npy,fake_label/9554.npy
fake_feature/9555.npy,fake_label/9555.npy
fake_feature/9556.npy,fake_label/9556.npy
fake_feature/9557.npy,fake_label/9557.npy
fake_feature/9558.npy,fake_label/9558.npy
fake_feature/9559.npy,fake_label/9559.npy
fake_feature/9560.npy,fake_label/9560.npy
fake_feature/9561.npy,fake_label/9561.npy
fake_feature/9562.npy,fake_label/9562.npy
fake_feature/9563.npy,fake_label/9563.npy
fake_feature/9564.npy,fake_label/9564.npy
fake_feature/9565.npy,fake_label/9565.npy
fake_feature/9566.npy,fake_label/9566.npy
fake_feature/9567.npy,fake_label/9567.npy
fake_feature/9568.npy,fake_label/9568.npy
fake_feature/9569.npy,fake_label/9569.npy
fake_feature/9570.npy,fake_label/9570.npy
fake_feature/9571.npy,fake_label/9571.npy
fake_feature/9572.npy,fake_label/9572.npy
fake_feature/9573.npy,fake_label/9573.npy
fake_feature/9574.npy,fake_label/9574.npy
fake_feature/9575.npy,fake_label/9575.npy
fake_feature/9576.npy,fake_label/9576.npy
fake_feature/9577.npy,fake_label/9577.npy
fake_feature/9578.npy,fake_label/9578.npy
fake_feature/9579.npy,fake_label/9579.npy
fake_feature/9580.npy,fake_label/9580.npy
fake_feature/9581.npy,fake_label/9581.npy
fake_feature/9582.npy,fake_label/9582.npy
fake_feature/9583.npy,fake_label/9583.npy
fake_feature/9584.npy,fake_label/9584.npy
fake_feature/9585.npy,fake_label/9585.npy
fake_feature/9586.npy,fake_label/9586.npy
fake_feature/9587.npy,fake_label/9587.npy
fake_feature/9588.npy,fake_label/9588.npy
fake_feature/9589.npy,fake_label/9589.npy
fake_feature/9590.npy,fake_label/9590.npy
fake_feature/9591.npy,fake_label/9591.npy
fake_feature/9592.npy,fake_label/9592.npy
fake_feature/9593.npy,fake_label/9593.npy
fake_feature/9594.npy,fake_label/9594.npy
fake_feature/9595.npy,fake_label/9595.npy
fake_feature/9596.npy,fake_label/9596.npy
fake_feature/9597.npy,fake_label/9597.npy
fake_feature/9598.npy,fake_label/9598.npy
fake_feature/9599.npy,fake_label/9599.npy
fake_feature/9600.npy,fake_label/9600.npy
fake_feature/9601.npy,fake_label/9601.npy
fake_feature/9602.npy,fake_label/9602.npy
fake_feature/9603.npy,fake_label/9603.npy
fake_feature/9604.npy,fake_label/9604.npy
fake_feature/9605.npy,fake_label/9605.npy
fake_feature/9606.npy,fake_label/9606.npy
fake_feature/9607.npy,fake_label/9607.npy
fake_feature/9608.npy,fake_label/9608.npy
fake_feature/9609.npy,fake_label/9609.npy
fake_feature/9610.npy,fake_label/9610.npy
fake_feature/9611.npy,fake_label/9611.npy
fake_feature/9612.npy,fake_label/9612.npy
fake_feature/9613.npy,fake_label/9613.npy
fake_feature/9614.npy,fake_label/9614.npy
fake_feature/9615.npy,fake_label/9615.npy
fake_feature/9616.npy,fake_label/9616.npy
fake_feature/9617.npy,fake_label/9617.npy
fake_feature/9618.npy,fake_label/9618.npy
fake_feature/9619.npy,fake_label/9619.npy
fake_feature/9620.npy,fake_label/9620.npy
fake_feature/9621.npy,fake_label/9621.npy
fake_feature/9622.npy,fake_label/9622.npy
fake_feature/9623.npy,fake_label/9623.npy
fake_feature/9624.npy,fake_label/9624.npy
fake_feature/9625.npy,fake_label/9625.npy
fake_feature/9626.npy,fake_label/9626.npy
fake_feature/9627.npy,fake_label/9627.npy
fake_feature/9628.npy,fake_label/9628.npy
fake_feature/9629.npy,fake_label/9629.npy
fake_feature/9630.npy,fake_label/9630.npy
fake_feature/9631.npy,fake_label/9631.npy
fake_feature/9632.npy,fake_label/9632.npy
fake_feature/9633.npy,fake_label/9633.npy
fake_feature/9634.npy,fake_label/9634.npy
fake_feature/9635.npy,fake_label/9635.npy
fake_feature/9636.npy,fake_label/9636.npy
fake_feature/9637.npy,fake_label/9637.npy
fake_feature/9638.npy,fake_label/9638.npy
fake_feature/9639.npy,fake_label/9639.npy
fake_feature/9640.npy,fake_label/9640.npy
fake_feature/9641.npy,fake_label/9641.npy
fake_feature/9642.npy,fake_label/9642.npy
fake_feature/9643.npy,fake_label/9643.npy
fake_feature/9644.npy,fake_label/9644.npy
fake_feature/9645.npy,fake_label/9645.npy
fake_feature/9646.npy,fake_label/9646.npy
fake_feature/9647.npy,fake_label/9647.npy
fake_feature/9648.npy,fake_label/9648.npy
fake_feature/9649.npy,fake_label/9649.npy
fake_feature/9650.npy,fake_label/9650.npy
fake_feature/9651.npy,fake_label/9651.npy
fake_feature/9652.npy,fake_label/9652.npy
fake_feature/9653.npy,fake_label/9653.npy
fake_feature/9654.npy,fake_label/9654.npy
fake_feature/9655.npy,fake_label/9655.npy
fake_feature/9656.npy,fake_label/9656.npy
fake_feature/9657.npy,fake_label/9657.npy
fake_feature/9658.npy,fake_label/9658.npy
fake_feature/9659.npy,fake_label/9659.npy
fake_feature/9660.npy,fake_label/9660.npy
fake_feature/9661.npy,fake_label/9661.npy
fake_feature/9662.npy,fake_label/9662.npy
fake_feature/9663.npy,fake_label/9663.npy
fake_feature/9664.npy,fake_label/9664.npy
fake_feature/9665.npy,fake_label/9665.npy
fake_feature/9666.npy,fake_label/9666.npy
fake_feature/9667.npy,fake_label/9667.npy
fake_feature/9668.npy,fake_label/9668.npy
fake_feature/9669.npy,fake_label/9669.npy
fake_feature/9670.npy,fake_label/9670.npy
fake_feature/9671.npy,fake_label/9671.npy
fake_feature/9672.npy,fake_label/9672.npy
fake_feature/9673.npy,fake_label/9673.npy
fake_feature/9674.npy,fake_label/9674.npy
fake_feature/9675.npy,fake_label/9675.npy
fake_feature/9676.npy,fake_label/9676.npy
fake_feature/9677.npy,fake_label/9677.npy
fake_feature/9678.npy,fake_label/9678.npy
fake_feature/9679.npy,fake_label/9679.npy
fake_feature/9680.npy,fake_label/9680.npy
fake_feature/9681.npy,fake_label/9681.npy
fake_feature/9682.npy,fake_label/9682.npy
fake_feature/9683.npy,fake_label/9683.npy
fake_feature/9684.npy,fake_label/9684.npy
fake_feature/9685.npy,fake_label/9685.npy
fake_feature/9686.npy,fake_label/9686.npy
fake_feature/9687.npy,fake_label/9687.npy
fake_feature/9688.npy,fake_label/9688.npy
fake_feature/9689.npy,fake_label/9689.npy
fake_feature/9690.npy,fake_label/9690.npy
fake_feature/9691.npy,fake_label/9691.npy
fake_feature/9692.npy,fake_label/9692.npy
fake_feature/9693.npy,fake_label/9693.npy
fake_feature/9694.npy,fake_label/9694.npy
fake_feature/9695.npy,fake_label/9695.npy
fake_feature/9696.npy,fake_label/9696.npy
fake_feature/9697.npy,fake_label/9697.npy
fake_feature/9698.npy,fake_label/9698.npy
fake_feature/9699.npy,fake_label/9699.npy
fake_feature/9700.npy,fake_label/9700.npy
fake_feature/9701.npy,fake_label/9701.npy
fake_feature/9702.npy,fake_label/9702.npy
fake_feature/9703.npy,fake_label/9703.npy
fake_feature/9704.npy,fake_label/9704.npy
fake_feature/9705.npy,fake_label/9705.npy
fake_feature/9706.npy,fake_label/9706.npy
fake_feature/9707.npy,fake_label/9707.npy
fake_feature/9708.npy,fake_label/9708.npy
fake_feature/9709.npy,fake_label/9709.npy
fake_feature/9710.npy,fake_label/9710.npy
fake_feature/9711.npy,fake_label/9711.npy
fake_feature/9712.npy,fake_label/9712.npy
fake_feature/9713.npy,fake_label/9713.npy
fake_feature/9714.npy,fake_label/9714.npy
fake_feature/9715.npy,fake_label/9715.npy
fake_feature/9716.npy,fake_label/9716.npy
fake_feature/9717.npy,fake_label/9717.npy
fake_feature/9718.npy,fake_label/9718.npy
fake_feature/9719.npy,fake_label/9719.npy
fake_feature/9720.npy,fake_label/9720.npy
fake_feature/9721.npy,fake_label/9721.npy
fake_feature/9722.npy,fake_label/9722.npy
fake_feature/9723.npy,fake_label/9723.npy
fake_feature/9724.npy,fake_label/9724.npy
fake_feature/9725.npy,fake_label/9725.npy
fake_feature/9726.npy,fake_label/9726.npy
fake_feature/9727.npy,fake_label/9727.npy
fake_feature/9728.npy,fake_label/9728.npy
fake_feature/9729.npy,fake_label/9729.npy
fake_feature/9730.npy,fake_label/9730.npy
fake_feature/9731.npy,fake_label/9731.npy
fake_feature/9732.npy,fake_label/9732.npy
fake_feature/9733.npy,fake_label/9733.npy
fake_feature/9734.npy,fake_label/9734.npy
fake_feature/9735.npy,fake_label/9735.npy
fake_feature/9736.npy,fake_label/9736.npy
fake_feature/9737.npy,fake_label/9737.npy
fake_feature/9738.npy,fake_label/9738.npy
fake_feature/9739.npy,fake_label/9739.npy
fake_feature/9740.npy,fake_label/9740.npy
fake_feature/9741.npy,fake_label/9741.npy
fake_feature/9742.npy,fake_label/9742.npy
fake_feature/9743.npy,fake_label/9743.npy
fake_feature/9744.npy,fake_label/9744.npy
fake_feature/9745.npy,fake_label/9745.npy
fake_feature/9746.npy,fake_label/9746.npy
fake_feature/9747.npy,fake_label/9747.npy
fake_feature/9748.npy,fake_label/9748.npy
fake_feature/9749.npy,fake_label/9749.npy
fake_feature/9750.npy,fake_label/9750.npy
fake_feature/9751.npy,fake_label/9751.npy
fake_feature/9752.npy,fake_label/9752.npy
fake_feature/9753.npy,fake_label/9753.npy
fake_feature/9754.npy,fake_label/9754.npy
fake_feature/9755.npy,fake_label/9755.npy
fake_feature/9756.npy,fake_label/9756.npy
fake_feature/9757.npy,fake_label/9757.npy
fake_feature/9758.npy,fake_label/9758.npy
fake_feature/9759.npy,fake_label/9759.npy
fake_feature/9760.npy,fake_label/9760.npy
fake_feature/9761.npy,fake_label/9761.npy
fake_feature/9762.npy,fake_label/9762.npy
fake_feature/9763.npy,fake_label/9763.npy
fake_feature/9764.npy,fake_label/9764.npy
fake_feature/9765.npy,fake_label/9765.npy
fake_feature/9766.npy,fake_label/9766.npy
fake_feature/9767.npy,fake_label/9767.npy
fake_feature/9768.npy,fake_label/9768.npy
fake_feature/9769.npy,fake_label/9769.npy
fake_feature/9770.npy,fake_label/9770.npy
fake_feature/9771.npy,fake_label/9771.npy
fake_feature/9772.npy,fake_label/9772.npy
fake_feature/9773.npy,fake_label/9773.npy
fake_feature/9774.npy,fake_label/9774.npy
fake_feature/9775.npy,fake_label/9775.npy
fake_feature/9776.npy,fake_label/9776.npy
fake_feature/9777.npy,fake_label/9777.npy
fake_feature/9778.npy,fake_label/9778.npy
fake_feature/9779.npy,fake_label/9779.npy
fake_feature/9780.npy,fake_label/9780.npy
fake_feature/9781.npy,fake_label/9781.npy
fake_feature/9782.npy,fake_label/9782.npy
fake_feature/9783.npy,fake_label/9783.npy
fake_feature/9784.npy,fake_label/9784.npy
fake_feature/9785.npy,fake_label/9785.npy
fake_feature/9786.npy,fake_label/9786.npy
fake_feature/9787.npy,fake_label/9787.npy
fake_feature/9788.npy,fake_label/9788.npy
fake_feature/9789.npy,fake_label/9789.npy
fake_feature/9790.npy,fake_label/9790.npy
fake_feature/9791.npy,fake_label/9791.npy
fake_feature/9792.npy,fake_label/9792.npy
fake_feature/9793.npy,fake_label/9793.npy
fake_feature/9794.npy,fake_label/9794.npy
fake_feature/9795.npy,fake_label/9795.npy
fake_feature/9796.npy,fake_label/9796.npy
fake_feature/9797.npy,fake_label/9797.npy
fake_feature/9798.npy,fake_label/9798.npy
fake_feature/9799.npy,fake_label/9799.npy
fake_feature/9800.npy,fake_label/9800.npy
fake_feature/9801.npy,fake_label/9801.npy
fake_feature/9802.npy,fake_label/9802.npy
fake_feature/9803.npy,fake_label/9803.npy
fake_feature/9804.npy,fake_label/9804.npy
fake_feature/9805.npy,fake_label/9805.npy
fake_feature/9806.npy,fake_label/9806.npy
fake_feature/9807.npy,fake_label/9807.npy
fake_feature/9808.npy,fake_label/9808.npy
fake_feature/9809.npy,fake_label/9809.npy
fake_feature/9810.npy,fake_label/9810.npy
fake_feature/9811.npy,fake_label/9811.npy
fake_feature/9812.npy,fake_label/9812.npy
fake_feature/9813.npy,fake_label/9813.npy
fake_feature/9814.npy,fake_label/9814.npy
fake_feature/9815.npy,fake_label/9815.npy
fake_feature/9816.npy,fake_label/9816.npy
fake_feature/9817.npy,fake_label/9817.npy
fake_feature/9818.npy,fake_label/9818.npy
fake_feature/9819.npy,fake_label/9819.npy
fake_feature/9820.npy,fake_label/9820.npy
fake_feature/9821.npy,fake_label/9821.npy
fake_feature/9822.npy,fake_label/9822.npy
fake_feature/9823.npy,fake_label/9823.npy
fake_feature/9824.npy,fake_label/9824.npy
fake_feature/9825.npy,fake_label/9825.npy
fake_feature/9826.npy,fake_label/9826.npy
fake_feature/9827.npy,fake_label/9827.npy
fake_feature/9828.npy,fake_label/9828.npy
fake_feature/9829.npy,fake_label/9829.npy
fake_feature/9830.npy,fake_label/9830.npy
fake_feature/9831.npy,fake_label/9831.npy
fake_feature/9832.npy,fake_label/9832.npy
fake_feature/9833.npy,fake_label/9833.npy
fake_feature/9834.npy,fake_label/9834.npy
fake_feature/9835.npy,fake_label/9835.npy
fake_feature/9836.npy,fake_label/9836.npy
fake_feature/9837.npy,fake_label/9837.npy
fake_feature/9838.npy,fake_label/9838.npy
fake_feature/9839.npy,fake_label/9839.npy
fake_feature/9840.npy,fake_label/9840.npy
fake_feature/9841.npy,fake_label/9841.npy
fake_feature/9842.npy,fake_label/9842.npy
fake_feature/9843.npy,fake_label/9843.npy
fake_feature/9844.npy,fake_label/9844.npy
fake_feature/9845.npy,fake_label/9845.npy
fake_feature/9846.npy,fake_label/9846.npy
fake_feature/9847.npy,fake_label/9847.npy
fake_feature/9848.npy,fake_label/9848.npy
fake_feature/9849.npy,fake_label/9849.npy
fake_feature/9850.npy,fake_label/9850.npy
fake_feature/9851.npy,fake_label/9851.npy
fake_feature/9852.npy,fake_label/9852.npy
fake_feature/9853.npy,fake_label/9853.npy
fake_feature/9854.npy,fake_label/9854.npy
fake_feature/9855.npy,fake_label/9855.npy
fake_feature/9856.npy,fake_label/9856.npy
fake_feature/9857.npy,fake_label/9857.npy
fake_feature/9858.npy,fake_label/9858.npy
fake_feature/9859.npy,fake_label/9859.npy
fake_feature/9860.npy,fake_label/9860.npy
fake_feature/9861.npy,fake_label/9861.npy
fake_feature/9862.npy,fake_label/9862.npy
fake_feature/9863.npy,fake_label/9863.npy
fake_feature/9864.npy,fake_label/9864.npy
fake_feature/9865.npy,fake_label/9865.npy
fake_feature/9866.npy,fake_label/9866.npy
fake_feature/9867.npy,fake_label/9867.npy
fake_feature/9868.npy,fake_label/9868.npy
fake_feature/9869.npy,fake_label/9869.npy
fake_feature/9870.npy,fake_label/9870.npy
fake_feature/9871.npy,fake_label/9871.npy
fake_feature/9872.npy,fake_label/9872.npy
fake_feature/9873.npy,fake_label/9873.npy
fake_feature/9874.npy,fake_label/9874.npy
fake_feature/9875.npy,fake_label/9875.npy
fake_feature/9876.npy,fake_label/9876.npy
fake_feature/9877.npy,fake_label/9877.npy
fake_feature/9878.npy,fake_label/9878.npy
fake_feature/9879.npy,fake_label/9879.npy
fake_feature/9880.npy,fake_label/9880.npy
fake_feature/9881.npy,fake_label/9881.npy
fake_feature/9882.npy,fake_label/9882.npy
fake_feature/9883.npy,fake_label/9883.npy
fake_feature/9884.npy,fake_label/9884.npy
fake_feature/9885.npy,fake_label/9885.npy
fake_feature/9886.npy,fake_label/9886.npy
fake_feature/9887.npy,fake_label/9887.npy
fake_feature/9888.npy,fake_label/9888.npy
fake_feature/9889.npy,fake_label/9889.npy
fake_feature/9890.npy,fake_label/9890.npy
fake_feature/9891.npy,fake_label/9891.npy
fake_feature/9892.npy,fake_label/9892.npy
fake_feature/9893.npy,fake_label/9893.npy
fake_feature/9894.npy,fake_label/9894.npy
fake_feature/9895.npy,fake_label/9895.npy
fake_feature/9896.npy,fake_label/9896.npy
fake_feature/9897.npy,fake_label/9897.npy
fake_feature/9898.npy,fake_label/9898.npy
fake_feature/9899.npy,fake_label/9899.npy
fake_feature/9900.npy,fake_label/9900.npy
fake_feature/9901.npy,fake_label/9901.npy
fake_feature/9902.npy,fake_label/9902.npy
fake_feature/9903.npy,fake_label/9903.npy
fake_feature/9904.npy,fake_label/9904.npy
fake_feature/9905.npy,fake_label/9905.npy
fake_feature/9906.npy,fake_label/9906.npy
fake_feature/9907.npy,fake_label/9907.npy
fake_feature/9908.npy,fake_label/9908.npy
fake_feature/9909.npy,fake_label/9909.npy
fake_feature/9910.npy,fake_label/9910.npy
fake_feature/9911.npy,fake_label/9911.npy
fake_feature/9912.npy,fake_label/9912.npy
fake_feature/9913.npy,fake_label/9913.npy
fake_feature/9914.npy,fake_label/9914.npy
fake_feature/9915.npy,fake_label/9915.npy
fake_feature/9916.npy,fake_label/9916.npy
fake_feature/9917.npy,fake_label/9917.npy
fake_feature/9918.npy,fake_label/9918.npy
fake_feature/9919.npy,fake_label/9919.npy
fake_feature/9920.npy,fake_label/9920.npy
fake_feature/9921.npy,fake_label/9921.npy
fake_feature/9922.npy,fake_label/9922.npy
fake_feature/9923.npy,fake_label/9923.npy
fake_feature/9924.npy,fake_label/9924.npy
fake_feature/9925.npy,fake_label/9925.npy
fake_feature/9926.npy,fake_label/9926.npy
fake_feature/9927.npy,fake_label/9927.npy
fake_feature/9928.npy,fake_label/9928.npy
fake_feature/9929.npy,fake_label/9929.npy
fake_feature/9930.npy,fake_label/9930.npy
fake_feature/9931.npy,fake_label/9931.npy
fake_feature/9932.npy,fake_label/9932.npy
fake_feature/9933.npy,fake_label/9933.npy
fake_feature/9934.npy,fake_label/9934.npy
fake_feature/9935.npy,fake_label/9935.npy
fake_feature/9936.npy,fake_label/9936.npy
fake_feature/9937.npy,fake_label/9937.npy
fake_feature/9938.npy,fake_label/9938.npy
fake_feature/9939.npy,fake_label/9939.npy
fake_feature/9940.npy,fake_label/9940.npy
fake_feature/9941.npy,fake_label/9941.npy
fake_feature/9942.npy,fake_label/9942.npy
fake_feature/9943.npy,fake_label/9943.npy
fake_feature/9944.npy,fake_label/9944.npy
fake_feature/9945.npy,fake_label/9945.npy
fake_feature/9946.npy,fake_label/9946.npy
fake_feature/9947.npy,fake_label/9947.npy
fake_feature/9948.npy,fake_label/9948.npy
fake_feature/9949.npy,fake_label/9949.npy
fake_feature/9950.npy,fake_label/9950.npy
fake_feature/9951.npy,fake_label/9951.npy
fake_feature/9952.npy,fake_label/9952.npy
fake_feature/9953.npy,fake_label/9953.npy
fake_feature/9954.npy,fake_label/9954.npy
fake_feature/9955.npy,fake_label/9955.npy
fake_feature/9956.npy,fake_label/9956.npy
fake_feature/9957.npy,fake_label/9957.npy
fake_feature/9958.npy,fake_label/9958.npy
fake_feature/9959.npy,fake_label/9959.npy
fake_feature/9960.npy,fake_label/9960.npy
fake_feature/9961.npy,fake_label/9961.npy
fake_feature/9962.npy,fake_label/9962.npy
fake_feature/9963.npy,fake_label/9963.npy
fake_feature/9964.npy,fake_label/9964.npy
fake_feature/9965.npy,fake_label/9965.npy
fake_feature/9966.npy,fake_label/9966.npy
fake_feature/9967.npy,fake_label/9967.npy
fake_feature/9968.npy,fake_label/9968.npy
fake_feature/9969.npy,fake_label/9969.npy
fake_feature/9970.npy,fake_label/9970.npy
fake_feature/9971.npy,fake_label/9971.npy
fake_feature/9972.npy,fake_label/9972.npy
fake_feature/9973.npy,fake_label/9973.npy
fake_feature/9974.npy,fake_label/9974.npy
fake_feature/9975.npy,fake_label/9975.npy
fake_feature/9976.npy,fake_label/9976.npy
fake_feature/9977.npy,fake_label/9977.npy
fake_feature/9978.npy,fake_label/9978.npy
fake_feature/9979.npy,fake_label/9979.npy
fake_feature/9980.npy,fake_label/9980.npy
fake_feature/9981.npy,fake_label/9981.npy
fake_feature/9982.npy,fake_label/9982.npy
fake_feature/9983.npy,fake_label/9983.npy
fake_feature/9984.npy,fake_label/9984.npy
fake_feature/9985.npy,fake_label/9985.npy
fake_feature/9986.npy,fake_label/9986.npy
fake_feature/9987.npy,fake_label/9987.npy
fake_feature/9988.npy,fake_label/9988.npy
fake_feature/9989.npy,fake_label/9989.npy
fake_feature/9990.npy,fake_label/9990.npy
fake_feature/9991.npy,fake_label/9991.npy
fake_feature/9992.npy,fake_label/9992.npy
fake_feature/9993.npy,fake_label/9993.npy
fake_feature/9994.npy,fake_label/9994.npy
fake_feature/9995.npy,fake_label/9995.npy
fake_feature/9996.npy,fake_label/9996.npy
fake_feature/9997.npy,fake_label/9997.npy
fake_feature/9998.npy,fake_label/9998.npy
fake_feature/9999.npy,fake_label/9999.npy
fake_feature/10000.npy,fake_label/10000.npy
fake_feature/10001.npy,fake_label/10001.npy
fake_feature/10002.npy,fake_label/10002.npy
fake_feature/10003.npy,fake_label/10003.npy
fake_feature/10004.npy,fake_label/10004.npy
fake_feature/10005.npy,fake_label/10005.npy
fake_feature/10006.npy,fake_label/10006.npy
fake_feature/10007.npy,fake_label/10007.npy
fake_feature/10008.npy,fake_label/10008.npy
fake_feature/10009.npy,fake_label/10009.npy
fake_feature/10010.npy,fake_label/10010.npy
fake_feature/10011.npy,fake_label/10011.npy
fake_feature/10012.npy,fake_label/10012.npy
fake_feature/10013.npy,fake_label/10013.npy
fake_feature/10014.npy,fake_label/10014.npy
fake_feature/10015.npy,fake_label/10015.npy
fake_feature/10016.npy,fake_label/10016.npy
fake_feature/10017.npy,fake_label/10017.npy
fake_feature/10018.npy,fake_label/10018.npy
fake_feature/10019.npy,fake_label/10019.npy
fake_feature/10020.npy,fake_label/10020.npy
fake_feature/10021.npy,fake_label/10021.npy
fake_feature/10022.npy,fake_label/10022.npy
fake_feature/10023.npy,fake_label/10023.npy
fake_feature/10024.npy,fake_label/10024.npy
fake_feature/10025.npy,fake_label/10025.npy
fake_feature/10026.npy,fake_label/10026.npy
fake_feature/10027.npy,fake_label/10027.npy
fake_feature/10028.npy,fake_label/10028.npy
fake_feature/10029.npy,fake_label/10029.npy
fake_feature/10030.npy,fake_label/10030.npy
fake_feature/10031.npy,fake_label/10031.npy
fake_feature/10032.npy,fake_label/10032.npy
fake_feature/10033.npy,fake_label/10033.npy
fake_feature/10034.npy,fake_label/10034.npy
fake_feature/10035.npy,fake_label/10035.npy
fake_feature/10036.npy,fake_label/10036.npy
fake_feature/10037.npy,fake_label/10037.npy
fake_feature/10038.npy,fake_label/10038.npy
fake_feature/10039.npy,fake_label/10039.npy
fake_feature/10040.npy,fake_label/10040.npy
fake_feature/10041.npy,fake_label/10041.npy
fake_feature/10042.npy,fake_label/10042.npy
fake_feature/10043.npy,fake_label/10043.npy
fake_feature/10044.npy,fake_label/10044.npy
fake_feature/10045.npy,fake_label/10045.npy
fake_feature/10046.npy,fake_label/10046.npy
fake_feature/10047.npy,fake_label/10047.npy
fake_feature/10048.npy,fake_label/10048.npy
fake_feature/10049.npy,fake_label/10049.npy
fake_feature/10050.npy,fake_label/10050.npy
fake_feature/10051.npy,fake_label/10051.npy
fake_feature/10052.npy,fake_label/10052.npy
fake_feature/10053.npy,fake_label/10053.npy
fake_feature/10054.npy,fake_label/10054.npy
fake_feature/10055.npy,fake_label/10055.npy
fake_feature/10056.npy,fake_label/10056.npy
fake_feature/10057.npy,fake_label/10057.npy
fake_feature/10058.npy,fake_label/10058.npy
fake_feature/10059.npy,fake_label/10059.npy
fake_feature/10060.npy,fake_label/10060.npy
fake_feature/10061.npy,fake_label/10061.npy
fake_feature/10062.npy,fake_label/10062.npy
fake_feature/10063.npy,fake_label/10063.npy
fake_feature/10064.npy,fake_label/10064.npy
fake_feature/10065.npy,fake_label/10065.npy
fake_feature/10066.npy,fake_label/10066.npy
fake_feature/10067.npy,fake_label/10067.npy
fake_feature/10068.npy,fake_label/10068.npy
fake_feature/10069.npy,fake_label/10069.npy
fake_feature/10070.npy,fake_label/10070.npy
fake_feature/10071.npy,fake_label/10071.npy
fake_feature/10072.npy,fake_label/10072.npy
fake_feature/10073.npy,fake_label/10073.npy
fake_feature/10074.npy,fake_label/10074.npy
fake_feature/10075.npy,fake_label/10075.npy
fake_feature/10076.npy,fake_label/10076.npy
fake_feature/10077.npy,fake_label/10077.npy
fake_feature/10078.npy,fake_label/10078.npy
fake_feature/10079.npy,fake_label/10079.npy
fake_feature/10080.npy,fake_label/10080.npy
fake_feature/10081.npy,fake_label/10081.npy
fake_feature/10082.npy,fake_label/10082.npy
fake_feature/10083.npy,fake_label/10083.npy
fake_feature/10084.npy,fake_label/10084.npy
fake_feature/10085.npy,fake_label/10085.npy
fake_feature/10086.npy,fake_label/10086.npy
fake_feature/10087.npy,fake_label/10087.npy
fake_feature/10088.npy,fake_label/10088.npy
fake_feature/10089.npy,fake_label/10089.npy
fake_feature/10090.npy,fake_label/10090.npy
fake_feature/10091.npy,fake_label/10091.npy
fake_feature/10092.npy,fake_label/10092.npy
fake_feature/10093.npy,fake_label/10093.npy
fake_feature/10094.npy,fake_label/10094.npy
fake_feature/10095.npy,fake_label/10095.npy
fake_feature/10096.npy,fake_label/10096.npy
fake_feature/10097.npy,fake_label/10097.npy
fake_feature/10098.npy,fake_label/10098.npy
fake_feature/10099.npy,fake_label/10099.npy
fake_feature/10100.npy,fake_label/10100.npy
fake_feature/10101.npy,fake_label/10101.npy
fake_feature/10102.npy,fake_label/10102.npy
fake_feature/10103.npy,fake_label/10103.npy
fake_feature/10104.npy,fake_label/10104.npy
fake_feature/10105.npy,fake_label/10105.npy
fake_feature/10106.npy,fake_label/10106.npy
fake_feature/10107.npy,fake_label/10107.npy
fake_feature/10108.npy,fake_label/10108.npy
fake_feature/10109.npy,fake_label/10109.npy
fake_feature/10110.npy,fake_label/10110.npy
fake_feature/10111.npy,fake_label/10111.npy
fake_feature/10112.npy,fake_label/10112.npy
fake_feature/10113.npy,fake_label/10113.npy
fake_feature/10114.npy,fake_label/10114.npy
fake_feature/10115.npy,fake_label/10115.npy
fake_feature/10116.npy,fake_label/10116.npy
fake_feature/10117.npy,fake_label/10117.npy
fake_feature/10118.npy,fake_label/10118.npy
fake_feature/10119.npy,fake_label/10119.npy
fake_feature/10120.npy,fake_label/10120.npy
fake_feature/10121.npy,fake_label/10121.npy
fake_feature/10122.npy,fake_label/10122.npy
fake_feature/10123.npy,fake_label/10123.npy
fake_feature/10124.npy,fake_label/10124.npy
fake_feature/10125.npy,fake_label/10125.npy
fake_feature/10126.npy,fake_label/10126.npy
fake_feature/10127.npy,fake_label/10127.npy
fake_feature/10128.npy,fake_label/10128.npy
fake_feature/10129.npy,fake_label/10129.npy
fake_feature/10130.npy,fake_label/10130.npy
fake_feature/10131.npy,fake_label/10131.npy
fake_feature/10132.npy,fake_label/10132.npy
fake_feature/10133.npy,fake_label/10133.npy
fake_feature/10134.npy,fake_label/10134.npy
fake_feature/10135.npy,fake_label/10135.npy
fake_feature/10136.npy,fake_label/10136.npy
fake_feature/10137.npy,fake_label/10137.npy
fake_feature/10138.npy,fake_label/10138.npy
fake_feature/10139.npy,fake_label/10139.npy
fake_feature/10140.npy,fake_label/10140.npy
fake_feature/10141.npy,fake_label/10141.npy
fake_feature/10142.npy,fake_label/10142.npy
fake_feature/10143.npy,fake_label/10143.npy
fake_feature/10144.npy,fake_label/10144.npy
fake_feature/10145.npy,fake_label/10145.npy
fake_feature/10146.npy,fake_label/10146.npy
fake_feature/10147.npy,fake_label/10147.npy
fake_feature/10148.npy,fake_label/10148.npy
fake_feature/10149.npy,fake_label/10149.npy
fake_feature/10150.npy,fake_label/10150.npy
fake_feature/10151.npy,fake_label/10151.npy
fake_feature/10152.npy,fake_label/10152.npy
fake_feature/10153.npy,fake_label/10153.npy
fake_feature/10154.npy,fake_label/10154.npy
fake_feature/10155.npy,fake_label/10155.npy
fake_feature/10156.npy,fake_label/10156.npy
fake_feature/10157.npy,fake_label/10157.npy
fake_feature/10158.npy,fake_label/10158.npy
fake_feature/10159.npy,fake_label/10159.npy
fake_feature/10160.npy,fake_label/10160.npy
fake_feature/10161.npy,fake_label/10161.npy
fake_feature/10162.npy,fake_label/10162.npy
fake_feature/10163.npy,fake_label/10163.npy
fake_feature/10164.npy,fake_label/10164.npy
fake_feature/10165.npy,fake_label/10165.npy
fake_feature/10166.npy,fake_label/10166.npy
fake_feature/10167.npy,fake_label/10167.npy
fake_feature/10168.npy,fake_label/10168.npy
fake_feature/10169.npy,fake_label/10169.npy
fake_feature/10170.npy,fake_label/10170.npy
fake_feature/10171.npy,fake_label/10171.npy
fake_feature/10172.npy,fake_label/10172.npy
fake_feature/10173.npy,fake_label/10173.npy
fake_feature/10174.npy,fake_label/10174.npy
fake_feature/10175.npy,fake_label/10175.npy
fake_feature/10176.npy,fake_label/10176.npy
fake_feature/10177.npy,fake_label/10177.npy
fake_feature/10178.npy,fake_label/10178.npy
fake_feature/10179.npy,fake_label/10179.npy
fake_feature/10180.npy,fake_label/10180.npy
fake_feature/10181.npy,fake_label/10181.npy
fake_feature/10182.npy,fake_label/10182.npy
fake_feature/10183.npy,fake_label/10183.npy
fake_feature/10184.npy,fake_label/10184.npy
fake_feature/10185.npy,fake_label/10185.npy
fake_feature/10186.npy,fake_label/10186.npy
fake_feature/10187.npy,fake_label/10187.npy
fake_feature/10188.npy,fake_label/10188.npy
fake_feature/10189.npy,fake_label/10189.npy
fake_feature/10190.npy,fake_label/10190.npy
fake_feature/10191.npy,fake_label/10191.npy
fake_feature/10192.npy,fake_label/10192.npy
fake_feature/10193.npy,fake_label/10193.npy
fake_feature/10194.npy,fake_label/10194.npy
fake_feature/10195.npy,fake_label/10195.npy
fake_feature/10196.npy,fake_label/10196.npy
fake_feature/10197.npy,fake_label/10197.npy
fake_feature/10198.npy,fake_label/10198.npy
fake_feature/10199.npy,fake_label/10199.npy
fake_feature/10200.npy,fake_label/10200.npy
fake_feature/10201.npy,fake_label/10201.npy
fake_feature/10202.npy,fake_label/10202.npy
fake_feature/10203.npy,fake_label/10203.npy
fake_feature/10204.npy,fake_label/10204.npy
fake_feature/10205.npy,fake_label/10205.npy
fake_feature/10206.npy,fake_label/10206.npy
fake_feature/10207.npy,fake_label/10207.npy
fake_feature/10208.npy,fake_label/10208.npy
fake_feature/10209.npy,fake_label/10209.npy
fake_feature/10210.npy,fake_label/10210.npy
fake_feature/10211.npy,fake_label/10211.npy
fake_feature/10212.npy,fake_label/10212.npy
fake_feature/10213.npy,fake_label/10213.npy
fake_feature/10214.npy,fake_label/10214.npy
fake_feature/10215.npy,fake_label/10215.npy
fake_feature/10216.npy,fake_label/10216.npy
fake_feature/10217.npy,fake_label/10217.npy
fake_feature/10218.npy,fake_label/10218.npy
fake_feature/10219.npy,fake_label/10219.npy
fake_feature/10220.npy,fake_label/10220.npy
fake_feature/10221.npy,fake_label/10221.npy
fake_feature/10222.npy,fake_label/10222.npy
fake_feature/10223.npy,fake_label/10223.npy
fake_feature/10224.npy,fake_label/10224.npy
fake_feature/10225.npy,fake_label/10225.npy
fake_feature/10226.npy,fake_label/10226.npy
fake_feature/10227.npy,fake_label/10227.npy
fake_feature/10228.npy,fake_label/10228.npy
fake_feature/10229.npy,fake_label/10229.npy
fake_feature/10230.npy,fake_label/10230.npy
fake_feature/10231.npy,fake_label/10231.npy
fake_feature/10232.npy,fake_label/10232.npy
fake_feature/10233.npy,fake_label/10233.npy
fake_feature/10234.npy,fake_label/10234.npy
fake_feature/10235.npy,fake_label/10235.npy
fake_feature/10236.npy,fake_label/10236.npy
fake_feature/10237.npy,fake_label/10237.npy
fake_feature/10238.npy,fake_label/10238.npy
fake_feature/10239.npy,fake_label/10239.npy
fake_feature/10240.npy,fake_label/10240.npy
fake_feature/10241.npy,fake_label/10241.npy
fake_feature/10242.npy,fake_label/10242.npy
fake_feature/10243.npy,fake_label/10243.npy
fake_feature/10244.npy,fake_label/10244.npy
fake_feature/10245.npy,fake_label/10245.npy
fake_feature/10246.npy,fake_label/10246.npy
fake_feature/10247.npy,fake_label/10247.npy
fake_feature/10248.npy,fake_label/10248.npy
fake_feature/10249.npy,fake_label/10249.npy
fake_feature/10250.npy,fake_label/10250.npy
fake_feature/10251.npy,fake_label/10251.npy
fake_feature/10252.npy,fake_label/10252.npy
fake_feature/10253.npy,fake_label/10253.npy
fake_feature/10254.npy,fake_label/10254.npy
fake_feature/10255.npy,fake_label/10255.npy
fake_feature/10256.npy,fake_label/10256.npy
fake_feature/10257.npy,fake_label/10257.npy
fake_feature/10258.npy,fake_label/10258.npy
fake_feature/10259.npy,fake_label/10259.npy
fake_feature/10260.npy,fake_label/10260.npy
fake_feature/10261.npy,fake_label/10261.npy
fake_feature/10262.npy,fake_label/10262.npy
fake_feature/10263.npy,fake_label/10263.npy
fake_feature/10264.npy,fake_label/10264.npy
fake_feature/10265.npy,fake_label/10265.npy
fake_feature/10266.npy,fake_label/10266.npy
fake_feature/10267.npy,fake_label/10267.npy
fake_feature/10268.npy,fake_label/10268.npy
fake_feature/10269.npy,fake_label/10269.npy
fake_feature/10270.npy,fake_label/10270.npy
fake_feature/10271.npy,fake_label/10271.npy
fake_feature/10272.npy,fake_label/10272.npy
fake_feature/10273.npy,fake_label/10273.npy
fake_feature/10274.npy,fake_label/10274.npy
fake_feature/10275.npy,fake_label/10275.npy
fake_feature/10276.npy,fake_label/10276.npy
fake_feature/10277.npy,fake_label/10277.npy
fake_feature/10278.npy,fake_label/10278.npy
fake_feature/10279.npy,fake_label/10279.npy
fake_feature/10280.npy,fake_label/10280.npy
fake_feature/10281.npy,fake_label/10281.npy
fake_feature/10282.npy,fake_label/10282.npy
fake_feature/10283.npy,fake_label/10283.npy
fake_feature/10284.npy,fake_label/10284.npy
fake_feature/10285.npy,fake_label/10285.npy
fake_feature/10286.npy,fake_label/10286.npy
fake_feature/10287.npy,fake_label/10287.npy
fake_feature/10288.npy,fake_label/10288.npy
fake_feature/10289.npy,fake_label/10289.npy
fake_feature/10290.npy,fake_label/10290.npy
fake_feature/10291.npy,fake_label/10291.npy
fake_feature/10292.npy,fake_label/10292.npy
fake_feature/10293.npy,fake_label/10293.npy
fake_feature/10294.npy,fake_label/10294.npy
fake_feature/10295.npy,fake_label/10295.npy
fake_feature/10296.npy,fake_label/10296.npy
fake_feature/10297.npy,fake_label/10297.npy
fake_feature/10298.npy,fake_label/10298.npy
fake_feature/10299.npy,fake_label/10299.npy
fake_feature/10300.npy,fake_label/10300.npy
fake_feature/10301.npy,fake_label/10301.npy
fake_feature/10302.npy,fake_label/10302.npy
fake_feature/10303.npy,fake_label/10303.npy
fake_feature/10304.npy,fake_label/10304.npy
fake_feature/10305.npy,fake_label/10305.npy
fake_feature/10306.npy,fake_label/10306.npy
fake_feature/10307.npy,fake_label/10307.npy
fake_feature/10308.npy,fake_label/10308.npy
fake_feature/10309.npy,fake_label/10309.npy
fake_feature/10310.npy,fake_label/10310.npy
fake_feature/10311.npy,fake_label/10311.npy
fake_feature/10312.npy,fake_label/10312.npy
fake_feature/10313.npy,fake_label/10313.npy
fake_feature/10314.npy,fake_label/10314.npy
fake_feature/10315.npy,fake_label/10315.npy
fake_feature/10316.npy,fake_label/10316.npy
fake_feature/10317.npy,fake_label/10317.npy
fake_feature/10318.npy,fake_label/10318.npy
fake_feature/10319.npy,fake_label/10319.npy
fake_feature/10320.npy,fake_label/10320.npy
fake_feature/10321.npy,fake_label/10321.npy
fake_feature/10322.npy,fake_label/10322.npy
fake_feature/10323.npy,fake_label/10323.npy
fake_feature/10324.npy,fake_label/10324.npy
fake_feature/10325.npy,fake_label/10325.npy
fake_feature/10326.npy,fake_label/10326.npy
fake_feature/10327.npy,fake_label/10327.npy
fake_feature/10328.npy,fake_label/10328.npy
fake_feature/10329.npy,fake_label/10329.npy
fake_feature/10330.npy,fake_label/10330.npy
fake_feature/10331.npy,fake_label/10331.npy
fake_feature/10332.npy,fake_label/10332.npy
fake_feature/10333.npy,fake_label/10333.npy
fake_feature/10334.npy,fake_label/10334.npy
fake_feature/10335.npy,fake_label/10335.npy
fake_feature/10336.npy,fake_label/10336.npy
fake_feature/10337.npy,fake_label/10337.npy
fake_feature/10338.npy,fake_label/10338.npy
fake_feature/10339.npy,fake_label/10339.npy
fake_feature/10340.npy,fake_label/10340.npy
fake_feature/10341.npy,fake_label/10341.npy
fake_feature/10342.npy,fake_label/10342.npy
fake_feature/10343.npy,fake_label/10343.npy
fake_feature/10344.npy,fake_label/10344.npy
fake_feature/10345.npy,fake_label/10345.npy
fake_feature/10346.npy,fake_label/10346.npy
fake_feature/10347.npy,fake_label/10347.npy
fake_feature/10348.npy,fake_label/10348.npy
fake_feature/10349.npy,fake_label/10349.npy
fake_feature/10350.npy,fake_label/10350.npy
fake_feature/10351.npy,fake_label/10351.npy
fake_feature/10352.npy,fake_label/10352.npy
fake_feature/10353.npy,fake_label/10353.npy
fake_feature/10354.npy,fake_label/10354.npy
fake_feature/10355.npy,fake_label/10355.npy
fake_feature/10356.npy,fake_label/10356.npy
fake_feature/10357.npy,fake_label/10357.npy
fake_feature/10358.npy,fake_label/10358.npy
fake_feature/10359.npy,fake_label/10359.npy
fake_feature/10360.npy,fake_label/10360.npy
fake_feature/10361.npy,fake_label/10361.npy
fake_feature/10362.npy,fake_label/10362.npy
fake_feature/10363.npy,fake_label/10363.npy
fake_feature/10364.npy,fake_label/10364.npy
fake_feature/10365.npy,fake_label/10365.npy
fake_feature/10366.npy,fake_label/10366.npy
fake_feature/10367.npy,fake_label/10367.npy
fake_feature/10368.npy,fake_label/10368.npy
fake_feature/10369.npy,fake_label/10369.npy
fake_feature/10370.npy,fake_label/10370.npy
fake_feature/10371.npy,fake_label/10371.npy
fake_feature/10372.npy,fake_label/10372.npy
fake_feature/10373.npy,fake_label/10373.npy
fake_feature/10374.npy,fake_label/10374.npy
fake_feature/10375.npy,fake_label/10375.npy
fake_feature/10376.npy,fake_label/10376.npy
fake_feature/10377.npy,fake_label/10377.npy
fake_feature/10378.npy,fake_label/10378.npy
fake_feature/10379.npy,fake_label/10379.npy
fake_feature/10380.npy,fake_label/10380.npy
fake_feature/10381.npy,fake_label/10381.npy
fake_feature/10382.npy,fake_label/10382.npy
fake_feature/10383.npy,fake_label/10383.npy
fake_feature/10384.npy,fake_label/10384.npy
fake_feature/10385.npy,fake_label/10385.npy
fake_feature/10386.npy,fake_label/10386.npy
fake_feature/10387.npy,fake_label/10387.npy
fake_feature/10388.npy,fake_label/10388.npy
fake_feature/10389.npy,fake_label/10389.npy
fake_feature/10390.npy,fake_label/10390.npy
fake_feature/10391.npy,fake_label/10391.npy
fake_feature/10392.npy,fake_label/10392.npy
fake_feature/10393.npy,fake_label/10393.npy
fake_feature/10394.npy,fake_label/10394.npy
fake_feature/10395.npy,fake_label/10395.npy
fake_feature/10396.npy,fake_label/10396.npy
fake_feature/10397.npy,fake_label/10397.npy
fake_feature/10398.npy,fake_label/10398.npy
fake_feature/10399.npy,fake_label/10399.npy
fake_feature/10400.npy,fake_label/10400.npy
fake_feature/10401.npy,fake_label/10401.npy
fake_feature/10402.npy,fake_label/10402.npy
fake_feature/10403.npy,fake_label/10403.npy
fake_feature/10404.npy,fake_label/10404.npy
fake_feature/10405.npy,fake_label/10405.npy
fake_feature/10406.npy,fake_label/10406.npy
fake_feature/10407.npy,fake_label/10407.npy
fake_feature/10408.npy,fake_label/10408.npy
fake_feature/10409.npy,fake_label/10409.npy
fake_feature/10410.npy,fake_label/10410.npy
fake_feature/10411.npy,fake_label/10411.npy
fake_feature/10412.npy,fake_label/10412.npy
fake_feature/10413.npy,fake_label/10413.npy
fake_feature/10414.npy,fake_label/10414.npy
fake_feature/10415.npy,fake_label/10415.npy
fake_feature/10416.npy,fake_label/10416.npy
fake_feature/10417.npy,fake_label/10417.npy
fake_feature/10418.npy,fake_label/10418.npy
fake_feature/10419.npy,fake_label/10419.npy
fake_feature/10420.npy,fake_label/10420.npy
fake_feature/10421.npy,fake_label/10421.npy
fake_feature/10422.npy,fake_label/10422.npy
fake_feature/10423.npy,fake_label/10423.npy
fake_feature/10424.npy,fake_label/10424.npy
fake_feature/10425.npy,fake_label/10425.npy
fake_feature/10426.npy,fake_label/10426.npy
fake_feature/10427.npy,fake_label/10427.npy
fake_feature/10428.npy,fake_label/10428.npy
fake_feature/10429.npy,fake_label/10429.npy
fake_feature/10430.npy,fake_label/10430.npy
fake_feature/10431.npy,fake_label/10431.npy
fake_feature/10432.npy,fake_label/10432.npy
fake_feature/10433.npy,fake_label/10433.npy
fake_feature/10434.npy,fake_label/10434.npy
fake_feature/10435.npy,fake_label/10435.npy
fake_feature/10436.npy,fake_label/10436.npy
fake_feature/10437.npy,fake_label/10437.npy
fake_feature/10438.npy,fake_label/10438.npy
fake_feature/10439.npy,fake_label/10439.npy
fake_feature/10440.npy,fake_label/10440.npy
fake_feature/10441.npy,fake_label/10441.npy
fake_feature/10442.npy,fake_label/10442.npy
fake_feature/10443.npy,fake_label/10443.npy
fake_feature/10444.npy,fake_label/10444.npy
fake_feature/10445.npy,fake_label/10445.npy
fake_feature/10446.npy,fake_label/10446.npy
fake_feature/10447.npy,fake_label/10447.npy
fake_feature/10448.npy,fake_label/10448.npy
fake_feature/10449.npy,fake_label/10449.npy
fake_feature/10450.npy,fake_label/10450.npy
fake_feature/10451.npy,fake_label/10451.npy
fake_feature/10452.npy,fake_label/10452.npy
fake_feature/10453.npy,fake_label/10453.npy
fake_feature/10454.npy,fake_label/10454.npy
fake_feature/10455.npy,fake_label/10455.npy
fake_feature/10456.npy,fake_label/10456.npy
fake_feature/10457.npy,fake_label/10457.npy
fake_feature/10458.npy,fake_label/10458.npy
fake_feature/10459.npy,fake_label/10459.npy
fake_feature/10460.npy,fake_label/10460.npy
fake_feature/10461.npy,fake_label/10461.npy
fake_feature/10462.npy,fake_label/10462.npy
fake_feature/10463.npy,fake_label/10463.npy
fake_feature/10464.npy,fake_label/10464.npy
fake_feature/10465.npy,fake_label/10465.npy
fake_feature/10466.npy,fake_label/10466.npy
fake_feature/10467.npy,fake_label/10467.npy
fake_feature/10468.npy,fake_label/10468.npy
fake_feature/10469.npy,fake_label/10469.npy
fake_feature/10470.npy,fake_label/10470.npy
fake_feature/10471.npy,fake_label/10471.npy
fake_feature/10472.npy,fake_label/10472.npy
fake_feature/10473.npy,fake_label/10473.npy
fake_feature/10474.npy,fake_label/10474.npy
fake_feature/10475.npy,fake_label/10475.npy
fake_feature/10476.npy,fake_label/10476.npy
fake_feature/10477.npy,fake_label/10477.npy
fake_feature/10478.npy,fake_label/10478.npy
fake_feature/10479.npy,fake_label/10479.npy
fake_feature/10480.npy,fake_label/10480.npy
fake_feature/10481.npy,fake_label/10481.npy
fake_feature/10482.npy,fake_label/10482.npy
fake_feature/10483.npy,fake_label/10483.npy
fake_feature/10484.npy,fake_label/10484.npy
fake_feature/10485.npy,fake_label/10485.npy
fake_feature/10486.npy,fake_label/10486.npy
fake_feature/10487.npy,fake_label/10487.npy
fake_feature/10488.npy,fake_label/10488.npy
fake_feature/10489.npy,fake_label/10489.npy
fake_feature/10490.npy,fake_label/10490.npy
fake_feature/10491.npy,fake_label/10491.npy
fake_feature/10492.npy,fake_label/10492.npy
fake_feature/10493.npy,fake_label/10493.npy
fake_feature/10494.npy,fake_label/10494.npy
fake_feature/10495.npy,fake_label/10495.npy
fake_feature/10496.npy,fake_label/10496.npy
fake_feature/10497.npy,fake_label/10497.npy
fake_feature/10498.npy,fake_label/10498.npy
fake_feature/10499.npy,fake_label/10499.npy
fake_feature/10500.npy,fake_label/10500.npy
fake_feature/10501.npy,fake_label/10501.npy
fake_feature/10502.npy,fake_label/10502.npy
fake_feature/10503.npy,fake_label/10503.npy
fake_feature/10504.npy,fake_label/10504.npy
fake_feature/10505.npy,fake_label/10505.npy
fake_feature/10506.npy,fake_label/10506.npy
fake_feature/10507.npy,fake_label/10507.npy
fake_feature/10508.npy,fake_label/10508.npy
fake_feature/10509.npy,fake_label/10509.npy
fake_feature/10510.npy,fake_label/10510.npy
fake_feature/10511.npy,fake_label/10511.npy
fake_feature/10512.npy,fake_label/10512.npy
fake_feature/10513.npy,fake_label/10513.npy
fake_feature/10514.npy,fake_label/10514.npy
fake_feature/10515.npy,fake_label/10515.npy
fake_feature/10516.npy,fake_label/10516.npy
fake_feature/10517.npy,fake_label/10517.npy
fake_feature/10518.npy,fake_label/10518.npy
fake_feature/10519.npy,fake_label/10519.npy
fake_feature/10520.npy,fake_label/10520.npy
fake_feature/10521.npy,fake_label/10521.npy
fake_feature/10522.npy,fake_label/10522.npy
fake_feature/10523.npy,fake_label/10523.npy
fake_feature/10524.npy,fake_label/10524.npy
fake_feature/10525.npy,fake_label/10525.npy
fake_feature/10526.npy,fake_label/10526.npy
fake_feature/10527.npy,fake_label/10527.npy
fake_feature/10528.npy,fake_label/10528.npy
fake_feature/10529.npy,fake_label/10529.npy
fake_feature/10530.npy,fake_label/10530.npy
fake_feature/10531.npy,fake_label/10531.npy
fake_feature/10532.npy,fake_label/10532.npy
fake_feature/10533.npy,fake_label/10533.npy
fake_feature/10534.npy,fake_label/10534.npy
fake_feature/10535.npy,fake_label/10535.npy
fake_feature/10536.npy,fake_label/10536.npy
fake_feature/10537.npy,fake_label/10537.npy
fake_feature/10538.npy,fake_label/10538.npy
fake_feature/10539.npy,fake_label/10539.npy
fake_feature/10540.npy,fake_label/10540.npy
fake_feature/10541.npy,fake_label/10541.npy
fake_feature/10542.npy,fake_label/10542.npy
fake_feature/10543.npy,fake_label/10543.npy
fake_feature/10544.npy,fake_label/10544.npy
fake_feature/10545.npy,fake_label/10545.npy
fake_feature/10546.npy,fake_label/10546.npy
fake_feature/10547.npy,fake_label/10547.npy
fake_feature/10548.npy,fake_label/10548.npy
fake_feature/10549.npy,fake_label/10549.npy
fake_feature/10550.npy,fake_label/10550.npy
fake_feature/10551.npy,fake_label/10551.npy
fake_feature/10552.npy,fake_label/10552.npy
fake_feature/10553.npy,fake_label/10553.npy
fake_feature/10554.npy,fake_label/10554.npy
fake_feature/10555.npy,fake_label/10555.npy
fake_feature/10556.npy,fake_label/10556.npy
fake_feature/10557.npy,fake_label/10557.npy
fake_feature/10558.npy,fake_label/10558.npy
fake_feature/10559.npy,fake_label/10559.npy
fake_feature/10560.npy,fake_label/10560.npy
fake_feature/10561.npy,fake_label/10561.npy
fake_feature/10562.npy,fake_label/10562.npy
fake_feature/10563.npy,fake_label/10563.npy
fake_feature/10564.npy,fake_label/10564.npy
fake_feature/10565.npy,fake_label/10565.npy
fake_feature/10566.npy,fake_label/10566.npy
fake_feature/10567.npy,fake_label/10567.npy
fake_feature/10568.npy,fake_label/10568.npy
fake_feature/10569.npy,fake_label/10569.npy
fake_feature/10570.npy,fake_label/10570.npy
fake_feature/10571.npy,fake_label/10571.npy
fake_feature/10572.npy,fake_label/10572.npy
fake_feature/10573.npy,fake_label/10573.npy
fake_feature/10574.npy,fake_label/10574.npy
fake_feature/10575.npy,fake_label/10575.npy
fake_feature/10576.npy,fake_label/10576.npy
fake_feature/10577.npy,fake_label/10577.npy
fake_feature/10578.npy,fake_label/10578.npy
fake_feature/10579.npy,fake_label/10579.npy
fake_feature/10580.npy,fake_label/10580.npy
fake_feature/10581.npy,fake_label/10581.npy
fake_feature/10582.npy,fake_label/10582.npy
fake_feature/10583.npy,fake_label/10583.npy
fake_feature/10584.npy,fake_label/10584.npy
fake_feature/10585.npy,fake_label/10585.npy
fake_feature/10586.npy,fake_label/10586.npy
fake_feature/10587.npy,fake_label/10587.npy
fake_feature/10588.npy,fake_label/10588.npy
fake_feature/10589.npy,fake_label/10589.npy
fake_feature/10590.npy,fake_label/10590.npy
fake_feature/10591.npy,fake_label/10591.npy
fake_feature/10592.npy,fake_label/10592.npy
fake_feature/10593.npy,fake_label/10593.npy
fake_feature/10594.npy,fake_label/10594.npy
fake_feature/10595.npy,fake_label/10595.npy
fake_feature/10596.npy,fake_label/10596.npy
fake_feature/10597.npy,fake_label/10597.npy
fake_feature/10598.npy,fake_label/10598.npy
fake_feature/10599.npy,fake_label/10599.npy
fake_feature/10600.npy,fake_label/10600.npy
fake_feature/10601.npy,fake_label/10601.npy
fake_feature/10602.npy,fake_label/10602.npy
fake_feature/10603.npy,fake_label/10603.npy
fake_feature/10604.npy,fake_label/10604.npy
fake_feature/10605.npy,fake_label/10605.npy
fake_feature/10606.npy,fake_label/10606.npy
fake_feature/10607.npy,fake_label/10607.npy
fake_feature/10608.npy,fake_label/10608.npy
fake_feature/10609.npy,fake_label/10609.npy
fake_feature/10610.npy,fake_label/10610.npy
fake_feature/10611.npy,fake_label/10611.npy
fake_feature/10612.npy,fake_label/10612.npy
fake_feature/10613.npy,fake_label/10613.npy
fake_feature/10614.npy,fake_label/10614.npy
fake_feature/10615.npy,fake_label/10615.npy
fake_feature/10616.npy,fake_label/10616.npy
fake_feature/10617.npy,fake_label/10617.npy
fake_feature/10618.npy,fake_label/10618.npy
fake_feature/10619.npy,fake_label/10619.npy
fake_feature/10620.npy,fake_label/10620.npy
fake_feature/10621.npy,fake_label/10621.npy
fake_feature/10622.npy,fake_label/10622.npy
fake_feature/10623.npy,fake_label/10623.npy
fake_feature/10624.npy,fake_label/10624.npy
fake_feature/10625.npy,fake_label/10625.npy
fake_feature/10626.npy,fake_label/10626.npy
fake_feature/10627.npy,fake_label/10627.npy
fake_feature/10628.npy,fake_label/10628.npy
fake_feature/10629.npy,fake_label/10629.npy
fake_feature/10630.npy,fake_label/10630.npy
fake_feature/10631.npy,fake_label/10631.npy
fake_feature/10632.npy,fake_label/10632.npy
fake_feature/10633.npy,fake_label/10633.npy
fake_feature/10634.npy,fake_label/10634.npy
fake_feature/10635.npy,fake_label/10635.npy
fake_feature/10636.npy,fake_label/10636.npy
fake_feature/10637.npy,fake_label/10637.npy
fake_feature/10638.npy,fake_label/10638.npy
fake_feature/10639.npy,fake_label/10639.npy
fake_feature/10640.npy,fake_label/10640.npy
fake_feature/10641.npy,fake_label/10641.npy
fake_feature/10642.npy,fake_label/10642.npy
fake_feature/10643.npy,fake_label/10643.npy
fake_feature/10644.npy,fake_label/10644.npy
fake_feature/10645.npy,fake_label/10645.npy
fake_feature/10646.npy,fake_label/10646.npy
fake_feature/10647.npy,fake_label/10647.npy
fake_feature/10648.npy,fake_label/10648.npy
fake_feature/10649.npy,fake_label/10649.npy
fake_feature/10650.npy,fake_label/10650.npy
fake_feature/10651.npy,fake_label/10651.npy
fake_feature/10652.npy,fake_label/10652.npy
fake_feature/10653.npy,fake_label/10653.npy
fake_feature/10654.npy,fake_label/10654.npy
fake_feature/10655.npy,fake_label/10655.npy
fake_feature/10656.npy,fake_label/10656.npy
fake_feature/10657.npy,fake_label/10657.npy
fake_feature/10658.npy,fake_label/10658.npy
fake_feature/10659.npy,fake_label/10659.npy
fake_feature/10660.npy,fake_label/10660.npy
fake_feature/10661.npy,fake_label/10661.npy
fake_feature/10662.npy,fake_label/10662.npy
fake_feature/10663.npy,fake_label/10663.npy
fake_feature/10664.npy,fake_label/10664.npy
fake_feature/10665.npy,fake_label/10665.npy
fake_feature/10666.npy,fake_label/10666.npy
fake_feature/10667.npy,fake_label/10667.npy
fake_feature/10668.npy,fake_label/10668.npy
fake_feature/10669.npy,fake_label/10669.npy
fake_feature/10670.npy,fake_label/10670.npy
fake_feature/10671.npy,fake_label/10671.npy
fake_feature/10672.npy,fake_label/10672.npy
fake_feature/10673.npy,fake_label/10673.npy
fake_feature/10674.npy,fake_label/10674.npy
fake_feature/10675.npy,fake_label/10675.npy
fake_feature/10676.npy,fake_label/10676.npy
fake_feature/10677.npy,fake_label/10677.npy
fake_feature/10678.npy,fake_label/10678.npy
fake_feature/10679.npy,fake_label/10679.npy
fake_feature/10680.npy,fake_label/10680.npy
fake_feature/10681.npy,fake_label/10681.npy
fake_feature/10682.npy,fake_label/10682.npy
fake_feature/10683.npy,fake_label/10683.npy
fake_feature/10684.npy,fake_label/10684.npy
fake_feature/10685.npy,fake_label/10685.npy
fake_feature/10686.npy,fake_label/10686.npy
fake_feature/10687.npy,fake_label/10687.npy
fake_feature/10688.npy,fake_label/10688.npy
fake_feature/10689.npy,fake_label/10689.npy
fake_feature/10690.npy,fake_label/10690.npy
fake_feature/10691.npy,fake_label/10691.npy
fake_feature/10692.npy,fake_label/10692.npy
fake_feature/10693.npy,fake_label/10693.npy
fake_feature/10694.npy,fake_label/10694.npy
fake_feature/10695.npy,fake_label/10695.npy
fake_feature/10696.npy,fake_label/10696.npy
fake_feature/10697.npy,fake_label/10697.npy
fake_feature/10698.npy,fake_label/10698.npy
fake_feature/10699.npy,fake_label/10699.npy
fake_feature/10700.npy,fake_label/10700.npy
fake_feature/10701.npy,fake_label/10701.npy
fake_feature/10702.npy,fake_label/10702.npy
fake_feature/10703.npy,fake_label/10703.npy
fake_feature/10704.npy,fake_label/10704.npy
fake_feature/10705.npy,fake_label/10705.npy
fake_feature/10706.npy,fake_label/10706.npy
fake_feature/10707.npy,fake_label/10707.npy
fake_feature/10708.npy,fake_label/10708.npy
fake_feature/10709.npy,fake_label/10709.npy
fake_feature/10710.npy,fake_label/10710.npy
fake_feature/10711.npy,fake_label/10711.npy
fake_feature/10712.npy,fake_label/10712.npy
fake_feature/10713.npy,fake_label/10713.npy
fake_feature/10714.npy,fake_label/10714.npy
fake_feature/10715.npy,fake_label/10715.npy
fake_feature/10716.npy,fake_label/10716.npy
fake_feature/10717.npy,fake_label/10717.npy
fake_feature/10718.npy,fake_label/10718.npy
fake_feature/10719.npy,fake_label/10719.npy
fake_feature/10720.npy,fake_label/10720.npy
fake_feature/10721.npy,fake_label/10721.npy
fake_feature/10722.npy,fake_label/10722.npy
fake_feature/10723.npy,fake_label/10723.npy
fake_feature/10724.npy,fake_label/10724.npy
fake_feature/10725.npy,fake_label/10725.npy
fake_feature/10726.npy,fake_label/10726.npy
fake_feature/10727.npy,fake_label/10727.npy
fake_feature/10728.npy,fake_label/10728.npy
fake_feature/10729.npy,fake_label/10729.npy
fake_feature/10730.npy,fake_label/10730.npy
fake_feature/10731.npy,fake_label/10731.npy
fake_feature/10732.npy,fake_label/10732.npy
fake_feature/10733.npy,fake_label/10733.npy
fake_feature/10734.npy,fake_label/10734.npy
fake_feature/10735.npy,fake_label/10735.npy
fake_feature/10736.npy,fake_label/10736.npy
fake_feature/10737.npy,fake_label/10737.npy
fake_feature/10738.npy,fake_label/10738.npy
fake_feature/10739.npy,fake_label/10739.npy
fake_feature/10740.npy,fake_label/10740.npy
fake_feature/10741.npy,fake_label/10741.npy
fake_feature/10742.npy,fake_label/10742.npy
fake_feature/10743.npy,fake_label/10743.npy
fake_feature/10744.npy,fake_label/10744.npy
fake_feature/10745.npy,fake_label/10745.npy
fake_feature/10746.npy,fake_label/10746.npy
fake_feature/10747.npy,fake_label/10747.npy
fake_feature/10748.npy,fake_label/10748.npy
fake_feature/10749.npy,fake_label/10749.npy
fake_feature/10750.npy,fake_label/10750.npy
fake_feature/10751.npy,fake_label/10751.npy
fake_feature/10752.npy,fake_label/10752.npy
fake_feature/10753.npy,fake_label/10753.npy
fake_feature/10754.npy,fake_label/10754.npy
fake_feature/10755.npy,fake_label/10755.npy
fake_feature/10756.npy,fake_label/10756.npy
fake_feature/10757.npy,fake_label/10757.npy
fake_feature/10758.npy,fake_label/10758.npy
fake_feature/10759.npy,fake_label/10759.npy
fake_feature/10760.npy,fake_label/10760.npy
fake_feature/10761.npy,fake_label/10761.npy
fake_feature/10762.npy,fake_label/10762.npy
fake_feature/10763.npy,fake_label/10763.npy
fake_feature/10764.npy,fake_label/10764.npy
fake_feature/10765.npy,fake_label/10765.npy
fake_feature/10766.npy,fake_label/10766.npy
fake_feature/10767.npy,fake_label/10767.npy
fake_feature/10768.npy,fake_label/10768.npy
fake_feature/10769.npy,fake_label/10769.npy
fake_feature/10770.npy,fake_label/10770.npy
fake_feature/10771.npy,fake_label/10771.npy
fake_feature/10772.npy,fake_label/10772.npy
fake_feature/10773.npy,fake_label/10773.npy
fake_feature/10774.npy,fake_label/10774.npy
fake_feature/10775.npy,fake_label/10775.npy
fake_feature/10776.npy,fake_label/10776.npy
fake_feature/10777.npy,fake_label/10777.npy
fake_feature/10778.npy,fake_label/10778.npy
fake_feature/10779.npy,fake_label/10779.npy
fake_feature/10780.npy,fake_label/10780.npy
fake_feature/10781.npy,fake_label/10781.npy
fake_feature/10782.npy,fake_label/10782.npy
fake_feature/10783.npy,fake_label/10783.npy
fake_feature/10784.npy,fake_label/10784.npy
fake_feature/10785.npy,fake_label/10785.npy
fake_feature/10786.npy,fake_label/10786.npy
fake_feature/10787.npy,fake_label/10787.npy
fake_feature/10788.npy,fake_label/10788.npy
fake_feature/10789.npy,fake_label/10789.npy
fake_feature/10790.npy,fake_label/10790.npy
fake_feature/10791.npy,fake_label/10791.npy
fake_feature/10792.npy,fake_label/10792.npy
fake_feature/10793.npy,fake_label/10793.npy
fake_feature/10794.npy,fake_label/10794.npy
fake_feature/10795.npy,fake_label/10795.npy
fake_feature/10796.npy,fake_label/10796.npy
fake_feature/10797.npy,fake_label/10797.npy
fake_feature/10798.npy,fake_label/10798.npy
fake_feature/10799.npy,fake_label/10799.npy
fake_feature/10800.npy,fake_label/10800.npy
fake_feature/10801.npy,fake_label/10801.npy
fake_feature/10802.npy,fake_label/10802.npy
fake_feature/10803.npy,fake_label/10803.npy
fake_feature/10804.npy,fake_label/10804.npy
fake_feature/10805.npy,fake_label/10805.npy
fake_feature/10806.npy,fake_label/10806.npy
fake_feature/10807.npy,fake_label/10807.npy
fake_feature/10808.npy,fake_label/10808.npy
fake_feature/10809.npy,fake_label/10809.npy
fake_feature/10810.npy,fake_label/10810.npy
fake_feature/10811.npy,fake_label/10811.npy
fake_feature/10812.npy,fake_label/10812.npy
fake_feature/10813.npy,fake_label/10813.npy
fake_feature/10814.npy,fake_label/10814.npy
fake_feature/10815.npy,fake_label/10815.npy
fake_feature/10816.npy,fake_label/10816.npy
fake_feature/10817.npy,fake_label/10817.npy
fake_feature/10818.npy,fake_label/10818.npy
fake_feature/10819.npy,fake_label/10819.npy
fake_feature/10820.npy,fake_label/10820.npy
fake_feature/10821.npy,fake_label/10821.npy
fake_feature/10822.npy,fake_label/10822.npy
fake_feature/10823.npy,fake_label/10823.npy
fake_feature/10824.npy,fake_label/10824.npy
fake_feature/10825.npy,fake_label/10825.npy
fake_feature/10826.npy,fake_label/10826.npy
fake_feature/10827.npy,fake_label/10827.npy
fake_feature/10828.npy,fake_label/10828.npy
fake_feature/10829.npy,fake_label/10829.npy
fake_feature/10830.npy,fake_label/10830.npy
fake_feature/10831.npy,fake_label/10831.npy
fake_feature/10832.npy,fake_label/10832.npy
fake_feature/10833.npy,fake_label/10833.npy
fake_feature/10834.npy,fake_label/10834.npy
fake_feature/10835.npy,fake_label/10835.npy
fake_feature/10836.npy,fake_label/10836.npy
fake_feature/10837.npy,fake_label/10837.npy
fake_feature/10838.npy,fake_label/10838.npy
fake_feature/10839.npy,fake_label/10839.npy
fake_feature/10840.npy,fake_label/10840.npy
fake_feature/10841.npy,fake_label/10841.npy
fake_feature/10842.npy,fake_label/10842.npy
fake_feature/10843.npy,fake_label/10843.npy
fake_feature/10844.npy,fake_label/10844.npy
fake_feature/10845.npy,fake_label/10845.npy
fake_feature/10846.npy,fake_label/10846.npy
fake_feature/10847.npy,fake_label/10847.npy
fake_feature/10848.npy,fake_label/10848.npy
fake_feature/10849.npy,fake_label/10849.npy
fake_feature/10850.npy,fake_label/10850.npy
fake_feature/10851.npy,fake_label/10851.npy
fake_feature/10852.npy,fake_label/10852.npy
fake_feature/10853.npy,fake_label/10853.npy
fake_feature/10854.npy,fake_label/10854.npy
fake_feature/10855.npy,fake_label/10855.npy
fake_feature/10856.npy,fake_label/10856.npy
fake_feature/10857.npy,fake_label/10857.npy
fake_feature/10858.npy,fake_label/10858.npy
fake_feature/10859.npy,fake_label/10859.npy
fake_feature/10860.npy,fake_label/10860.npy
fake_feature/10861.npy,fake_label/10861.npy
fake_feature/10862.npy,fake_label/10862.npy
fake_feature/10863.npy,fake_label/10863.npy
fake_feature/10864.npy,fake_label/10864.npy
fake_feature/10865.npy,fake_label/10865.npy
fake_feature/10866.npy,fake_label/10866.npy
fake_feature/10867.npy,fake_label/10867.npy
fake_feature/10868.npy,fake_label/10868.npy
fake_feature/10869.npy,fake_label/10869.npy
fake_feature/10870.npy,fake_label/10870.npy
fake_feature/10871.npy,fake_label/10871.npy
fake_feature/10872.npy,fake_label/10872.npy
fake_feature/10873.npy,fake_label/10873.npy
fake_feature/10874.npy,fake_label/10874.npy
fake_feature/10875.npy,fake_label/10875.npy
fake_feature/10876.npy,fake_label/10876.npy
fake_feature/10877.npy,fake_label/10877.npy
fake_feature/10878.npy,fake_label/10878.npy
fake_feature/10879.npy,fake_label/10879.npy
fake_feature/10880.npy,fake_label/10880.npy
fake_feature/10881.npy,fake_label/10881.npy
fake_feature/10882.npy,fake_label/10882.npy
fake_feature/10883.npy,fake_label/10883.npy
fake_feature/10884.npy,fake_label/10884.npy
fake_feature/10885.npy,fake_label/10885.npy
fake_feature/10886.npy,fake_label/10886.npy
fake_feature/10887.npy,fake_label/10887.npy
fake_feature/10888.npy,fake_label/10888.npy
fake_feature/10889.npy,fake_label/10889.npy
fake_feature/10890.npy,fake_label/10890.npy
fake_feature/10891.npy,fake_label/10891.npy
fake_feature/10892.npy,fake_label/10892.npy
fake_feature/10893.npy,fake_label/10893.npy
fake_feature/10894.npy,fake_label/10894.npy
fake_feature/10895.npy,fake_label/10895.npy
fake_feature/10896.npy,fake_label/10896.npy
fake_feature/10897.npy,fake_label/10897.npy
fake_feature/10898.npy,fake_label/10898.npy
fake_feature/10899.npy,fake_label/10899.npy
fake_feature/10900.npy,fake_label/10900.npy
fake_feature/10901.npy,fake_label/10901.npy
fake_feature/10902.npy,fake_label/10902.npy
fake_feature/10903.npy,fake_label/10903.npy
fake_feature/10904.npy,fake_label/10904.npy
fake_feature/10905.npy,fake_label/10905.npy
fake_feature/10906.npy,fake_label/10906.npy
fake_feature/10907.npy,fake_label/10907.npy
fake_feature/10908.npy,fake_label/10908.npy
fake_feature/10909.npy,fake_label/10909.npy
fake_feature/10910.npy,fake_label/10910.npy
fake_feature/10911.npy,fake_label/10911.npy
fake_feature/10912.npy,fake_label/10912.npy
fake_feature/10913.npy,fake_label/10913.npy
fake_feature/10914.npy,fake_label/10914.npy
fake_feature/10915.npy,fake_label/10915.npy
fake_feature/10916.npy,fake_label/10916.npy
fake_feature/10917.npy,fake_label/10917.npy
fake_feature/10918.npy,fake_label/10918.npy
fake_feature/10919.npy,fake_label/10919.npy
fake_feature/10920.npy,fake_label/10920.npy
fake_feature/10921.npy,fake_label/10921.npy
fake_feature/10922.npy,fake_label/10922.npy
fake_feature/10923.npy,fake_label/10923.npy
fake_feature/10924.npy,fake_label/10924.npy
fake_feature/10925.npy,fake_label/10925.npy
fake_feature/10926.npy,fake_label/10926.npy
fake_feature/10927.npy,fake_label/10927.npy
fake_feature/10928.npy,fake_label/10928.npy
fake_feature/10929.npy,fake_label/10929.npy
fake_feature/10930.npy,fake_label/10930.npy
fake_feature/10931.npy,fake_label/10931.npy
fake_feature/10932.npy,fake_label/10932.npy
fake_feature/10933.npy,fake_label/10933.npy
fake_feature/10934.npy,fake_label/10934.npy
fake_feature/10935.npy,fake_label/10935.npy
fake_feature/10936.npy,fake_label/10936.npy
fake_feature/10937.npy,fake_label/10937.npy
fake_feature/10938.npy,fake_label/10938.npy
fake_feature/10939.npy,fake_label/10939.npy
fake_feature/10940.npy,fake_label/10940.npy
fake_feature/10941.npy,fake_label/10941.npy
fake_feature/10942.npy,fake_label/10942.npy
fake_feature/10943.npy,fake_label/10943.npy
fake_feature/10944.npy,fake_label/10944.npy
fake_feature/10945.npy,fake_label/10945.npy
fake_feature/10946.npy,fake_label/10946.npy
fake_feature/10947.npy,fake_label/10947.npy
fake_feature/10948.npy,fake_label/10948.npy
fake_feature/10949.npy,fake_label/10949.npy
fake_feature/10950.npy,fake_label/10950.npy
fake_feature/10951.npy,fake_label/10951.npy
fake_feature/10952.npy,fake_label/10952.npy
fake_feature/10953.npy,fake_label/10953.npy
fake_feature/10954.npy,fake_label/10954.npy
fake_feature/10955.npy,fake_label/10955.npy
fake_feature/10956.npy,fake_label/10956.npy
fake_feature/10957.npy,fake_label/10957.npy
fake_feature/10958.npy,fake_label/10958.npy
fake_feature/10959.npy,fake_label/10959.npy
fake_feature/10960.npy,fake_label/10960.npy
fake_feature/10961.npy,fake_label/10961.npy
fake_feature/10962.npy,fake_label/10962.npy
fake_feature/10963.npy,fake_label/10963.npy
fake_feature/10964.npy,fake_label/10964.npy
fake_feature/10965.npy,fake_label/10965.npy
fake_feature/10966.npy,fake_label/10966.npy
fake_feature/10967.npy,fake_label/10967.npy
fake_feature/10968.npy,fake_label/10968.npy
fake_feature/10969.npy,fake_label/10969.npy
fake_feature/10970.npy,fake_label/10970.npy
fake_feature/10971.npy,fake_label/10971.npy
fake_feature/10972.npy,fake_label/10972.npy
fake_feature/10973.npy,fake_label/10973.npy
fake_feature/10974.npy,fake_label/10974.npy
fake_feature/10975.npy,fake_label/10975.npy
fake_feature/10976.npy,fake_label/10976.npy
fake_feature/10977.npy,fake_label/10977.npy
fake_feature/10978.npy,fake_label/10978.npy
fake_feature/10979.npy,fake_label/10979.npy
fake_feature/10980.npy,fake_label/10980.npy
fake_feature/10981.npy,fake_label/10981.npy
fake_feature/10982.npy,fake_label/10982.npy
fake_feature/10983.npy,fake_label/10983.npy
fake_feature/10984.npy,fake_label/10984.npy
fake_feature/10985.npy,fake_label/10985.npy
fake_feature/10986.npy,fake_label/10986.npy
fake_feature/10987.npy,fake_label/10987.npy
fake_feature/10988.npy,fake_label/10988.npy
fake_feature/10989.npy,fake_label/10989.npy
fake_feature/10990.npy,fake_label/10990.npy
fake_feature/10991.npy,fake_label/10991.npy
fake_feature/10992.npy,fake_label/10992.npy
fake_feature/10993.npy,fake_label/10993.npy
fake_feature/10994.npy,fake_label/10994.npy
fake_feature/10995.npy,fake_label/10995.npy
fake_feature/10996.npy,fake_label/10996.npy
fake_feature/10997.npy,fake_label/10997.npy
fake_feature/10998.npy,fake_label/10998.npy
fake_feature/10999.npy,fake_label/10999.npy
fake_feature/11000.npy,fake_label/11000.npy
fake_feature/11001.npy,fake_label/11001.npy
fake_feature/11002.npy,fake_label/11002.npy
fake_feature/11003.npy,fake_label/11003.npy
fake_feature/11004.npy,fake_label/11004.npy
fake_feature/11005.npy,fake_label/11005.npy
fake_feature/11006.npy,fake_label/11006.npy
fake_feature/11007.npy,fake_label/11007.npy
fake_feature/11008.npy,fake_label/11008.npy
fake_feature/11009.npy,fake_label/11009.npy
fake_feature/11010.npy,fake_label/11010.npy
fake_feature/11011.npy,fake_label/11011.npy
fake_feature/11012.npy,fake_label/11012.npy
fake_feature/11013.npy,fake_label/11013.npy
fake_feature/11014.npy,fake_label/11014.npy
fake_feature/11015.npy,fake_label/11015.npy
fake_feature/11016.npy,fake_label/11016.npy
fake_feature/11017.npy,fake_label/11017.npy
fake_feature/11018.npy,fake_label/11018.npy
fake_feature/11019.npy,fake_label/11019.npy
fake_feature/11020.npy,fake_label/11020.npy
fake_feature/11021.npy,fake_label/11021.npy
fake_feature/11022.npy,fake_label/11022.npy
fake_feature/11023.npy,fake_label/11023.npy
fake_feature/11024.npy,fake_label/11024.npy
fake_feature/11025.npy,fake_label/11025.npy
fake_feature/11026.npy,fake_label/11026.npy
fake_feature/11027.npy,fake_label/11027.npy
fake_feature/11028.npy,fake_label/11028.npy
fake_feature/11029.npy,fake_label/11029.npy
fake_feature/11030.npy,fake_label/11030.npy
fake_feature/11031.npy,fake_label/11031.npy
fake_feature/11032.npy,fake_label/11032.npy
fake_feature/11033.npy,fake_label/11033.npy
fake_feature/11034.npy,fake_label/11034.npy
fake_feature/11035.npy,fake_label/11035.npy
fake_feature/11036.npy,fake_label/11036.npy
fake_feature/11037.npy,fake_label/11037.npy
fake_feature/11038.npy,fake_label/11038.npy
fake_feature/11039.npy,fake_label/11039.npy
fake_feature/11040.npy,fake_label/11040.npy
fake_feature/11041.npy,fake_label/11041.npy
fake_feature/11042.npy,fake_label/11042.npy
fake_feature/11043.npy,fake_label/11043.npy
fake_feature/11044.npy,fake_label/11044.npy
fake_feature/11045.npy,fake_label/11045.npy
fake_feature/11046.npy,fake_label/11046.npy
fake_feature/11047.npy,fake_label/11047.npy
fake_feature/11048.npy,fake_label/11048.npy
fake_feature/11049.npy,fake_label/11049.npy
fake_feature/11050.npy,fake_label/11050.npy
fake_feature/11051.npy,fake_label/11051.npy
fake_feature/11052.npy,fake_label/11052.npy
fake_feature/11053.npy,fake_label/11053.npy
fake_feature/11054.npy,fake_label/11054.npy
fake_feature/11055.npy,fake_label/11055.npy
fake_feature/11056.npy,fake_label/11056.npy
fake_feature/11057.npy,fake_label/11057.npy
fake_feature/11058.npy,fake_label/11058.npy
fake_feature/11059.npy,fake_label/11059.npy
fake_feature/11060.npy,fake_label/11060.npy
fake_feature/11061.npy,fake_label/11061.npy
fake_feature/11062.npy,fake_label/11062.npy
fake_feature/11063.npy,fake_label/11063.npy
fake_feature/11064.npy,fake_label/11064.npy
fake_feature/11065.npy,fake_label/11065.npy
fake_feature/11066.npy,fake_label/11066.npy
fake_feature/11067.npy,fake_label/11067.npy
fake_feature/11068.npy,fake_label/11068.npy
fake_feature/11069.npy,fake_label/11069.npy
fake_feature/11070.npy,fake_label/11070.npy
fake_feature/11071.npy,fake_label/11071.npy
fake_feature/11072.npy,fake_label/11072.npy
fake_feature/11073.npy,fake_label/11073.npy
fake_feature/11074.npy,fake_label/11074.npy
fake_feature/11075.npy,fake_label/11075.npy
fake_feature/11076.npy,fake_label/11076.npy
fake_feature/11077.npy,fake_label/11077.npy
fake_feature/11078.npy,fake_label/11078.npy
fake_feature/11079.npy,fake_label/11079.npy
fake_feature/11080.npy,fake_label/11080.npy
fake_feature/11081.npy,fake_label/11081.npy
fake_feature/11082.npy,fake_label/11082.npy
fake_feature/11083.npy,fake_label/11083.npy
fake_feature/11084.npy,fake_label/11084.npy
fake_feature/11085.npy,fake_label/11085.npy
fake_feature/11086.npy,fake_label/11086.npy
fake_feature/11087.npy,fake_label/11087.npy
fake_feature/11088.npy,fake_label/11088.npy
fake_feature/11089.npy,fake_label/11089.npy
fake_feature/11090.npy,fake_label/11090.npy
fake_feature/11091.npy,fake_label/11091.npy
fake_feature/11092.npy,fake_label/11092.npy
fake_feature/11093.npy,fake_label/11093.npy
fake_feature/11094.npy,fake_label/11094.npy
fake_feature/11095.npy,fake_label/11095.npy
fake_feature/11096.npy,fake_label/11096.npy
fake_feature/11097.npy,fake_label/11097.npy
fake_feature/11098.npy,fake_label/11098.npy
fake_feature/11099.npy,fake_label/11099.npy
fake_feature/11100.npy,fake_label/11100.npy
fake_feature/11101.npy,fake_label/11101.npy
fake_feature/11102.npy,fake_label/11102.npy
fake_feature/11103.npy,fake_label/11103.npy
fake_feature/11104.npy,fake_label/11104.npy
fake_feature/11105.npy,fake_label/11105.npy
fake_feature/11106.npy,fake_label/11106.npy
fake_feature/11107.npy,fake_label/11107.npy
fake_feature/11108.npy,fake_label/11108.npy
fake_feature/11109.npy,fake_label/11109.npy
fake_feature/11110.npy,fake_label/11110.npy
fake_feature/11111.npy,fake_label/11111.npy
fake_feature/11112.npy,fake_label/11112.npy
fake_feature/11113.npy,fake_label/11113.npy
fake_feature/11114.npy,fake_label/11114.npy
fake_feature/11115.npy,fake_label/11115.npy
fake_feature/11116.npy,fake_label/11116.npy
fake_feature/11117.npy,fake_label/11117.npy
fake_feature/11118.npy,fake_label/11118.npy
fake_feature/11119.npy,fake_label/11119.npy
fake_feature/11120.npy,fake_label/11120.npy
fake_feature/11121.npy,fake_label/11121.npy
fake_feature/11122.npy,fake_label/11122.npy
fake_feature/11123.npy,fake_label/11123.npy
fake_feature/11124.npy,fake_label/11124.npy
fake_feature/11125.npy,fake_label/11125.npy
fake_feature/11126.npy,fake_label/11126.npy
fake_feature/11127.npy,fake_label/11127.npy
fake_feature/11128.npy,fake_label/11128.npy
fake_feature/11129.npy,fake_label/11129.npy
fake_feature/11130.npy,fake_label/11130.npy
fake_feature/11131.npy,fake_label/11131.npy
fake_feature/11132.npy,fake_label/11132.npy
fake_feature/11133.npy,fake_label/11133.npy
fake_feature/11134.npy,fake_label/11134.npy
fake_feature/11135.npy,fake_label/11135.npy
fake_feature/11136.npy,fake_label/11136.npy
fake_feature/11137.npy,fake_label/11137.npy
fake_feature/11138.npy,fake_label/11138.npy
fake_feature/11139.npy,fake_label/11139.npy
fake_feature/11140.npy,fake_label/11140.npy
fake_feature/11141.npy,fake_label/11141.npy
fake_feature/11142.npy,fake_label/11142.npy
fake_feature/11143.npy,fake_label/11143.npy
fake_feature/11144.npy,fake_label/11144.npy
fake_feature/11145.npy,fake_label/11145.npy
fake_feature/11146.npy,fake_label/11146.npy
fake_feature/11147.npy,fake_label/11147.npy
fake_feature/11148.npy,fake_label/11148.npy
fake_feature/11149.npy,fake_label/11149.npy
fake_feature/11150.npy,fake_label/11150.npy
fake_feature/11151.npy,fake_label/11151.npy
fake_feature/11152.npy,fake_label/11152.npy
fake_feature/11153.npy,fake_label/11153.npy
fake_feature/11154.npy,fake_label/11154.npy
fake_feature/11155.npy,fake_label/11155.npy
fake_feature/11156.npy,fake_label/11156.npy
fake_feature/11157.npy,fake_label/11157.npy
fake_feature/11158.npy,fake_label/11158.npy
fake_feature/11159.npy,fake_label/11159.npy
fake_feature/11160.npy,fake_label/11160.npy
fake_feature/11161.npy,fake_label/11161.npy
fake_feature/11162.npy,fake_label/11162.npy
fake_feature/11163.npy,fake_label/11163.npy
fake_feature/11164.npy,fake_label/11164.npy
fake_feature/11165.npy,fake_label/11165.npy
fake_feature/11166.npy,fake_label/11166.npy
fake_feature/11167.npy,fake_label/11167.npy
fake_feature/11168.npy,fake_label/11168.npy
fake_feature/11169.npy,fake_label/11169.npy
fake_feature/11170.npy,fake_label/11170.npy
fake_feature/11171.npy,fake_label/11171.npy
fake_feature/11172.npy,fake_label/11172.npy
fake_feature/11173.npy,fake_label/11173.npy
fake_feature/11174.npy,fake_label/11174.npy
fake_feature/11175.npy,fake_label/11175.npy
fake_feature/11176.npy,fake_label/11176.npy
fake_feature/11177.npy,fake_label/11177.npy
fake_feature/11178.npy,fake_label/11178.npy
fake_feature/11179.npy,fake_label/11179.npy
fake_feature/11180.npy,fake_label/11180.npy
fake_feature/11181.npy,fake_label/11181.npy
fake_feature/11182.npy,fake_label/11182.npy
fake_feature/11183.npy,fake_label/11183.npy
fake_feature/11184.npy,fake_label/11184.npy
fake_feature/11185.npy,fake_label/11185.npy
fake_feature/11186.npy,fake_label/11186.npy
fake_feature/11187.npy,fake_label/11187.npy
fake_feature/11188.npy,fake_label/11188.npy
fake_feature/11189.npy,fake_label/11189.npy
fake_feature/11190.npy,fake_label/11190.npy
fake_feature/11191.npy,fake_label/11191.npy
fake_feature/11192.npy,fake_label/11192.npy
fake_feature/11193.npy,fake_label/11193.npy
fake_feature/11194.npy,fake_label/11194.npy
fake_feature/11195.npy,fake_label/11195.npy
fake_feature/11196.npy,fake_label/11196.npy
fake_feature/11197.npy,fake_label/11197.npy
fake_feature/11198.npy,fake_label/11198.npy
fake_feature/11199.npy,fake_label/11199.npy
fake_feature/11200.npy,fake_label/11200.npy
fake_feature/11201.npy,fake_label/11201.npy
fake_feature/11202.npy,fake_label/11202.npy
fake_feature/11203.npy,fake_label/11203.npy
fake_feature/11204.npy,fake_label/11204.npy
fake_feature/11205.npy,fake_label/11205.npy
fake_feature/11206.npy,fake_label/11206.npy
fake_feature/11207.npy,fake_label/11207.npy
fake_feature/11208.npy,fake_label/11208.npy
fake_feature/11209.npy,fake_label/11209.npy
fake_feature/11210.npy,fake_label/11210.npy
fake_feature/11211.npy,fake_label/11211.npy
fake_feature/11212.npy,fake_label/11212.npy
fake_feature/11213.npy,fake_label/11213.npy
fake_feature/11214.npy,fake_label/11214.npy
fake_feature/11215.npy,fake_label/11215.npy
fake_feature/11216.npy,fake_label/11216.npy
fake_feature/11217.npy,fake_label/11217.npy
fake_feature/11218.npy,fake_label/11218.npy
fake_feature/11219.npy,fake_label/11219.npy
fake_feature/11220.npy,fake_label/11220.npy
fake_feature/11221.npy,fake_label/11221.npy
fake_feature/11222.npy,fake_label/11222.npy
fake_feature/11223.npy,fake_label/11223.npy
fake_feature/11224.npy,fake_label/11224.npy
fake_feature/11225.npy,fake_label/11225.npy
fake_feature/11226.npy,fake_label/11226.npy
fake_feature/11227.npy,fake_label/11227.npy
fake_feature/11228.npy,fake_label/11228.npy
fake_feature/11229.npy,fake_label/11229.npy
fake_feature/11230.npy,fake_label/11230.npy
fake_feature/11231.npy,fake_label/11231.npy
fake_feature/11232.npy,fake_label/11232.npy
fake_feature/11233.npy,fake_label/11233.npy
fake_feature/11234.npy,fake_label/11234.npy
fake_feature/11235.npy,fake_label/11235.npy
fake_feature/11236.npy,fake_label/11236.npy
fake_feature/11237.npy,fake_label/11237.npy
fake_feature/11238.npy,fake_label/11238.npy
fake_feature/11239.npy,fake_label/11239.npy
fake_feature/11240.npy,fake_label/11240.npy
fake_feature/11241.npy,fake_label/11241.npy
fake_feature/11242.npy,fake_label/11242.npy
fake_feature/11243.npy,fake_label/11243.npy
fake_feature/11244.npy,fake_label/11244.npy
fake_feature/11245.npy,fake_label/11245.npy
fake_feature/11246.npy,fake_label/11246.npy
fake_feature/11247.npy,fake_label/11247.npy
fake_feature/11248.npy,fake_label/11248.npy
fake_feature/11249.npy,fake_label/11249.npy
fake_feature/11250.npy,fake_label/11250.npy
fake_feature/11251.npy,fake_label/11251.npy
fake_feature/11252.npy,fake_label/11252.npy
fake_feature/11253.npy,fake_label/11253.npy
fake_feature/11254.npy,fake_label/11254.npy
fake_feature/11255.npy,fake_label/11255.npy
fake_feature/11256.npy,fake_label/11256.npy
fake_feature/11257.npy,fake_label/11257.npy
fake_feature/11258.npy,fake_label/11258.npy
fake_feature/11259.npy,fake_label/11259.npy
fake_feature/11260.npy,fake_label/11260.npy
fake_feature/11261.npy,fake_label/11261.npy
fake_feature/11262.npy,fake_label/11262.npy
fake_feature/11263.npy,fake_label/11263.npy
fake_feature/11264.npy,fake_label/11264.npy
fake_feature/11265.npy,fake_label/11265.npy
fake_feature/11266.npy,fake_label/11266.npy
fake_feature/11267.npy,fake_label/11267.npy
fake_feature/11268.npy,fake_label/11268.npy
fake_feature/11269.npy,fake_label/11269.npy
fake_feature/11270.npy,fake_label/11270.npy
fake_feature/11271.npy,fake_label/11271.npy
fake_feature/11272.npy,fake_label/11272.npy
fake_feature/11273.npy,fake_label/11273.npy
fake_feature/11274.npy,fake_label/11274.npy
fake_feature/11275.npy,fake_label/11275.npy
fake_feature/11276.npy,fake_label/11276.npy
fake_feature/11277.npy,fake_label/11277.npy
fake_feature/11278.npy,fake_label/11278.npy
fake_feature/11279.npy,fake_label/11279.npy
fake_feature/11280.npy,fake_label/11280.npy
fake_feature/11281.npy,fake_label/11281.npy
fake_feature/11282.npy,fake_label/11282.npy
fake_feature/11283.npy,fake_label/11283.npy
fake_feature/11284.npy,fake_label/11284.npy
fake_feature/11285.npy,fake_label/11285.npy
fake_feature/11286.npy,fake_label/11286.npy
fake_feature/11287.npy,fake_label/11287.npy
fake_feature/11288.npy,fake_label/11288.npy
fake_feature/11289.npy,fake_label/11289.npy
fake_feature/11290.npy,fake_label/11290.npy
fake_feature/11291.npy,fake_label/11291.npy
fake_feature/11292.npy,fake_label/11292.npy
fake_feature/11293.npy,fake_label/11293.npy
fake_feature/11294.npy,fake_label/11294.npy
fake_feature/11295.npy,fake_label/11295.npy
fake_feature/11296.npy,fake_label/11296.npy
fake_feature/11297.npy,fake_label/11297.npy
fake_feature/11298.npy,fake_label/11298.npy
fake_feature/11299.npy,fake_label/11299.npy
fake_feature/11300.npy,fake_label/11300.npy
fake_feature/11301.npy,fake_label/11301.npy
fake_feature/11302.npy,fake_label/11302.npy
fake_feature/11303.npy,fake_label/11303.npy
fake_feature/11304.npy,fake_label/11304.npy
fake_feature/11305.npy,fake_label/11305.npy
fake_feature/11306.npy,fake_label/11306.npy
fake_feature/11307.npy,fake_label/11307.npy
fake_feature/11308.npy,fake_label/11308.npy
fake_feature/11309.npy,fake_label/11309.npy
fake_feature/11310.npy,fake_label/11310.npy
fake_feature/11311.npy,fake_label/11311.npy
fake_feature/11312.npy,fake_label/11312.npy
fake_feature/11313.npy,fake_label/11313.npy
fake_feature/11314.npy,fake_label/11314.npy
fake_feature/11315.npy,fake_label/11315.npy
fake_feature/11316.npy,fake_label/11316.npy
fake_feature/11317.npy,fake_label/11317.npy
fake_feature/11318.npy,fake_label/11318.npy
fake_feature/11319.npy,fake_label/11319.npy
fake_feature/11320.npy,fake_label/11320.npy
fake_feature/11321.npy,fake_label/11321.npy
fake_feature/11322.npy,fake_label/11322.npy
fake_feature/11323.npy,fake_label/11323.npy
fake_feature/11324.npy,fake_label/11324.npy
fake_feature/11325.npy,fake_label/11325.npy
fake_feature/11326.npy,fake_label/11326.npy
fake_feature/11327.npy,fake_label/11327.npy
fake_feature/11328.npy,fake_label/11328.npy
fake_feature/11329.npy,fake_label/11329.npy
fake_feature/11330.npy,fake_label/11330.npy
fake_feature/11331.npy,fake_label/11331.npy
fake_feature/11332.npy,fake_label/11332.npy
fake_feature/11333.npy,fake_label/11333.npy
fake_feature/11334.npy,fake_label/11334.npy
fake_feature/11335.npy,fake_label/11335.npy
fake_feature/11336.npy,fake_label/11336.npy
fake_feature/11337.npy,fake_label/11337.npy
fake_feature/11338.npy,fake_label/11338.npy
fake_feature/11339.npy,fake_label/11339.npy
fake_feature/11340.npy,fake_label/11340.npy
fake_feature/11341.npy,fake_label/11341.npy
fake_feature/11342.npy,fake_label/11342.npy
fake_feature/11343.npy,fake_label/11343.npy
fake_feature/11344.npy,fake_label/11344.npy
fake_feature/11345.npy,fake_label/11345.npy
fake_feature/11346.npy,fake_label/11346.npy
fake_feature/11347.npy,fake_label/11347.npy
fake_feature/11348.npy,fake_label/11348.npy
fake_feature/11349.npy,fake_label/11349.npy
fake_feature/11350.npy,fake_label/11350.npy
fake_feature/11351.npy,fake_label/11351.npy
fake_feature/11352.npy,fake_label/11352.npy
fake_feature/11353.npy,fake_label/11353.npy
fake_feature/11354.npy,fake_label/11354.npy
fake_feature/11355.npy,fake_label/11355.npy
fake_feature/11356.npy,fake_label/11356.npy
fake_feature/11357.npy,fake_label/11357.npy
fake_feature/11358.npy,fake_label/11358.npy
fake_feature/11359.npy,fake_label/11359.npy
fake_feature/11360.npy,fake_label/11360.npy
fake_feature/11361.npy,fake_label/11361.npy
fake_feature/11362.npy,fake_label/11362.npy
fake_feature/11363.npy,fake_label/11363.npy
fake_feature/11364.npy,fake_label/11364.npy
fake_feature/11365.npy,fake_label/11365.npy
fake_feature/11366.npy,fake_label/11366.npy
fake_feature/11367.npy,fake_label/11367.npy
fake_feature/11368.npy,fake_label/11368.npy
fake_feature/11369.npy,fake_label/11369.npy
fake_feature/11370.npy,fake_label/11370.npy
fake_feature/11371.npy,fake_label/11371.npy
fake_feature/11372.npy,fake_label/11372.npy
fake_feature/11373.npy,fake_label/11373.npy
fake_feature/11374.npy,fake_label/11374.npy
fake_feature/11375.npy,fake_label/11375.npy
fake_feature/11376.npy,fake_label/11376.npy
fake_feature/11377.npy,fake_label/11377.npy
fake_feature/11378.npy,fake_label/11378.npy
fake_feature/11379.npy,fake_label/11379.npy
fake_feature/11380.npy,fake_label/11380.npy
fake_feature/11381.npy,fake_label/11381.npy
fake_feature/11382.npy,fake_label/11382.npy
fake_feature/11383.npy,fake_label/11383.npy
fake_feature/11384.npy,fake_label/11384.npy
fake_feature/11385.npy,fake_label/11385.npy
fake_feature/11386.npy,fake_label/11386.npy
fake_feature/11387.npy,fake_label/11387.npy
fake_feature/11388.npy,fake_label/11388.npy
fake_feature/11389.npy,fake_label/11389.npy
fake_feature/11390.npy,fake_label/11390.npy
fake_feature/11391.npy,fake_label/11391.npy
fake_feature/11392.npy,fake_label/11392.npy
fake_feature/11393.npy,fake_label/11393.npy
fake_feature/11394.npy,fake_label/11394.npy
fake_feature/11395.npy,fake_label/11395.npy
fake_feature/11396.npy,fake_label/11396.npy
fake_feature/11397.npy,fake_label/11397.npy
fake_feature/11398.npy,fake_label/11398.npy
fake_feature/11399.npy,fake_label/11399.npy
fake_feature/11400.npy,fake_label/11400.npy
fake_feature/11401.npy,fake_label/11401.npy
fake_feature/11402.npy,fake_label/11402.npy
fake_feature/11403.npy,fake_label/11403.npy
fake_feature/11404.npy,fake_label/11404.npy
fake_feature/11405.npy,fake_label/11405.npy
fake_feature/11406.npy,fake_label/11406.npy
fake_feature/11407.npy,fake_label/11407.npy
fake_feature/11408.npy,fake_label/11408.npy
fake_feature/11409.npy,fake_label/11409.npy
fake_feature/11410.npy,fake_label/11410.npy
fake_feature/11411.npy,fake_label/11411.npy
fake_feature/11412.npy,fake_label/11412.npy
fake_feature/11413.npy,fake_label/11413.npy
fake_feature/11414.npy,fake_label/11414.npy
fake_feature/11415.npy,fake_label/11415.npy
fake_feature/11416.npy,fake_label/11416.npy
fake_feature/11417.npy,fake_label/11417.npy
fake_feature/11418.npy,fake_label/11418.npy
fake_feature/11419.npy,fake_label/11419.npy
fake_feature/11420.npy,fake_label/11420.npy
fake_feature/11421.npy,fake_label/11421.npy
fake_feature/11422.npy,fake_label/11422.npy
fake_feature/11423.npy,fake_label/11423.npy
fake_feature/11424.npy,fake_label/11424.npy
fake_feature/11425.npy,fake_label/11425.npy
fake_feature/11426.npy,fake_label/11426.npy
fake_feature/11427.npy,fake_label/11427.npy
fake_feature/11428.npy,fake_label/11428.npy
fake_feature/11429.npy,fake_label/11429.npy
fake_feature/11430.npy,fake_label/11430.npy
fake_feature/11431.npy,fake_label/11431.npy
fake_feature/11432.npy,fake_label/11432.npy
fake_feature/11433.npy,fake_label/11433.npy
fake_feature/11434.npy,fake_label/11434.npy
fake_feature/11435.npy,fake_label/11435.npy
fake_feature/11436.npy,fake_label/11436.npy
fake_feature/11437.npy,fake_label/11437.npy
fake_feature/11438.npy,fake_label/11438.npy
fake_feature/11439.npy,fake_label/11439.npy
fake_feature/11440.npy,fake_label/11440.npy
fake_feature/11441.npy,fake_label/11441.npy
fake_feature/11442.npy,fake_label/11442.npy
fake_feature/11443.npy,fake_label/11443.npy
fake_feature/11444.npy,fake_label/11444.npy
fake_feature/11445.npy,fake_label/11445.npy
fake_feature/11446.npy,fake_label/11446.npy
fake_feature/11447.npy,fake_label/11447.npy
fake_feature/11448.npy,fake_label/11448.npy
fake_feature/11449.npy,fake_label/11449.npy
fake_feature/11450.npy,fake_label/11450.npy
fake_feature/11451.npy,fake_label/11451.npy
fake_feature/11452.npy,fake_label/11452.npy
fake_feature/11453.npy,fake_label/11453.npy
fake_feature/11454.npy,fake_label/11454.npy
fake_feature/11455.npy,fake_label/11455.npy
fake_feature/11456.npy,fake_label/11456.npy
fake_feature/11457.npy,fake_label/11457.npy
fake_feature/11458.npy,fake_label/11458.npy
fake_feature/11459.npy,fake_label/11459.npy
fake_feature/11460.npy,fake_label/11460.npy
fake_feature/11461.npy,fake_label/11461.npy
fake_feature/11462.npy,fake_label/11462.npy
fake_feature/11463.npy,fake_label/11463.npy
fake_feature/11464.npy,fake_label/11464.npy
fake_feature/11465.npy,fake_label/11465.npy
fake_feature/11466.npy,fake_label/11466.npy
fake_feature/11467.npy,fake_label/11467.npy
fake_feature/11468.npy,fake_label/11468.npy
fake_feature/11469.npy,fake_label/11469.npy
fake_feature/11470.npy,fake_label/11470.npy
fake_feature/11471.npy,fake_label/11471.npy
fake_feature/11472.npy,fake_label/11472.npy
fake_feature/11473.npy,fake_label/11473.npy
fake_feature/11474.npy,fake_label/11474.npy
fake_feature/11475.npy,fake_label/11475.npy
fake_feature/11476.npy,fake_label/11476.npy
fake_feature/11477.npy,fake_label/11477.npy
fake_feature/11478.npy,fake_label/11478.npy
fake_feature/11479.npy,fake_label/11479.npy
fake_feature/11480.npy,fake_label/11480.npy
fake_feature/11481.npy,fake_label/11481.npy
fake_feature/11482.npy,fake_label/11482.npy
fake_feature/11483.npy,fake_label/11483.npy
fake_feature/11484.npy,fake_label/11484.npy
fake_feature/11485.npy,fake_label/11485.npy
fake_feature/11486.npy,fake_label/11486.npy
fake_feature/11487.npy,fake_label/11487.npy
fake_feature/11488.npy,fake_label/11488.npy
fake_feature/11489.npy,fake_label/11489.npy
fake_feature/11490.npy,fake_label/11490.npy
fake_feature/11491.npy,fake_label/11491.npy
fake_feature/11492.npy,fake_label/11492.npy
fake_feature/11493.npy,fake_label/11493.npy
fake_feature/11494.npy,fake_label/11494.npy
fake_feature/11495.npy,fake_label/11495.npy
fake_feature/11496.npy,fake_label/11496.npy
fake_feature/11497.npy,fake_label/11497.npy
fake_feature/11498.npy,fake_label/11498.npy
fake_feature/11499.npy,fake_label/11499.npy
fake_feature/11500.npy,fake_label/11500.npy
fake_feature/11501.npy,fake_label/11501.npy
fake_feature/11502.npy,fake_label/11502.npy
fake_feature/11503.npy,fake_label/11503.npy
fake_feature/11504.npy,fake_label/11504.npy
fake_feature/11505.npy,fake_label/11505.npy
fake_feature/11506.npy,fake_label/11506.npy
fake_feature/11507.npy,fake_label/11507.npy
fake_feature/11508.npy,fake_label/11508.npy
fake_feature/11509.npy,fake_label/11509.npy
fake_feature/11510.npy,fake_label/11510.npy
fake_feature/11511.npy,fake_label/11511.npy
fake_feature/11512.npy,fake_label/11512.npy
fake_feature/11513.npy,fake_label/11513.npy
fake_feature/11514.npy,fake_label/11514.npy
fake_feature/11515.npy,fake_label/11515.npy
fake_feature/11516.npy,fake_label/11516.npy
fake_feature/11517.npy,fake_label/11517.npy
fake_feature/11518.npy,fake_label/11518.npy
fake_feature/11519.npy,fake_label/11519.npy
fake_feature/11520.npy,fake_label/11520.npy
fake_feature/11521.npy,fake_label/11521.npy
fake_feature/11522.npy,fake_label/11522.npy
fake_feature/11523.npy,fake_label/11523.npy
fake_feature/11524.npy,fake_label/11524.npy
fake_feature/11525.npy,fake_label/11525.npy
fake_feature/11526.npy,fake_label/11526.npy
fake_feature/11527.npy,fake_label/11527.npy
fake_feature/11528.npy,fake_label/11528.npy
fake_feature/11529.npy,fake_label/11529.npy
fake_feature/11530.npy,fake_label/11530.npy
fake_feature/11531.npy,fake_label/11531.npy
fake_feature/11532.npy,fake_label/11532.npy
fake_feature/11533.npy,fake_label/11533.npy
fake_feature/11534.npy,fake_label/11534.npy
fake_feature/11535.npy,fake_label/11535.npy
fake_feature/11536.npy,fake_label/11536.npy
fake_feature/11537.npy,fake_label/11537.npy
fake_feature/11538.npy,fake_label/11538.npy
fake_feature/11539.npy,fake_label/11539.npy
fake_feature/11540.npy,fake_label/11540.npy
fake_feature/11541.npy,fake_label/11541.npy
fake_feature/11542.npy,fake_label/11542.npy
fake_feature/11543.npy,fake_label/11543.npy
fake_feature/11544.npy,fake_label/11544.npy
fake_feature/11545.npy,fake_label/11545.npy
fake_feature/11546.npy,fake_label/11546.npy
fake_feature/11547.npy,fake_label/11547.npy
fake_feature/11548.npy,fake_label/11548.npy
fake_feature/11549.npy,fake_label/11549.npy
fake_feature/11550.npy,fake_label/11550.npy
fake_feature/11551.npy,fake_label/11551.npy
fake_feature/11552.npy,fake_label/11552.npy
fake_feature/11553.npy,fake_label/11553.npy
fake_feature/11554.npy,fake_label/11554.npy
fake_feature/11555.npy,fake_label/11555.npy
fake_feature/11556.npy,fake_label/11556.npy
fake_feature/11557.npy,fake_label/11557.npy
fake_feature/11558.npy,fake_label/11558.npy
fake_feature/11559.npy,fake_label/11559.npy
fake_feature/11560.npy,fake_label/11560.npy
fake_feature/11561.npy,fake_label/11561.npy
fake_feature/11562.npy,fake_label/11562.npy
fake_feature/11563.npy,fake_label/11563.npy
fake_feature/11564.npy,fake_label/11564.npy
fake_feature/11565.npy,fake_label/11565.npy
fake_feature/11566.npy,fake_label/11566.npy
fake_feature/11567.npy,fake_label/11567.npy
fake_feature/11568.npy,fake_label/11568.npy
fake_feature/11569.npy,fake_label/11569.npy
fake_feature/11570.npy,fake_label/11570.npy
fake_feature/11571.npy,fake_label/11571.npy
fake_feature/11572.npy,fake_label/11572.npy
fake_feature/11573.npy,fake_label/11573.npy
fake_feature/11574.npy,fake_label/11574.npy
fake_feature/11575.npy,fake_label/11575.npy
fake_feature/11576.npy,fake_label/11576.npy
fake_feature/11577.npy,fake_label/11577.npy
fake_feature/11578.npy,fake_label/11578.npy
fake_feature/11579.npy,fake_label/11579.npy
fake_feature/11580.npy,fake_label/11580.npy
fake_feature/11581.npy,fake_label/11581.npy
fake_feature/11582.npy,fake_label/11582.npy
fake_feature/11583.npy,fake_label/11583.npy
fake_feature/11584.npy,fake_label/11584.npy
fake_feature/11585.npy,fake_label/11585.npy
fake_feature/11586.npy,fake_label/11586.npy
fake_feature/11587.npy,fake_label/11587.npy
fake_feature/11588.npy,fake_label/11588.npy
fake_feature/11589.npy,fake_label/11589.npy
fake_feature/11590.npy,fake_label/11590.npy
fake_feature/11591.npy,fake_label/11591.npy
fake_feature/11592.npy,fake_label/11592.npy
fake_feature/11593.npy,fake_label/11593.npy
fake_feature/11594.npy,fake_label/11594.npy
fake_feature/11595.npy,fake_label/11595.npy
fake_feature/11596.npy,fake_label/11596.npy
fake_feature/11597.npy,fake_label/11597.npy
fake_feature/11598.npy,fake_label/11598.npy
fake_feature/11599.npy,fake_label/11599.npy
fake_feature/11600.npy,fake_label/11600.npy
fake_feature/11601.npy,fake_label/11601.npy
fake_feature/11602.npy,fake_label/11602.npy
fake_feature/11603.npy,fake_label/11603.npy
fake_feature/11604.npy,fake_label/11604.npy
fake_feature/11605.npy,fake_label/11605.npy
fake_feature/11606.npy,fake_label/11606.npy
fake_feature/11607.npy,fake_label/11607.npy
fake_feature/11608.npy,fake_label/11608.npy
fake_feature/11609.npy,fake_label/11609.npy
fake_feature/11610.npy,fake_label/11610.npy
fake_feature/11611.npy,fake_label/11611.npy
fake_feature/11612.npy,fake_label/11612.npy
fake_feature/11613.npy,fake_label/11613.npy
fake_feature/11614.npy,fake_label/11614.npy
fake_feature/11615.npy,fake_label/11615.npy
fake_feature/11616.npy,fake_label/11616.npy
fake_feature/11617.npy,fake_label/11617.npy
fake_feature/11618.npy,fake_label/11618.npy
fake_feature/11619.npy,fake_label/11619.npy
fake_feature/11620.npy,fake_label/11620.npy
fake_feature/11621.npy,fake_label/11621.npy
fake_feature/11622.npy,fake_label/11622.npy
fake_feature/11623.npy,fake_label/11623.npy
fake_feature/11624.npy,fake_label/11624.npy
fake_feature/11625.npy,fake_label/11625.npy
fake_feature/11626.npy,fake_label/11626.npy
fake_feature/11627.npy,fake_label/11627.npy
fake_feature/11628.npy,fake_label/11628.npy
fake_feature/11629.npy,fake_label/11629.npy
fake_feature/11630.npy,fake_label/11630.npy
fake_feature/11631.npy,fake_label/11631.npy
fake_feature/11632.npy,fake_label/11632.npy
fake_feature/11633.npy,fake_label/11633.npy
fake_feature/11634.npy,fake_label/11634.npy
fake_feature/11635.npy,fake_label/11635.npy
fake_feature/11636.npy,fake_label/11636.npy
fake_feature/11637.npy,fake_label/11637.npy
fake_feature/11638.npy,fake_label/11638.npy
fake_feature/11639.npy,fake_label/11639.npy
fake_feature/11640.npy,fake_label/11640.npy
fake_feature/11641.npy,fake_label/11641.npy
fake_feature/11642.npy,fake_label/11642.npy
fake_feature/11643.npy,fake_label/11643.npy
fake_feature/11644.npy,fake_label/11644.npy
fake_feature/11645.npy,fake_label/11645.npy
fake_feature/11646.npy,fake_label/11646.npy
fake_feature/11647.npy,fake_label/11647.npy
fake_feature/11648.npy,fake_label/11648.npy
fake_feature/11649.npy,fake_label/11649.npy
fake_feature/11650.npy,fake_label/11650.npy
fake_feature/11651.npy,fake_label/11651.npy
fake_feature/11652.npy,fake_label/11652.npy
fake_feature/11653.npy,fake_label/11653.npy
fake_feature/11654.npy,fake_label/11654.npy
fake_feature/11655.npy,fake_label/11655.npy
fake_feature/11656.npy,fake_label/11656.npy
fake_feature/11657.npy,fake_label/11657.npy
fake_feature/11658.npy,fake_label/11658.npy
fake_feature/11659.npy,fake_label/11659.npy
fake_feature/11660.npy,fake_label/11660.npy
fake_feature/11661.npy,fake_label/11661.npy
fake_feature/11662.npy,fake_label/11662.npy
fake_feature/11663.npy,fake_label/11663.npy
fake_feature/11664.npy,fake_label/11664.npy
fake_feature/11665.npy,fake_label/11665.npy
fake_feature/11666.npy,fake_label/11666.npy
fake_feature/11667.npy,fake_label/11667.npy
fake_feature/11668.npy,fake_label/11668.npy
fake_feature/11669.npy,fake_label/11669.npy
fake_feature/11670.npy,fake_label/11670.npy
fake_feature/11671.npy,fake_label/11671.npy
fake_feature/11672.npy,fake_label/11672.npy
fake_feature/11673.npy,fake_label/11673.npy
fake_feature/11674.npy,fake_label/11674.npy
fake_feature/11675.npy,fake_label/11675.npy
fake_feature/11676.npy,fake_label/11676.npy
fake_feature/11677.npy,fake_label/11677.npy
fake_feature/11678.npy,fake_label/11678.npy
fake_feature/11679.npy,fake_label/11679.npy
fake_feature/11680.npy,fake_label/11680.npy
fake_feature/11681.npy,fake_label/11681.npy
fake_feature/11682.npy,fake_label/11682.npy
fake_feature/11683.npy,fake_label/11683.npy
fake_feature/11684.npy,fake_label/11684.npy
fake_feature/11685.npy,fake_label/11685.npy
fake_feature/11686.npy,fake_label/11686.npy
fake_feature/11687.npy,fake_label/11687.npy
fake_feature/11688.npy,fake_label/11688.npy
fake_feature/11689.npy,fake_label/11689.npy
fake_feature/11690.npy,fake_label/11690.npy
fake_feature/11691.npy,fake_label/11691.npy
fake_feature/11692.npy,fake_label/11692.npy
fake_feature/11693.npy,fake_label/11693.npy
fake_feature/11694.npy,fake_label/11694.npy
fake_feature/11695.npy,fake_label/11695.npy
fake_feature/11696.npy,fake_label/11696.npy
fake_feature/11697.npy,fake_label/11697.npy
fake_feature/11698.npy,fake_label/11698.npy
fake_feature/11699.npy,fake_label/11699.npy
fake_feature/11700.npy,fake_label/11700.npy
fake_feature/11701.npy,fake_label/11701.npy
fake_feature/11702.npy,fake_label/11702.npy
fake_feature/11703.npy,fake_label/11703.npy
fake_feature/11704.npy,fake_label/11704.npy
fake_feature/11705.npy,fake_label/11705.npy
fake_feature/11706.npy,fake_label/11706.npy
fake_feature/11707.npy,fake_label/11707.npy
fake_feature/11708.npy,fake_label/11708.npy
fake_feature/11709.npy,fake_label/11709.npy
fake_feature/11710.npy,fake_label/11710.npy
fake_feature/11711.npy,fake_label/11711.npy
fake_feature/11712.npy,fake_label/11712.npy
fake_feature/11713.npy,fake_label/11713.npy
fake_feature/11714.npy,fake_label/11714.npy
fake_feature/11715.npy,fake_label/11715.npy
fake_feature/11716.npy,fake_label/11716.npy
fake_feature/11717.npy,fake_label/11717.npy
fake_feature/11718.npy,fake_label/11718.npy
fake_feature/11719.npy,fake_label/11719.npy
fake_feature/11720.npy,fake_label/11720.npy
fake_feature/11721.npy,fake_label/11721.npy
fake_feature/11722.npy,fake_label/11722.npy
fake_feature/11723.npy,fake_label/11723.npy
fake_feature/11724.npy,fake_label/11724.npy
fake_feature/11725.npy,fake_label/11725.npy
fake_feature/11726.npy,fake_label/11726.npy
fake_feature/11727.npy,fake_label/11727.npy
fake_feature/11728.npy,fake_label/11728.npy
fake_feature/11729.npy,fake_label/11729.npy
fake_feature/11730.npy,fake_label/11730.npy
fake_feature/11731.npy,fake_label/11731.npy
fake_feature/11732.npy,fake_label/11732.npy
fake_feature/11733.npy,fake_label/11733.npy
fake_feature/11734.npy,fake_label/11734.npy
fake_feature/11735.npy,fake_label/11735.npy
fake_feature/11736.npy,fake_label/11736.npy
fake_feature/11737.npy,fake_label/11737.npy
fake_feature/11738.npy,fake_label/11738.npy
fake_feature/11739.npy,fake_label/11739.npy
fake_feature/11740.npy,fake_label/11740.npy
fake_feature/11741.npy,fake_label/11741.npy
fake_feature/11742.npy,fake_label/11742.npy
fake_feature/11743.npy,fake_label/11743.npy
fake_feature/11744.npy,fake_label/11744.npy
fake_feature/11745.npy,fake_label/11745.npy
fake_feature/11746.npy,fake_label/11746.npy
fake_feature/11747.npy,fake_label/11747.npy
fake_feature/11748.npy,fake_label/11748.npy
fake_feature/11749.npy,fake_label/11749.npy
fake_feature/11750.npy,fake_label/11750.npy
fake_feature/11751.npy,fake_label/11751.npy
fake_feature/11752.npy,fake_label/11752.npy
fake_feature/11753.npy,fake_label/11753.npy
fake_feature/11754.npy,fake_label/11754.npy
fake_feature/11755.npy,fake_label/11755.npy
fake_feature/11756.npy,fake_label/11756.npy
fake_feature/11757.npy,fake_label/11757.npy
fake_feature/11758.npy,fake_label/11758.npy
fake_feature/11759.npy,fake_label/11759.npy
fake_feature/11760.npy,fake_label/11760.npy
fake_feature/11761.npy,fake_label/11761.npy
fake_feature/11762.npy,fake_label/11762.npy
fake_feature/11763.npy,fake_label/11763.npy
fake_feature/11764.npy,fake_label/11764.npy
fake_feature/11765.npy,fake_label/11765.npy
fake_feature/11766.npy,fake_label/11766.npy
fake_feature/11767.npy,fake_label/11767.npy
fake_feature/11768.npy,fake_label/11768.npy
fake_feature/11769.npy,fake_label/11769.npy
fake_feature/11770.npy,fake_label/11770.npy
fake_feature/11771.npy,fake_label/11771.npy
fake_feature/11772.npy,fake_label/11772.npy
fake_feature/11773.npy,fake_label/11773.npy
fake_feature/11774.npy,fake_label/11774.npy
fake_feature/11775.npy,fake_label/11775.npy
fake_feature/11776.npy,fake_label/11776.npy
fake_feature/11777.npy,fake_label/11777.npy
fake_feature/11778.npy,fake_label/11778.npy
fake_feature/11779.npy,fake_label/11779.npy
fake_feature/11780.npy,fake_label/11780.npy
fake_feature/11781.npy,fake_label/11781.npy
fake_feature/11782.npy,fake_label/11782.npy
fake_feature/11783.npy,fake_label/11783.npy
fake_feature/11784.npy,fake_label/11784.npy
fake_feature/11785.npy,fake_label/11785.npy
fake_feature/11786.npy,fake_label/11786.npy
fake_feature/11787.npy,fake_label/11787.npy
fake_feature/11788.npy,fake_label/11788.npy
fake_feature/11789.npy,fake_label/11789.npy
fake_feature/11790.npy,fake_label/11790.npy
fake_feature/11791.npy,fake_label/11791.npy
fake_feature/11792.npy,fake_label/11792.npy
fake_feature/11793.npy,fake_label/11793.npy
fake_feature/11794.npy,fake_label/11794.npy
fake_feature/11795.npy,fake_label/11795.npy
fake_feature/11796.npy,fake_label/11796.npy
fake_feature/11797.npy,fake_label/11797.npy
fake_feature/11798.npy,fake_label/11798.npy
fake_feature/11799.npy,fake_label/11799.npy
fake_feature/11800.npy,fake_label/11800.npy
fake_feature/11801.npy,fake_label/11801.npy
fake_feature/11802.npy,fake_label/11802.npy
fake_feature/11803.npy,fake_label/11803.npy
fake_feature/11804.npy,fake_label/11804.npy
fake_feature/11805.npy,fake_label/11805.npy
fake_feature/11806.npy,fake_label/11806.npy
fake_feature/11807.npy,fake_label/11807.npy
fake_feature/11808.npy,fake_label/11808.npy
fake_feature/11809.npy,fake_label/11809.npy
fake_feature/11810.npy,fake_label/11810.npy
fake_feature/11811.npy,fake_label/11811.npy
fake_feature/11812.npy,fake_label/11812.npy
fake_feature/11813.npy,fake_label/11813.npy
fake_feature/11814.npy,fake_label/11814.npy
fake_feature/11815.npy,fake_label/11815.npy
fake_feature/11816.npy,fake_label/11816.npy
fake_feature/11817.npy,fake_label/11817.npy
fake_feature/11818.npy,fake_label/11818.npy
fake_feature/11819.npy,fake_label/11819.npy
fake_feature/11820.npy,fake_label/11820.npy
fake_feature/11821.npy,fake_label/11821.npy
fake_feature/11822.npy,fake_label/11822.npy
fake_feature/11823.npy,fake_label/11823.npy
fake_feature/11824.npy,fake_label/11824.npy
fake_feature/11825.npy,fake_label/11825.npy
fake_feature/11826.npy,fake_label/11826.npy
fake_feature/11827.npy,fake_label/11827.npy
fake_feature/11828.npy,fake_label/11828.npy
fake_feature/11829.npy,fake_label/11829.npy
fake_feature/11830.npy,fake_label/11830.npy
fake_feature/11831.npy,fake_label/11831.npy
fake_feature/11832.npy,fake_label/11832.npy
fake_feature/11833.npy,fake_label/11833.npy
fake_feature/11834.npy,fake_label/11834.npy
fake_feature/11835.npy,fake_label/11835.npy
fake_feature/11836.npy,fake_label/11836.npy
fake_feature/11837.npy,fake_label/11837.npy
fake_feature/11838.npy,fake_label/11838.npy
fake_feature/11839.npy,fake_label/11839.npy
fake_feature/11840.npy,fake_label/11840.npy
fake_feature/11841.npy,fake_label/11841.npy
fake_feature/11842.npy,fake_label/11842.npy
fake_feature/11843.npy,fake_label/11843.npy
fake_feature/11844.npy,fake_label/11844.npy
fake_feature/11845.npy,fake_label/11845.npy
fake_feature/11846.npy,fake_label/11846.npy
fake_feature/11847.npy,fake_label/11847.npy
fake_feature/11848.npy,fake_label/11848.npy
fake_feature/11849.npy,fake_label/11849.npy
fake_feature/11850.npy,fake_label/11850.npy
fake_feature/11851.npy,fake_label/11851.npy
fake_feature/11852.npy,fake_label/11852.npy
fake_feature/11853.npy,fake_label/11853.npy
fake_feature/11854.npy,fake_label/11854.npy
fake_feature/11855.npy,fake_label/11855.npy
fake_feature/11856.npy,fake_label/11856.npy
fake_feature/11857.npy,fake_label/11857.npy
fake_feature/11858.npy,fake_label/11858.npy
fake_feature/11859.npy,fake_label/11859.npy
fake_feature/11860.npy,fake_label/11860.npy
fake_feature/11861.npy,fake_label/11861.npy
fake_feature/11862.npy,fake_label/11862.npy
fake_feature/11863.npy,fake_label/11863.npy
fake_feature/11864.npy,fake_label/11864.npy
fake_feature/11865.npy,fake_label/11865.npy
fake_feature/11866.npy,fake_label/11866.npy
fake_feature/11867.npy,fake_label/11867.npy
fake_feature/11868.npy,fake_label/11868.npy
fake_feature/11869.npy,fake_label/11869.npy
fake_feature/11870.npy,fake_label/11870.npy
fake_feature/11871.npy,fake_label/11871.npy
fake_feature/11872.npy,fake_label/11872.npy
fake_feature/11873.npy,fake_label/11873.npy
fake_feature/11874.npy,fake_label/11874.npy
fake_feature/11875.npy,fake_label/11875.npy
fake_feature/11876.npy,fake_label/11876.npy
fake_feature/11877.npy,fake_label/11877.npy
fake_feature/11878.npy,fake_label/11878.npy
fake_feature/11879.npy,fake_label/11879.npy
fake_feature/11880.npy,fake_label/11880.npy
fake_feature/11881.npy,fake_label/11881.npy
fake_feature/11882.npy,fake_label/11882.npy
fake_feature/11883.npy,fake_label/11883.npy
fake_feature/11884.npy,fake_label/11884.npy
fake_feature/11885.npy,fake_label/11885.npy
fake_feature/11886.npy,fake_label/11886.npy
fake_feature/11887.npy,fake_label/11887.npy
fake_feature/11888.npy,fake_label/11888.npy
fake_feature/11889.npy,fake_label/11889.npy
fake_feature/11890.npy,fake_label/11890.npy
fake_feature/11891.npy,fake_label/11891.npy
fake_feature/11892.npy,fake_label/11892.npy
fake_feature/11893.npy,fake_label/11893.npy
fake_feature/11894.npy,fake_label/11894.npy
fake_feature/11895.npy,fake_label/11895.npy
fake_feature/11896.npy,fake_label/11896.npy
fake_feature/11897.npy,fake_label/11897.npy
fake_feature/11898.npy,fake_label/11898.npy
fake_feature/11899.npy,fake_label/11899.npy
fake_feature/11900.npy,fake_label/11900.npy
fake_feature/11901.npy,fake_label/11901.npy
fake_feature/11902.npy,fake_label/11902.npy
fake_feature/11903.npy,fake_label/11903.npy
fake_feature/11904.npy,fake_label/11904.npy
fake_feature/11905.npy,fake_label/11905.npy
fake_feature/11906.npy,fake_label/11906.npy
fake_feature/11907.npy,fake_label/11907.npy
fake_feature/11908.npy,fake_label/11908.npy
fake_feature/11909.npy,fake_label/11909.npy
fake_feature/11910.npy,fake_label/11910.npy
fake_feature/11911.npy,fake_label/11911.npy
fake_feature/11912.npy,fake_label/11912.npy
fake_feature/11913.npy,fake_label/11913.npy
fake_feature/11914.npy,fake_label/11914.npy
fake_feature/11915.npy,fake_label/11915.npy
fake_feature/11916.npy,fake_label/11916.npy
fake_feature/11917.npy,fake_label/11917.npy
fake_feature/11918.npy,fake_label/11918.npy
fake_feature/11919.npy,fake_label/11919.npy
fake_feature/11920.npy,fake_label/11920.npy
fake_feature/11921.npy,fake_label/11921.npy
fake_feature/11922.npy,fake_label/11922.npy
fake_feature/11923.npy,fake_label/11923.npy
fake_feature/11924.npy,fake_label/11924.npy
fake_feature/11925.npy,fake_label/11925.npy
fake_feature/11926.npy,fake_label/11926.npy
fake_feature/11927.npy,fake_label/11927.npy
fake_feature/11928.npy,fake_label/11928.npy
fake_feature/11929.npy,fake_label/11929.npy
fake_feature/11930.npy,fake_label/11930.npy
fake_feature/11931.npy,fake_label/11931.npy
fake_feature/11932.npy,fake_label/11932.npy
fake_feature/11933.npy,fake_label/11933.npy
fake_feature/11934.npy,fake_label/11934.npy
fake_feature/11935.npy,fake_label/11935.npy
fake_feature/11936.npy,fake_label/11936.npy
fake_feature/11937.npy,fake_label/11937.npy
fake_feature/11938.npy,fake_label/11938.npy
fake_feature/11939.npy,fake_label/11939.npy
fake_feature/11940.npy,fake_label/11940.npy
fake_feature/11941.npy,fake_label/11941.npy
fake_feature/11942.npy,fake_label/11942.npy
fake_feature/11943.npy,fake_label/11943.npy
fake_feature/11944.npy,fake_label/11944.npy
fake_feature/11945.npy,fake_label/11945.npy
fake_feature/11946.npy,fake_label/11946.npy
fake_feature/11947.npy,fake_label/11947.npy
fake_feature/11948.npy,fake_label/11948.npy
fake_feature/11949.npy,fake_label/11949.npy
fake_feature/11950.npy,fake_label/11950.npy
fake_feature/11951.npy,fake_label/11951.npy
fake_feature/11952.npy,fake_label/11952.npy
fake_feature/11953.npy,fake_label/11953.npy
fake_feature/11954.npy,fake_label/11954.npy
fake_feature/11955.npy,fake_label/11955.npy
fake_feature/11956.npy,fake_label/11956.npy
fake_feature/11957.npy,fake_label/11957.npy
fake_feature/11958.npy,fake_label/11958.npy
fake_feature/11959.npy,fake_label/11959.npy
fake_feature/11960.npy,fake_label/11960.npy
fake_feature/11961.npy,fake_label/11961.npy
fake_feature/11962.npy,fake_label/11962.npy
fake_feature/11963.npy,fake_label/11963.npy
fake_feature/11964.npy,fake_label/11964.npy
fake_feature/11965.npy,fake_label/11965.npy
fake_feature/11966.npy,fake_label/11966.npy
fake_feature/11967.npy,fake_label/11967.npy
fake_feature/11968.npy,fake_label/11968.npy
fake_feature/11969.npy,fake_label/11969.npy
fake_feature/11970.npy,fake_label/11970.npy
fake_feature/11971.npy,fake_label/11971.npy
fake_feature/11972.npy,fake_label/11972.npy
fake_feature/11973.npy,fake_label/11973.npy
fake_feature/11974.npy,fake_label/11974.npy
fake_feature/11975.npy,fake_label/11975.npy
fake_feature/11976.npy,fake_label/11976.npy
fake_feature/11977.npy,fake_label/11977.npy
fake_feature/11978.npy,fake_label/11978.npy
fake_feature/11979.npy,fake_label/11979.npy
fake_feature/11980.npy,fake_label/11980.npy
fake_feature/11981.npy,fake_label/11981.npy
fake_feature/11982.npy,fake_label/11982.npy
fake_feature/11983.npy,fake_label/11983.npy
fake_feature/11984.npy,fake_label/11984.npy
fake_feature/11985.npy,fake_label/11985.npy
fake_feature/11986.npy,fake_label/11986.npy
fake_feature/11987.npy,fake_label/11987.npy
fake_feature/11988.npy,fake_label/11988.npy
fake_feature/11989.npy,fake_label/11989.npy
fake_feature/11990.npy,fake_label/11990.npy
fake_feature/11991.npy,fake_label/11991.npy
fake_feature/11992.npy,fake_label/11992.npy
fake_feature/11993.npy,fake_label/11993.npy
fake_feature/11994.npy,fake_label/11994.npy
fake_feature/11995.npy,fake_label/11995.npy
fake_feature/11996.npy,fake_label/11996.npy
fake_feature/11997.npy,fake_label/11997.npy
fake_feature/11998.npy,fake_label/11998.npy
fake_feature/11999.npy,fake_label/11999.npy
fake_feature/12000.npy,fake_label/12000.npy
fake_feature/12001.npy,fake_label/12001.npy
fake_feature/12002.npy,fake_label/12002.npy
fake_feature/12003.npy,fake_label/12003.npy
fake_feature/12004.npy,fake_label/12004.npy
fake_feature/12005.npy,fake_label/12005.npy
fake_feature/12006.npy,fake_label/12006.npy
fake_feature/12007.npy,fake_label/12007.npy
fake_feature/12008.npy,fake_label/12008.npy
fake_feature/12009.npy,fake_label/12009.npy
fake_feature/12010.npy,fake_label/12010.npy
fake_feature/12011.npy,fake_label/12011.npy
fake_feature/12012.npy,fake_label/12012.npy
fake_feature/12013.npy,fake_label/12013.npy
fake_feature/12014.npy,fake_label/12014.npy
fake_feature/12015.npy,fake_label/12015.npy
fake_feature/12016.npy,fake_label/12016.npy
fake_feature/12017.npy,fake_label/12017.npy
fake_feature/12018.npy,fake_label/12018.npy
fake_feature/12019.npy,fake_label/12019.npy
fake_feature/12020.npy,fake_label/12020.npy
fake_feature/12021.npy,fake_label/12021.npy
fake_feature/12022.npy,fake_label/12022.npy
fake_feature/12023.npy,fake_label/12023.npy
fake_feature/12024.npy,fake_label/12024.npy
fake_feature/12025.npy,fake_label/12025.npy
fake_feature/12026.npy,fake_label/12026.npy
fake_feature/12027.npy,fake_label/12027.npy
fake_feature/12028.npy,fake_label/12028.npy
fake_feature/12029.npy,fake_label/12029.npy
fake_feature/12030.npy,fake_label/12030.npy
fake_feature/12031.npy,fake_label/12031.npy
fake_feature/12032.npy,fake_label/12032.npy
fake_feature/12033.npy,fake_label/12033.npy
fake_feature/12034.npy,fake_label/12034.npy
fake_feature/12035.npy,fake_label/12035.npy
fake_feature/12036.npy,fake_label/12036.npy
fake_feature/12037.npy,fake_label/12037.npy
fake_feature/12038.npy,fake_label/12038.npy
fake_feature/12039.npy,fake_label/12039.npy
fake_feature/12040.npy,fake_label/12040.npy
fake_feature/12041.npy,fake_label/12041.npy
fake_feature/12042.npy,fake_label/12042.npy
fake_feature/12043.npy,fake_label/12043.npy
fake_feature/12044.npy,fake_label/12044.npy
fake_feature/12045.npy,fake_label/12045.npy
fake_feature/12046.npy,fake_label/12046.npy
fake_feature/12047.npy,fake_label/12047.npy
fake_feature/12048.npy,fake_label/12048.npy
fake_feature/12049.npy,fake_label/12049.npy
fake_feature/12050.npy,fake_label/12050.npy
fake_feature/12051.npy,fake_label/12051.npy
fake_feature/12052.npy,fake_label/12052.npy
fake_feature/12053.npy,fake_label/12053.npy
fake_feature/12054.npy,fake_label/12054.npy
fake_feature/12055.npy,fake_label/12055.npy
fake_feature/12056.npy,fake_label/12056.npy
fake_feature/12057.npy,fake_label/12057.npy
fake_feature/12058.npy,fake_label/12058.npy
fake_feature/12059.npy,fake_label/12059.npy
fake_feature/12060.npy,fake_label/12060.npy
fake_feature/12061.npy,fake_label/12061.npy
fake_feature/12062.npy,fake_label/12062.npy
fake_feature/12063.npy,fake_label/12063.npy
fake_feature/12064.npy,fake_label/12064.npy
fake_feature/12065.npy,fake_label/12065.npy
fake_feature/12066.npy,fake_label/12066.npy
fake_feature/12067.npy,fake_label/12067.npy
fake_feature/12068.npy,fake_label/12068.npy
fake_feature/12069.npy,fake_label/12069.npy
fake_feature/12070.npy,fake_label/12070.npy
fake_feature/12071.npy,fake_label/12071.npy
fake_feature/12072.npy,fake_label/12072.npy
fake_feature/12073.npy,fake_label/12073.npy
fake_feature/12074.npy,fake_label/12074.npy
fake_feature/12075.npy,fake_label/12075.npy
fake_feature/12076.npy,fake_label/12076.npy
fake_feature/12077.npy,fake_label/12077.npy
fake_feature/12078.npy,fake_label/12078.npy
fake_feature/12079.npy,fake_label/12079.npy
fake_feature/12080.npy,fake_label/12080.npy
fake_feature/12081.npy,fake_label/12081.npy
fake_feature/12082.npy,fake_label/12082.npy
fake_feature/12083.npy,fake_label/12083.npy
fake_feature/12084.npy,fake_label/12084.npy
fake_feature/12085.npy,fake_label/12085.npy
fake_feature/12086.npy,fake_label/12086.npy
fake_feature/12087.npy,fake_label/12087.npy
fake_feature/12088.npy,fake_label/12088.npy
fake_feature/12089.npy,fake_label/12089.npy
fake_feature/12090.npy,fake_label/12090.npy
fake_feature/12091.npy,fake_label/12091.npy
fake_feature/12092.npy,fake_label/12092.npy
fake_feature/12093.npy,fake_label/12093.npy
fake_feature/12094.npy,fake_label/12094.npy
fake_feature/12095.npy,fake_label/12095.npy
fake_feature/12096.npy,fake_label/12096.npy
fake_feature/12097.npy,fake_label/12097.npy
fake_feature/12098.npy,fake_label/12098.npy
fake_feature/12099.npy,fake_label/12099.npy
fake_feature/12100.npy,fake_label/12100.npy
fake_feature/12101.npy,fake_label/12101.npy
fake_feature/12102.npy,fake_label/12102.npy
fake_feature/12103.npy,fake_label/12103.npy
fake_feature/12104.npy,fake_label/12104.npy
fake_feature/12105.npy,fake_label/12105.npy
fake_feature/12106.npy,fake_label/12106.npy
fake_feature/12107.npy,fake_label/12107.npy
fake_feature/12108.npy,fake_label/12108.npy
fake_feature/12109.npy,fake_label/12109.npy
fake_feature/12110.npy,fake_label/12110.npy
fake_feature/12111.npy,fake_label/12111.npy
fake_feature/12112.npy,fake_label/12112.npy
fake_feature/12113.npy,fake_label/12113.npy
fake_feature/12114.npy,fake_label/12114.npy
fake_feature/12115.npy,fake_label/12115.npy
fake_feature/12116.npy,fake_label/12116.npy
fake_feature/12117.npy,fake_label/12117.npy
fake_feature/12118.npy,fake_label/12118.npy
fake_feature/12119.npy,fake_label/12119.npy
fake_feature/12120.npy,fake_label/12120.npy
fake_feature/12121.npy,fake_label/12121.npy
fake_feature/12122.npy,fake_label/12122.npy
fake_feature/12123.npy,fake_label/12123.npy
fake_feature/12124.npy,fake_label/12124.npy
fake_feature/12125.npy,fake_label/12125.npy
fake_feature/12126.npy,fake_label/12126.npy
fake_feature/12127.npy,fake_label/12127.npy
fake_feature/12128.npy,fake_label/12128.npy
fake_feature/12129.npy,fake_label/12129.npy
fake_feature/12130.npy,fake_label/12130.npy
fake_feature/12131.npy,fake_label/12131.npy
fake_feature/12132.npy,fake_label/12132.npy
fake_feature/12133.npy,fake_label/12133.npy
fake_feature/12134.npy,fake_label/12134.npy
fake_feature/12135.npy,fake_label/12135.npy
fake_feature/12136.npy,fake_label/12136.npy
fake_feature/12137.npy,fake_label/12137.npy
fake_feature/12138.npy,fake_label/12138.npy
fake_feature/12139.npy,fake_label/12139.npy
fake_feature/12140.npy,fake_label/12140.npy
fake_feature/12141.npy,fake_label/12141.npy
fake_feature/12142.npy,fake_label/12142.npy
fake_feature/12143.npy,fake_label/12143.npy
fake_feature/12144.npy,fake_label/12144.npy
fake_feature/12145.npy,fake_label/12145.npy
fake_feature/12146.npy,fake_label/12146.npy
fake_feature/12147.npy,fake_label/12147.npy
fake_feature/12148.npy,fake_label/12148.npy
fake_feature/12149.npy,fake_label/12149.npy
fake_feature/12150.npy,fake_label/12150.npy
fake_feature/12151.npy,fake_label/12151.npy
fake_feature/12152.npy,fake_label/12152.npy
fake_feature/12153.npy,fake_label/12153.npy
fake_feature/12154.npy,fake_label/12154.npy
fake_feature/12155.npy,fake_label/12155.npy
fake_feature/12156.npy,fake_label/12156.npy
fake_feature/12157.npy,fake_label/12157.npy
fake_feature/12158.npy,fake_label/12158.npy
fake_feature/12159.npy,fake_label/12159.npy
fake_feature/12160.npy,fake_label/12160.npy
fake_feature/12161.npy,fake_label/12161.npy
fake_feature/12162.npy,fake_label/12162.npy
fake_feature/12163.npy,fake_label/12163.npy
fake_feature/12164.npy,fake_label/12164.npy
fake_feature/12165.npy,fake_label/12165.npy
fake_feature/12166.npy,fake_label/12166.npy
fake_feature/12167.npy,fake_label/12167.npy
fake_feature/12168.npy,fake_label/12168.npy
fake_feature/12169.npy,fake_label/12169.npy
fake_feature/12170.npy,fake_label/12170.npy
fake_feature/12171.npy,fake_label/12171.npy
fake_feature/12172.npy,fake_label/12172.npy
fake_feature/12173.npy,fake_label/12173.npy
fake_feature/12174.npy,fake_label/12174.npy
fake_feature/12175.npy,fake_label/12175.npy
fake_feature/12176.npy,fake_label/12176.npy
fake_feature/12177.npy,fake_label/12177.npy
fake_feature/12178.npy,fake_label/12178.npy
fake_feature/12179.npy,fake_label/12179.npy
fake_feature/12180.npy,fake_label/12180.npy
fake_feature/12181.npy,fake_label/12181.npy
fake_feature/12182.npy,fake_label/12182.npy
fake_feature/12183.npy,fake_label/12183.npy
fake_feature/12184.npy,fake_label/12184.npy
fake_feature/12185.npy,fake_label/12185.npy
fake_feature/12186.npy,fake_label/12186.npy
fake_feature/12187.npy,fake_label/12187.npy
fake_feature/12188.npy,fake_label/12188.npy
fake_feature/12189.npy,fake_label/12189.npy
fake_feature/12190.npy,fake_label/12190.npy
fake_feature/12191.npy,fake_label/12191.npy
fake_feature/12192.npy,fake_label/12192.npy
fake_feature/12193.npy,fake_label/12193.npy
fake_feature/12194.npy,fake_label/12194.npy
fake_feature/12195.npy,fake_label/12195.npy
fake_feature/12196.npy,fake_label/12196.npy
fake_feature/12197.npy,fake_label/12197.npy
fake_feature/12198.npy,fake_label/12198.npy
fake_feature/12199.npy,fake_label/12199.npy
fake_feature/12200.npy,fake_label/12200.npy
fake_feature/12201.npy,fake_label/12201.npy
fake_feature/12202.npy,fake_label/12202.npy
fake_feature/12203.npy,fake_label/12203.npy
fake_feature/12204.npy,fake_label/12204.npy
fake_feature/12205.npy,fake_label/12205.npy
fake_feature/12206.npy,fake_label/12206.npy
fake_feature/12207.npy,fake_label/12207.npy
fake_feature/12208.npy,fake_label/12208.npy
fake_feature/12209.npy,fake_label/12209.npy
fake_feature/12210.npy,fake_label/12210.npy
fake_feature/12211.npy,fake_label/12211.npy
fake_feature/12212.npy,fake_label/12212.npy
fake_feature/12213.npy,fake_label/12213.npy
fake_feature/12214.npy,fake_label/12214.npy
fake_feature/12215.npy,fake_label/12215.npy
fake_feature/12216.npy,fake_label/12216.npy
fake_feature/12217.npy,fake_label/12217.npy
fake_feature/12218.npy,fake_label/12218.npy
fake_feature/12219.npy,fake_label/12219.npy
fake_feature/12220.npy,fake_label/12220.npy
fake_feature/12221.npy,fake_label/12221.npy
fake_feature/12222.npy,fake_label/12222.npy
fake_feature/12223.npy,fake_label/12223.npy
fake_feature/12224.npy,fake_label/12224.npy
fake_feature/12225.npy,fake_label/12225.npy
fake_feature/12226.npy,fake_label/12226.npy
fake_feature/12227.npy,fake_label/12227.npy
fake_feature/12228.npy,fake_label/12228.npy
fake_feature/12229.npy,fake_label/12229.npy
fake_feature/12230.npy,fake_label/12230.npy
fake_feature/12231.npy,fake_label/12231.npy
fake_feature/12232.npy,fake_label/12232.npy
fake_feature/12233.npy,fake_label/12233.npy
fake_feature/12234.npy,fake_label/12234.npy
fake_feature/12235.npy,fake_label/12235.npy
fake_feature/12236.npy,fake_label/12236.npy
fake_feature/12237.npy,fake_label/12237.npy
fake_feature/12238.npy,fake_label/12238.npy
fake_feature/12239.npy,fake_label/12239.npy
fake_feature/12240.npy,fake_label/12240.npy
fake_feature/12241.npy,fake_label/12241.npy
fake_feature/12242.npy,fake_label/12242.npy
fake_feature/12243.npy,fake_label/12243.npy
fake_feature/12244.npy,fake_label/12244.npy
fake_feature/12245.npy,fake_label/12245.npy
fake_feature/12246.npy,fake_label/12246.npy
fake_feature/12247.npy,fake_label/12247.npy
fake_feature/12248.npy,fake_label/12248.npy
fake_feature/12249.npy,fake_label/12249.npy
fake_feature/12250.npy,fake_label/12250.npy
fake_feature/12251.npy,fake_label/12251.npy
fake_feature/12252.npy,fake_label/12252.npy
fake_feature/12253.npy,fake_label/12253.npy
fake_feature/12254.npy,fake_label/12254.npy
fake_feature/12255.npy,fake_label/12255.npy
fake_feature/12256.npy,fake_label/12256.npy
fake_feature/12257.npy,fake_label/12257.npy
fake_feature/12258.npy,fake_label/12258.npy
fake_feature/12259.npy,fake_label/12259.npy
fake_feature/12260.npy,fake_label/12260.npy
fake_feature/12261.npy,fake_label/12261.npy
fake_feature/12262.npy,fake_label/12262.npy
fake_feature/12263.npy,fake_label/12263.npy
fake_feature/12264.npy,fake_label/12264.npy
fake_feature/12265.npy,fake_label/12265.npy
fake_feature/12266.npy,fake_label/12266.npy
fake_feature/12267.npy,fake_label/12267.npy
fake_feature/12268.npy,fake_label/12268.npy
fake_feature/12269.npy,fake_label/12269.npy
fake_feature/12270.npy,fake_label/12270.npy
fake_feature/12271.npy,fake_label/12271.npy
fake_feature/12272.npy,fake_label/12272.npy
fake_feature/12273.npy,fake_label/12273.npy
fake_feature/12274.npy,fake_label/12274.npy
fake_feature/12275.npy,fake_label/12275.npy
fake_feature/12276.npy,fake_label/12276.npy
fake_feature/12277.npy,fake_label/12277.npy
fake_feature/12278.npy,fake_label/12278.npy
fake_feature/12279.npy,fake_label/12279.npy
fake_feature/12280.npy,fake_label/12280.npy
fake_feature/12281.npy,fake_label/12281.npy
fake_feature/12282.npy,fake_label/12282.npy
fake_feature/12283.npy,fake_label/12283.npy
fake_feature/12284.npy,fake_label/12284.npy
fake_feature/12285.npy,fake_label/12285.npy
fake_feature/12286.npy,fake_label/12286.npy
fake_feature/12287.npy,fake_label/12287.npy
fake_feature/12288.npy,fake_label/12288.npy
fake_feature/12289.npy,fake_label/12289.npy
fake_feature/12290.npy,fake_label/12290.npy
fake_feature/12291.npy,fake_label/12291.npy
fake_feature/12292.npy,fake_label/12292.npy
fake_feature/12293.npy,fake_label/12293.npy
fake_feature/12294.npy,fake_label/12294.npy
fake_feature/12295.npy,fake_label/12295.npy
fake_feature/12296.npy,fake_label/12296.npy
fake_feature/12297.npy,fake_label/12297.npy
fake_feature/12298.npy,fake_label/12298.npy
fake_feature/12299.npy,fake_label/12299.npy
fake_feature/12300.npy,fake_label/12300.npy
fake_feature/12301.npy,fake_label/12301.npy
fake_feature/12302.npy,fake_label/12302.npy
fake_feature/12303.npy,fake_label/12303.npy
fake_feature/12304.npy,fake_label/12304.npy
fake_feature/12305.npy,fake_label/12305.npy
fake_feature/12306.npy,fake_label/12306.npy
fake_feature/12307.npy,fake_label/12307.npy
fake_feature/12308.npy,fake_label/12308.npy
fake_feature/12309.npy,fake_label/12309.npy
fake_feature/12310.npy,fake_label/12310.npy
fake_feature/12311.npy,fake_label/12311.npy
fake_feature/12312.npy,fake_label/12312.npy
fake_feature/12313.npy,fake_label/12313.npy
fake_feature/12314.npy,fake_label/12314.npy
fake_feature/12315.npy,fake_label/12315.npy
fake_feature/12316.npy,fake_label/12316.npy
fake_feature/12317.npy,fake_label/12317.npy
fake_feature/12318.npy,fake_label/12318.npy
fake_feature/12319.npy,fake_label/12319.npy
fake_feature/12320.npy,fake_label/12320.npy
fake_feature/12321.npy,fake_label/12321.npy
fake_feature/12322.npy,fake_label/12322.npy
fake_feature/12323.npy,fake_label/12323.npy
fake_feature/12324.npy,fake_label/12324.npy
fake_feature/12325.npy,fake_label/12325.npy
fake_feature/12326.npy,fake_label/12326.npy
fake_feature/12327.npy,fake_label/12327.npy
fake_feature/12328.npy,fake_label/12328.npy
fake_feature/12329.npy,fake_label/12329.npy
fake_feature/12330.npy,fake_label/12330.npy
fake_feature/12331.npy,fake_label/12331.npy
fake_feature/12332.npy,fake_label/12332.npy
fake_feature/12333.npy,fake_label/12333.npy
fake_feature/12334.npy,fake_label/12334.npy
fake_feature/12335.npy,fake_label/12335.npy
fake_feature/12336.npy,fake_label/12336.npy
fake_feature/12337.npy,fake_label/12337.npy
fake_feature/12338.npy,fake_label/12338.npy
fake_feature/12339.npy,fake_label/12339.npy
fake_feature/12340.npy,fake_label/12340.npy
fake_feature/12341.npy,fake_label/12341.npy
fake_feature/12342.npy,fake_label/12342.npy
fake_feature/12343.npy,fake_label/12343.npy
fake_feature/12344.npy,fake_label/12344.npy
fake_feature/12345.npy,fake_label/12345.npy
fake_feature/12346.npy,fake_label/12346.npy
fake_feature/12347.npy,fake_label/12347.npy
fake_feature/12348.npy,fake_label/12348.npy
fake_feature/12349.npy,fake_label/12349.npy
fake_feature/12350.npy,fake_label/12350.npy
fake_feature/12351.npy,fake_label/12351.npy
fake_feature/12352.npy,fake_label/12352.npy
fake_feature/12353.npy,fake_label/12353.npy
fake_feature/12354.npy,fake_label/12354.npy
fake_feature/12355.npy,fake_label/12355.npy
fake_feature/12356.npy,fake_label/12356.npy
fake_feature/12357.npy,fake_label/12357.npy
fake_feature/12358.npy,fake_label/12358.npy
fake_feature/12359.npy,fake_label/12359.npy
fake_feature/12360.npy,fake_label/12360.npy
fake_feature/12361.npy,fake_label/12361.npy
fake_feature/12362.npy,fake_label/12362.npy
fake_feature/12363.npy,fake_label/12363.npy
fake_feature/12364.npy,fake_label/12364.npy
fake_feature/12365.npy,fake_label/12365.npy
fake_feature/12366.npy,fake_label/12366.npy
fake_feature/12367.npy,fake_label/12367.npy
fake_feature/12368.npy,fake_label/12368.npy
fake_feature/12369.npy,fake_label/12369.npy
fake_feature/12370.npy,fake_label/12370.npy
fake_feature/12371.npy,fake_label/12371.npy
fake_feature/12372.npy,fake_label/12372.npy
fake_feature/12373.npy,fake_label/12373.npy
fake_feature/12374.npy,fake_label/12374.npy
fake_feature/12375.npy,fake_label/12375.npy
fake_feature/12376.npy,fake_label/12376.npy
fake_feature/12377.npy,fake_label/12377.npy
fake_feature/12378.npy,fake_label/12378.npy
fake_feature/12379.npy,fake_label/12379.npy
fake_feature/12380.npy,fake_label/12380.npy
fake_feature/12381.npy,fake_label/12381.npy
fake_feature/12382.npy,fake_label/12382.npy
fake_feature/12383.npy,fake_label/12383.npy
fake_feature/12384.npy,fake_label/12384.npy
fake_feature/12385.npy,fake_label/12385.npy
fake_feature/12386.npy,fake_label/12386.npy
fake_feature/12387.npy,fake_label/12387.npy
fake_feature/12388.npy,fake_label/12388.npy
fake_feature/12389.npy,fake_label/12389.npy
fake_feature/12390.npy,fake_label/12390.npy
fake_feature/12391.npy,fake_label/12391.npy
fake_feature/12392.npy,fake_label/12392.npy
fake_feature/12393.npy,fake_label/12393.npy
fake_feature/12394.npy,fake_label/12394.npy
fake_feature/12395.npy,fake_label/12395.npy
fake_feature/12396.npy,fake_label/12396.npy
fake_feature/12397.npy,fake_label/12397.npy
fake_feature/12398.npy,fake_label/12398.npy
fake_feature/12399.npy,fake_label/12399.npy
fake_feature/12400.npy,fake_label/12400.npy
fake_feature/12401.npy,fake_label/12401.npy
fake_feature/12402.npy,fake_label/12402.npy
fake_feature/12403.npy,fake_label/12403.npy
fake_feature/12404.npy,fake_label/12404.npy
fake_feature/12405.npy,fake_label/12405.npy
fake_feature/12406.npy,fake_label/12406.npy
fake_feature/12407.npy,fake_label/12407.npy
fake_feature/12408.npy,fake_label/12408.npy
fake_feature/12409.npy,fake_label/12409.npy
fake_feature/12410.npy,fake_label/12410.npy
fake_feature/12411.npy,fake_label/12411.npy
fake_feature/12412.npy,fake_label/12412.npy
fake_feature/12413.npy,fake_label/12413.npy
fake_feature/12414.npy,fake_label/12414.npy
fake_feature/12415.npy,fake_label/12415.npy
fake_feature/12416.npy,fake_label/12416.npy
fake_feature/12417.npy,fake_label/12417.npy
fake_feature/12418.npy,fake_label/12418.npy
fake_feature/12419.npy,fake_label/12419.npy
fake_feature/12420.npy,fake_label/12420.npy
fake_feature/12421.npy,fake_label/12421.npy
fake_feature/12422.npy,fake_label/12422.npy
fake_feature/12423.npy,fake_label/12423.npy
fake_feature/12424.npy,fake_label/12424.npy
fake_feature/12425.npy,fake_label/12425.npy
fake_feature/12426.npy,fake_label/12426.npy
fake_feature/12427.npy,fake_label/12427.npy
fake_feature/12428.npy,fake_label/12428.npy
fake_feature/12429.npy,fake_label/12429.npy
fake_feature/12430.npy,fake_label/12430.npy
fake_feature/12431.npy,fake_label/12431.npy
fake_feature/12432.npy,fake_label/12432.npy
fake_feature/12433.npy,fake_label/12433.npy
fake_feature/12434.npy,fake_label/12434.npy
fake_feature/12435.npy,fake_label/12435.npy
fake_feature/12436.npy,fake_label/12436.npy
fake_feature/12437.npy,fake_label/12437.npy
fake_feature/12438.npy,fake_label/12438.npy
fake_feature/12439.npy,fake_label/12439.npy
fake_feature/12440.npy,fake_label/12440.npy
fake_feature/12441.npy,fake_label/12441.npy
fake_feature/12442.npy,fake_label/12442.npy
fake_feature/12443.npy,fake_label/12443.npy
fake_feature/12444.npy,fake_label/12444.npy
fake_feature/12445.npy,fake_label/12445.npy
fake_feature/12446.npy,fake_label/12446.npy
fake_feature/12447.npy,fake_label/12447.npy
fake_feature/12448.npy,fake_label/12448.npy
fake_feature/12449.npy,fake_label/12449.npy
fake_feature/12450.npy,fake_label/12450.npy
fake_feature/12451.npy,fake_label/12451.npy
fake_feature/12452.npy,fake_label/12452.npy
fake_feature/12453.npy,fake_label/12453.npy
fake_feature/12454.npy,fake_label/12454.npy
fake_feature/12455.npy,fake_label/12455.npy
fake_feature/12456.npy,fake_label/12456.npy
fake_feature/12457.npy,fake_label/12457.npy
fake_feature/12458.npy,fake_label/12458.npy
fake_feature/12459.npy,fake_label/12459.npy
fake_feature/12460.npy,fake_label/12460.npy
fake_feature/12461.npy,fake_label/12461.npy
fake_feature/12462.npy,fake_label/12462.npy
fake_feature/12463.npy,fake_label/12463.npy
fake_feature/12464.npy,fake_label/12464.npy
fake_feature/12465.npy,fake_label/12465.npy
fake_feature/12466.npy,fake_label/12466.npy
fake_feature/12467.npy,fake_label/12467.npy
fake_feature/12468.npy,fake_label/12468.npy
fake_feature/12469.npy,fake_label/12469.npy
fake_feature/12470.npy,fake_label/12470.npy
fake_feature/12471.npy,fake_label/12471.npy
fake_feature/12472.npy,fake_label/12472.npy
fake_feature/12473.npy,fake_label/12473.npy
fake_feature/12474.npy,fake_label/12474.npy
fake_feature/12475.npy,fake_label/12475.npy
fake_feature/12476.npy,fake_label/12476.npy
fake_feature/12477.npy,fake_label/12477.npy
fake_feature/12478.npy,fake_label/12478.npy
fake_feature/12479.npy,fake_label/12479.npy
fake_feature/12480.npy,fake_label/12480.npy
fake_feature/12481.npy,fake_label/12481.npy
fake_feature/12482.npy,fake_label/12482.npy
fake_feature/12483.npy,fake_label/12483.npy
fake_feature/12484.npy,fake_label/12484.npy
fake_feature/12485.npy,fake_label/12485.npy
fake_feature/12486.npy,fake_label/12486.npy
fake_feature/12487.npy,fake_label/12487.npy
fake_feature/12488.npy,fake_label/12488.npy
fake_feature/12489.npy,fake_label/12489.npy
fake_feature/12490.npy,fake_label/12490.npy
fake_feature/12491.npy,fake_label/12491.npy
fake_feature/12492.npy,fake_label/12492.npy
fake_feature/12493.npy,fake_label/12493.npy
fake_feature/12494.npy,fake_label/12494.npy
fake_feature/12495.npy,fake_label/12495.npy
fake_feature/12496.npy,fake_label/12496.npy
fake_feature/12497.npy,fake_label/12497.npy
fake_feature/12498.npy,fake_label/12498.npy
fake_feature/12499.npy,fake_label/12499.npy
fake_feature/12500.npy,fake_label/12500.npy
fake_feature/12501.npy,fake_label/12501.npy
fake_feature/12502.npy,fake_label/12502.npy
fake_feature/12503.npy,fake_label/12503.npy
fake_feature/12504.npy,fake_label/12504.npy
fake_feature/12505.npy,fake_label/12505.npy
fake_feature/12506.npy,fake_label/12506.npy
fake_feature/12507.npy,fake_label/12507.npy
fake_feature/12508.npy,fake_label/12508.npy
fake_feature/12509.npy,fake_label/12509.npy
fake_feature/12510.npy,fake_label/12510.npy
fake_feature/12511.npy,fake_label/12511.npy
fake_feature/12512.npy,fake_label/12512.npy
fake_feature/12513.npy,fake_label/12513.npy
fake_feature/12514.npy,fake_label/12514.npy
fake_feature/12515.npy,fake_label/12515.npy
fake_feature/12516.npy,fake_label/12516.npy
fake_feature/12517.npy,fake_label/12517.npy
fake_feature/12518.npy,fake_label/12518.npy
fake_feature/12519.npy,fake_label/12519.npy
fake_feature/12520.npy,fake_label/12520.npy
fake_feature/12521.npy,fake_label/12521.npy
fake_feature/12522.npy,fake_label/12522.npy
fake_feature/12523.npy,fake_label/12523.npy
fake_feature/12524.npy,fake_label/12524.npy
fake_feature/12525.npy,fake_label/12525.npy
fake_feature/12526.npy,fake_label/12526.npy
fake_feature/12527.npy,fake_label/12527.npy
fake_feature/12528.npy,fake_label/12528.npy
fake_feature/12529.npy,fake_label/12529.npy
fake_feature/12530.npy,fake_label/12530.npy
fake_feature/12531.npy,fake_label/12531.npy
fake_feature/12532.npy,fake_label/12532.npy
fake_feature/12533.npy,fake_label/12533.npy
fake_feature/12534.npy,fake_label/12534.npy
fake_feature/12535.npy,fake_label/12535.npy
fake_feature/12536.npy,fake_label/12536.npy
fake_feature/12537.npy,fake_label/12537.npy
fake_feature/12538.npy,fake_label/12538.npy
fake_feature/12539.npy,fake_label/12539.npy
fake_feature/12540.npy,fake_label/12540.npy
fake_feature/12541.npy,fake_label/12541.npy
fake_feature/12542.npy,fake_label/12542.npy
fake_feature/12543.npy,fake_label/12543.npy
fake_feature/12544.npy,fake_label/12544.npy
fake_feature/12545.npy,fake_label/12545.npy
fake_feature/12546.npy,fake_label/12546.npy
fake_feature/12547.npy,fake_label/12547.npy
fake_feature/12548.npy,fake_label/12548.npy
fake_feature/12549.npy,fake_label/12549.npy
fake_feature/12550.npy,fake_label/12550.npy
fake_feature/12551.npy,fake_label/12551.npy
fake_feature/12552.npy,fake_label/12552.npy
fake_feature/12553.npy,fake_label/12553.npy
fake_feature/12554.npy,fake_label/12554.npy
fake_feature/12555.npy,fake_label/12555.npy
fake_feature/12556.npy,fake_label/12556.npy
fake_feature/12557.npy,fake_label/12557.npy
fake_feature/12558.npy,fake_label/12558.npy
fake_feature/12559.npy,fake_label/12559.npy
fake_feature/12560.npy,fake_label/12560.npy
fake_feature/12561.npy,fake_label/12561.npy
fake_feature/12562.npy,fake_label/12562.npy
fake_feature/12563.npy,fake_label/12563.npy
fake_feature/12564.npy,fake_label/12564.npy
fake_feature/12565.npy,fake_label/12565.npy
fake_feature/12566.npy,fake_label/12566.npy
fake_feature/12567.npy,fake_label/12567.npy
fake_feature/12568.npy,fake_label/12568.npy
fake_feature/12569.npy,fake_label/12569.npy
fake_feature/12570.npy,fake_label/12570.npy
fake_feature/12571.npy,fake_label/12571.npy
fake_feature/12572.npy,fake_label/12572.npy
fake_feature/12573.npy,fake_label/12573.npy
fake_feature/12574.npy,fake_label/12574.npy
fake_feature/12575.npy,fake_label/12575.npy
fake_feature/12576.npy,fake_label/12576.npy
fake_feature/12577.npy,fake_label/12577.npy
fake_feature/12578.npy,fake_label/12578.npy
fake_feature/12579.npy,fake_label/12579.npy
fake_feature/12580.npy,fake_label/12580.npy
fake_feature/12581.npy,fake_label/12581.npy
fake_feature/12582.npy,fake_label/12582.npy
fake_feature/12583.npy,fake_label/12583.npy
fake_feature/12584.npy,fake_label/12584.npy
fake_feature/12585.npy,fake_label/12585.npy
fake_feature/12586.npy,fake_label/12586.npy
fake_feature/12587.npy,fake_label/12587.npy
fake_feature/12588.npy,fake_label/12588.npy
fake_feature/12589.npy,fake_label/12589.npy
fake_feature/12590.npy,fake_label/12590.npy
fake_feature/12591.npy,fake_label/12591.npy
fake_feature/12592.npy,fake_label/12592.npy
fake_feature/12593.npy,fake_label/12593.npy
fake_feature/12594.npy,fake_label/12594.npy
fake_feature/12595.npy,fake_label/12595.npy
fake_feature/12596.npy,fake_label/12596.npy
fake_feature/12597.npy,fake_label/12597.npy
fake_feature/12598.npy,fake_label/12598.npy
fake_feature/12599.npy,fake_label/12599.npy
fake_feature/12600.npy,fake_label/12600.npy
fake_feature/12601.npy,fake_label/12601.npy
fake_feature/12602.npy,fake_label/12602.npy
fake_feature/12603.npy,fake_label/12603.npy
fake_feature/12604.npy,fake_label/12604.npy
fake_feature/12605.npy,fake_label/12605.npy
fake_feature/12606.npy,fake_label/12606.npy
fake_feature/12607.npy,fake_label/12607.npy
fake_feature/12608.npy,fake_label/12608.npy
fake_feature/12609.npy,fake_label/12609.npy
fake_feature/12610.npy,fake_label/12610.npy
fake_feature/12611.npy,fake_label/12611.npy
fake_feature/12612.npy,fake_label/12612.npy
fake_feature/12613.npy,fake_label/12613.npy
fake_feature/12614.npy,fake_label/12614.npy
fake_feature/12615.npy,fake_label/12615.npy
fake_feature/12616.npy,fake_label/12616.npy
fake_feature/12617.npy,fake_label/12617.npy
fake_feature/12618.npy,fake_label/12618.npy
fake_feature/12619.npy,fake_label/12619.npy
fake_feature/12620.npy,fake_label/12620.npy
fake_feature/12621.npy,fake_label/12621.npy
fake_feature/12622.npy,fake_label/12622.npy
fake_feature/12623.npy,fake_label/12623.npy
fake_feature/12624.npy,fake_label/12624.npy
fake_feature/12625.npy,fake_label/12625.npy
fake_feature/12626.npy,fake_label/12626.npy
fake_feature/12627.npy,fake_label/12627.npy
fake_feature/12628.npy,fake_label/12628.npy
fake_feature/12629.npy,fake_label/12629.npy
fake_feature/12630.npy,fake_label/12630.npy
fake_feature/12631.npy,fake_label/12631.npy
fake_feature/12632.npy,fake_label/12632.npy
fake_feature/12633.npy,fake_label/12633.npy
fake_feature/12634.npy,fake_label/12634.npy
fake_feature/12635.npy,fake_label/12635.npy
fake_feature/12636.npy,fake_label/12636.npy
fake_feature/12637.npy,fake_label/12637.npy
fake_feature/12638.npy,fake_label/12638.npy
fake_feature/12639.npy,fake_label/12639.npy
fake_feature/12640.npy,fake_label/12640.npy
fake_feature/12641.npy,fake_label/12641.npy
fake_feature/12642.npy,fake_label/12642.npy
fake_feature/12643.npy,fake_label/12643.npy
fake_feature/12644.npy,fake_label/12644.npy
fake_feature/12645.npy,fake_label/12645.npy
fake_feature/12646.npy,fake_label/12646.npy
fake_feature/12647.npy,fake_label/12647.npy
fake_feature/12648.npy,fake_label/12648.npy
fake_feature/12649.npy,fake_label/12649.npy
fake_feature/12650.npy,fake_label/12650.npy
fake_feature/12651.npy,fake_label/12651.npy
fake_feature/12652.npy,fake_label/12652.npy
fake_feature/12653.npy,fake_label/12653.npy
fake_feature/12654.npy,fake_label/12654.npy
fake_feature/12655.npy,fake_label/12655.npy
fake_feature/12656.npy,fake_label/12656.npy
fake_feature/12657.npy,fake_label/12657.npy
fake_feature/12658.npy,fake_label/12658.npy
fake_feature/12659.npy,fake_label/12659.npy
fake_feature/12660.npy,fake_label/12660.npy
fake_feature/12661.npy,fake_label/12661.npy
fake_feature/12662.npy,fake_label/12662.npy
fake_feature/12663.npy,fake_label/12663.npy
fake_feature/12664.npy,fake_label/12664.npy
fake_feature/12665.npy,fake_label/12665.npy
fake_feature/12666.npy,fake_label/12666.npy
fake_feature/12667.npy,fake_label/12667.npy
fake_feature/12668.npy,fake_label/12668.npy
fake_feature/12669.npy,fake_label/12669.npy
fake_feature/12670.npy,fake_label/12670.npy
fake_feature/12671.npy,fake_label/12671.npy
fake_feature/12672.npy,fake_label/12672.npy
fake_feature/12673.npy,fake_label/12673.npy
fake_feature/12674.npy,fake_label/12674.npy
fake_feature/12675.npy,fake_label/12675.npy
fake_feature/12676.npy,fake_label/12676.npy
fake_feature/12677.npy,fake_label/12677.npy
fake_feature/12678.npy,fake_label/12678.npy
fake_feature/12679.npy,fake_label/12679.npy
fake_feature/12680.npy,fake_label/12680.npy
fake_feature/12681.npy,fake_label/12681.npy
fake_feature/12682.npy,fake_label/12682.npy
fake_feature/12683.npy,fake_label/12683.npy
fake_feature/12684.npy,fake_label/12684.npy
fake_feature/12685.npy,fake_label/12685.npy
fake_feature/12686.npy,fake_label/12686.npy
fake_feature/12687.npy,fake_label/12687.npy
fake_feature/12688.npy,fake_label/12688.npy
fake_feature/12689.npy,fake_label/12689.npy
fake_feature/12690.npy,fake_label/12690.npy
fake_feature/12691.npy,fake_label/12691.npy
fake_feature/12692.npy,fake_label/12692.npy
fake_feature/12693.npy,fake_label/12693.npy
fake_feature/12694.npy,fake_label/12694.npy
fake_feature/12695.npy,fake_label/12695.npy
fake_feature/12696.npy,fake_label/12696.npy
fake_feature/12697.npy,fake_label/12697.npy
fake_feature/12698.npy,fake_label/12698.npy
fake_feature/12699.npy,fake_label/12699.npy
fake_feature/12700.npy,fake_label/12700.npy
fake_feature/12701.npy,fake_label/12701.npy
fake_feature/12702.npy,fake_label/12702.npy
fake_feature/12703.npy,fake_label/12703.npy
fake_feature/12704.npy,fake_label/12704.npy
fake_feature/12705.npy,fake_label/12705.npy
fake_feature/12706.npy,fake_label/12706.npy
fake_feature/12707.npy,fake_label/12707.npy
fake_feature/12708.npy,fake_label/12708.npy
fake_feature/12709.npy,fake_label/12709.npy
fake_feature/12710.npy,fake_label/12710.npy
fake_feature/12711.npy,fake_label/12711.npy
fake_feature/12712.npy,fake_label/12712.npy
fake_feature/12713.npy,fake_label/12713.npy
fake_feature/12714.npy,fake_label/12714.npy
fake_feature/12715.npy,fake_label/12715.npy
fake_feature/12716.npy,fake_label/12716.npy
fake_feature/12717.npy,fake_label/12717.npy
fake_feature/12718.npy,fake_label/12718.npy
fake_feature/12719.npy,fake_label/12719.npy
fake_feature/12720.npy,fake_label/12720.npy
fake_feature/12721.npy,fake_label/12721.npy
fake_feature/12722.npy,fake_label/12722.npy
fake_feature/12723.npy,fake_label/12723.npy
fake_feature/12724.npy,fake_label/12724.npy
fake_feature/12725.npy,fake_label/12725.npy
fake_feature/12726.npy,fake_label/12726.npy
fake_feature/12727.npy,fake_label/12727.npy
fake_feature/12728.npy,fake_label/12728.npy
fake_feature/12729.npy,fake_label/12729.npy
fake_feature/12730.npy,fake_label/12730.npy
fake_feature/12731.npy,fake_label/12731.npy
fake_feature/12732.npy,fake_label/12732.npy
fake_feature/12733.npy,fake_label/12733.npy
fake_feature/12734.npy,fake_label/12734.npy
fake_feature/12735.npy,fake_label/12735.npy
fake_feature/12736.npy,fake_label/12736.npy
fake_feature/12737.npy,fake_label/12737.npy
fake_feature/12738.npy,fake_label/12738.npy
fake_feature/12739.npy,fake_label/12739.npy
fake_feature/12740.npy,fake_label/12740.npy
fake_feature/12741.npy,fake_label/12741.npy
fake_feature/12742.npy,fake_label/12742.npy
fake_feature/12743.npy,fake_label/12743.npy
fake_feature/12744.npy,fake_label/12744.npy
fake_feature/12745.npy,fake_label/12745.npy
fake_feature/12746.npy,fake_label/12746.npy
fake_feature/12747.npy,fake_label/12747.npy
fake_feature/12748.npy,fake_label/12748.npy
fake_feature/12749.npy,fake_label/12749.npy
fake_feature/12750.npy,fake_label/12750.npy
fake_feature/12751.npy,fake_label/12751.npy
fake_feature/12752.npy,fake_label/12752.npy
fake_feature/12753.npy,fake_label/12753.npy
fake_feature/12754.npy,fake_label/12754.npy
fake_feature/12755.npy,fake_label/12755.npy
fake_feature/12756.npy,fake_label/12756.npy
fake_feature/12757.npy,fake_label/12757.npy
fake_feature/12758.npy,fake_label/12758.npy
fake_feature/12759.npy,fake_label/12759.npy
fake_feature/12760.npy,fake_label/12760.npy
fake_feature/12761.npy,fake_label/12761.npy
fake_feature/12762.npy,fake_label/12762.npy
fake_feature/12763.npy,fake_label/12763.npy
fake_feature/12764.npy,fake_label/12764.npy
fake_feature/12765.npy,fake_label/12765.npy
fake_feature/12766.npy,fake_label/12766.npy
fake_feature/12767.npy,fake_label/12767.npy
fake_feature/12768.npy,fake_label/12768.npy
fake_feature/12769.npy,fake_label/12769.npy
fake_feature/12770.npy,fake_label/12770.npy
fake_feature/12771.npy,fake_label/12771.npy
fake_feature/12772.npy,fake_label/12772.npy
fake_feature/12773.npy,fake_label/12773.npy
fake_feature/12774.npy,fake_label/12774.npy
fake_feature/12775.npy,fake_label/12775.npy
fake_feature/12776.npy,fake_label/12776.npy
fake_feature/12777.npy,fake_label/12777.npy
fake_feature/12778.npy,fake_label/12778.npy
fake_feature/12779.npy,fake_label/12779.npy
fake_feature/12780.npy,fake_label/12780.npy
fake_feature/12781.npy,fake_label/12781.npy
fake_feature/12782.npy,fake_label/12782.npy
fake_feature/12783.npy,fake_label/12783.npy
fake_feature/12784.npy,fake_label/12784.npy
fake_feature/12785.npy,fake_label/12785.npy
fake_feature/12786.npy,fake_label/12786.npy
fake_feature/12787.npy,fake_label/12787.npy
fake_feature/12788.npy,fake_label/12788.npy
fake_feature/12789.npy,fake_label/12789.npy
fake_feature/12790.npy,fake_label/12790.npy
fake_feature/12791.npy,fake_label/12791.npy
fake_feature/12792.npy,fake_label/12792.npy
fake_feature/12793.npy,fake_label/12793.npy
fake_feature/12794.npy,fake_label/12794.npy
fake_feature/12795.npy,fake_label/12795.npy
fake_feature/12796.npy,fake_label/12796.npy
fake_feature/12797.npy,fake_label/12797.npy
fake_feature/12798.npy,fake_label/12798.npy
fake_feature/12799.npy,fake_label/12799.npy
fake_feature/12800.npy,fake_label/12800.npy
fake_feature/12801.npy,fake_label/12801.npy
fake_feature/12802.npy,fake_label/12802.npy
fake_feature/12803.npy,fake_label/12803.npy
fake_feature/12804.npy,fake_label/12804.npy
fake_feature/12805.npy,fake_label/12805.npy
fake_feature/12806.npy,fake_label/12806.npy
fake_feature/12807.npy,fake_label/12807.npy
fake_feature/12808.npy,fake_label/12808.npy
fake_feature/12809.npy,fake_label/12809.npy
fake_feature/12810.npy,fake_label/12810.npy
fake_feature/12811.npy,fake_label/12811.npy
fake_feature/12812.npy,fake_label/12812.npy
fake_feature/12813.npy,fake_label/12813.npy
fake_feature/12814.npy,fake_label/12814.npy
fake_feature/12815.npy,fake_label/12815.npy
fake_feature/12816.npy,fake_label/12816.npy
fake_feature/12817.npy,fake_label/12817.npy
fake_feature/12818.npy,fake_label/12818.npy
fake_feature/12819.npy,fake_label/12819.npy
fake_feature/12820.npy,fake_label/12820.npy
fake_feature/12821.npy,fake_label/12821.npy
fake_feature/12822.npy,fake_label/12822.npy
fake_feature/12823.npy,fake_label/12823.npy
fake_feature/12824.npy,fake_label/12824.npy
fake_feature/12825.npy,fake_label/12825.npy
fake_feature/12826.npy,fake_label/12826.npy
fake_feature/12827.npy,fake_label/12827.npy
fake_feature/12828.npy,fake_label/12828.npy
fake_feature/12829.npy,fake_label/12829.npy
fake_feature/12830.npy,fake_label/12830.npy
fake_feature/12831.npy,fake_label/12831.npy
fake_feature/12832.npy,fake_label/12832.npy
fake_feature/12833.npy,fake_label/12833.npy
fake_feature/12834.npy,fake_label/12834.npy
fake_feature/12835.npy,fake_label/12835.npy
fake_feature/12836.npy,fake_label/12836.npy
fake_feature/12837.npy,fake_label/12837.npy
fake_feature/12838.npy,fake_label/12838.npy
fake_feature/12839.npy,fake_label/12839.npy
fake_feature/12840.npy,fake_label/12840.npy
fake_feature/12841.npy,fake_label/12841.npy
fake_feature/12842.npy,fake_label/12842.npy
fake_feature/12843.npy,fake_label/12843.npy
fake_feature/12844.npy,fake_label/12844.npy
fake_feature/12845.npy,fake_label/12845.npy
fake_feature/12846.npy,fake_label/12846.npy
fake_feature/12847.npy,fake_label/12847.npy
fake_feature/12848.npy,fake_label/12848.npy
fake_feature/12849.npy,fake_label/12849.npy
fake_feature/12850.npy,fake_label/12850.npy
fake_feature/12851.npy,fake_label/12851.npy
fake_feature/12852.npy,fake_label/12852.npy
fake_feature/12853.npy,fake_label/12853.npy
fake_feature/12854.npy,fake_label/12854.npy
fake_feature/12855.npy,fake_label/12855.npy
fake_feature/12856.npy,fake_label/12856.npy
fake_feature/12857.npy,fake_label/12857.npy
fake_feature/12858.npy,fake_label/12858.npy
fake_feature/12859.npy,fake_label/12859.npy
fake_feature/12860.npy,fake_label/12860.npy
fake_feature/12861.npy,fake_label/12861.npy
fake_feature/12862.npy,fake_label/12862.npy
fake_feature/12863.npy,fake_label/12863.npy
fake_feature/12864.npy,fake_label/12864.npy
fake_feature/12865.npy,fake_label/12865.npy
fake_feature/12866.npy,fake_label/12866.npy
fake_feature/12867.npy,fake_label/12867.npy
fake_feature/12868.npy,fake_label/12868.npy
fake_feature/12869.npy,fake_label/12869.npy
fake_feature/12870.npy,fake_label/12870.npy
fake_feature/12871.npy,fake_label/12871.npy
fake_feature/12872.npy,fake_label/12872.npy
fake_feature/12873.npy,fake_label/12873.npy
fake_feature/12874.npy,fake_label/12874.npy
fake_feature/12875.npy,fake_label/12875.npy
fake_feature/12876.npy,fake_label/12876.npy
fake_feature/12877.npy,fake_label/12877.npy
fake_feature/12878.npy,fake_label/12878.npy
fake_feature/12879.npy,fake_label/12879.npy
fake_feature/12880.npy,fake_label/12880.npy
fake_feature/12881.npy,fake_label/12881.npy
fake_feature/12882.npy,fake_label/12882.npy
fake_feature/12883.npy,fake_label/12883.npy
fake_feature/12884.npy,fake_label/12884.npy
fake_feature/12885.npy,fake_label/12885.npy
fake_feature/12886.npy,fake_label/12886.npy
fake_feature/12887.npy,fake_label/12887.npy
fake_feature/12888.npy,fake_label/12888.npy
fake_feature/12889.npy,fake_label/12889.npy
fake_feature/12890.npy,fake_label/12890.npy
fake_feature/12891.npy,fake_label/12891.npy
fake_feature/12892.npy,fake_label/12892.npy
fake_feature/12893.npy,fake_label/12893.npy
fake_feature/12894.npy,fake_label/12894.npy
fake_feature/12895.npy,fake_label/12895.npy
fake_feature/12896.npy,fake_label/12896.npy
fake_feature/12897.npy,fake_label/12897.npy
fake_feature/12898.npy,fake_label/12898.npy
fake_feature/12899.npy,fake_label/12899.npy
fake_feature/12900.npy,fake_label/12900.npy
fake_feature/12901.npy,fake_label/12901.npy
fake_feature/12902.npy,fake_label/12902.npy
fake_feature/12903.npy,fake_label/12903.npy
fake_feature/12904.npy,fake_label/12904.npy
fake_feature/12905.npy,fake_label/12905.npy
fake_feature/12906.npy,fake_label/12906.npy
fake_feature/12907.npy,fake_label/12907.npy
fake_feature/12908.npy,fake_label/12908.npy
fake_feature/12909.npy,fake_label/12909.npy
fake_feature/12910.npy,fake_label/12910.npy
fake_feature/12911.npy,fake_label/12911.npy
fake_feature/12912.npy,fake_label/12912.npy
fake_feature/12913.npy,fake_label/12913.npy
fake_feature/12914.npy,fake_label/12914.npy
fake_feature/12915.npy,fake_label/12915.npy
fake_feature/12916.npy,fake_label/12916.npy
fake_feature/12917.npy,fake_label/12917.npy
fake_feature/12918.npy,fake_label/12918.npy
fake_feature/12919.npy,fake_label/12919.npy
fake_feature/12920.npy,fake_label/12920.npy
fake_feature/12921.npy,fake_label/12921.npy
fake_feature/12922.npy,fake_label/12922.npy
fake_feature/12923.npy,fake_label/12923.npy
fake_feature/12924.npy,fake_label/12924.npy
fake_feature/12925.npy,fake_label/12925.npy
fake_feature/12926.npy,fake_label/12926.npy
fake_feature/12927.npy,fake_label/12927.npy
fake_feature/12928.npy,fake_label/12928.npy
fake_feature/12929.npy,fake_label/12929.npy
fake_feature/12930.npy,fake_label/12930.npy
fake_feature/12931.npy,fake_label/12931.npy
fake_feature/12932.npy,fake_label/12932.npy
fake_feature/12933.npy,fake_label/12933.npy
fake_feature/12934.npy,fake_label/12934.npy
fake_feature/12935.npy,fake_label/12935.npy
fake_feature/12936.npy,fake_label/12936.npy
fake_feature/12937.npy,fake_label/12937.npy
fake_feature/12938.npy,fake_label/12938.npy
fake_feature/12939.npy,fake_label/12939.npy
fake_feature/12940.npy,fake_label/12940.npy
fake_feature/12941.npy,fake_label/12941.npy
fake_feature/12942.npy,fake_label/12942.npy
fake_feature/12943.npy,fake_label/12943.npy
fake_feature/12944.npy,fake_label/12944.npy
fake_feature/12945.npy,fake_label/12945.npy
fake_feature/12946.npy,fake_label/12946.npy
fake_feature/12947.npy,fake_label/12947.npy
fake_feature/12948.npy,fake_label/12948.npy
fake_feature/12949.npy,fake_label/12949.npy
fake_feature/12950.npy,fake_label/12950.npy
fake_feature/12951.npy,fake_label/12951.npy
fake_feature/12952.npy,fake_label/12952.npy
fake_feature/12953.npy,fake_label/12953.npy
fake_feature/12954.npy,fake_label/12954.npy
fake_feature/12955.npy,fake_label/12955.npy
fake_feature/12956.npy,fake_label/12956.npy
fake_feature/12957.npy,fake_label/12957.npy
fake_feature/12958.npy,fake_label/12958.npy
fake_feature/12959.npy,fake_label/12959.npy
fake_feature/12960.npy,fake_label/12960.npy
fake_feature/12961.npy,fake_label/12961.npy
fake_feature/12962.npy,fake_label/12962.npy
fake_feature/12963.npy,fake_label/12963.npy
fake_feature/12964.npy,fake_label/12964.npy
fake_feature/12965.npy,fake_label/12965.npy
fake_feature/12966.npy,fake_label/12966.npy
fake_feature/12967.npy,fake_label/12967.npy
fake_feature/12968.npy,fake_label/12968.npy
fake_feature/12969.npy,fake_label/12969.npy
fake_feature/12970.npy,fake_label/12970.npy
fake_feature/12971.npy,fake_label/12971.npy
fake_feature/12972.npy,fake_label/12972.npy
fake_feature/12973.npy,fake_label/12973.npy
fake_feature/12974.npy,fake_label/12974.npy
fake_feature/12975.npy,fake_label/12975.npy
fake_feature/12976.npy,fake_label/12976.npy
fake_feature/12977.npy,fake_label/12977.npy
fake_feature/12978.npy,fake_label/12978.npy
fake_feature/12979.npy,fake_label/12979.npy
fake_feature/12980.npy,fake_label/12980.npy
fake_feature/12981.npy,fake_label/12981.npy
fake_feature/12982.npy,fake_label/12982.npy
fake_feature/12983.npy,fake_label/12983.npy
fake_feature/12984.npy,fake_label/12984.npy
fake_feature/12985.npy,fake_label/12985.npy
fake_feature/12986.npy,fake_label/12986.npy
fake_feature/12987.npy,fake_label/12987.npy
fake_feature/12988.npy,fake_label/12988.npy
fake_feature/12989.npy,fake_label/12989.npy
fake_feature/12990.npy,fake_label/12990.npy
fake_feature/12991.npy,fake_label/12991.npy
fake_feature/12992.npy,fake_label/12992.npy
fake_feature/12993.npy,fake_label/12993.npy
fake_feature/12994.npy,fake_label/12994.npy
fake_feature/12995.npy,fake_label/12995.npy
fake_feature/12996.npy,fake_label/12996.npy
fake_feature/12997.npy,fake_label/12997.npy
fake_feature/12998.npy,fake_label/12998.npy
fake_feature/12999.npy,fake_label/12999.npy
fake_feature/13000.npy,fake_label/13000.npy
fake_feature/13001.npy,fake_label/13001.npy
fake_feature/13002.npy,fake_label/13002.npy
fake_feature/13003.npy,fake_label/13003.npy
fake_feature/13004.npy,fake_label/13004.npy
fake_feature/13005.npy,fake_label/13005.npy
fake_feature/13006.npy,fake_label/13006.npy
fake_feature/13007.npy,fake_label/13007.npy
fake_feature/13008.npy,fake_label/13008.npy
fake_feature/13009.npy,fake_label/13009.npy
fake_feature/13010.npy,fake_label/13010.npy
fake_feature/13011.npy,fake_label/13011.npy
fake_feature/13012.npy,fake_label/13012.npy
fake_feature/13013.npy,fake_label/13013.npy
fake_feature/13014.npy,fake_label/13014.npy
fake_feature/13015.npy,fake_label/13015.npy
fake_feature/13016.npy,fake_label/13016.npy
fake_feature/13017.npy,fake_label/13017.npy
fake_feature/13018.npy,fake_label/13018.npy
fake_feature/13019.npy,fake_label/13019.npy
fake_feature/13020.npy,fake_label/13020.npy
fake_feature/13021.npy,fake_label/13021.npy
fake_feature/13022.npy,fake_label/13022.npy
fake_feature/13023.npy,fake_label/13023.npy
fake_feature/13024.npy,fake_label/13024.npy
fake_feature/13025.npy,fake_label/13025.npy
fake_feature/13026.npy,fake_label/13026.npy
fake_feature/13027.npy,fake_label/13027.npy
fake_feature/13028.npy,fake_label/13028.npy
fake_feature/13029.npy,fake_label/13029.npy
fake_feature/13030.npy,fake_label/13030.npy
fake_feature/13031.npy,fake_label/13031.npy
fake_feature/13032.npy,fake_label/13032.npy
fake_feature/13033.npy,fake_label/13033.npy
fake_feature/13034.npy,fake_label/13034.npy
fake_feature/13035.npy,fake_label/13035.npy
fake_feature/13036.npy,fake_label/13036.npy
fake_feature/13037.npy,fake_label/13037.npy
fake_feature/13038.npy,fake_label/13038.npy
fake_feature/13039.npy,fake_label/13039.npy
fake_feature/13040.npy,fake_label/13040.npy
fake_feature/13041.npy,fake_label/13041.npy
fake_feature/13042.npy,fake_label/13042.npy
fake_feature/13043.npy,fake_label/13043.npy
fake_feature/13044.npy,fake_label/13044.npy
fake_feature/13045.npy,fake_label/13045.npy
fake_feature/13046.npy,fake_label/13046.npy
fake_feature/13047.npy,fake_label/13047.npy
fake_feature/13048.npy,fake_label/13048.npy
fake_feature/13049.npy,fake_label/13049.npy
fake_feature/13050.npy,fake_label/13050.npy
fake_feature/13051.npy,fake_label/13051.npy
fake_feature/13052.npy,fake_label/13052.npy
fake_feature/13053.npy,fake_label/13053.npy
fake_feature/13054.npy,fake_label/13054.npy
fake_feature/13055.npy,fake_label/13055.npy
fake_feature/13056.npy,fake_label/13056.npy
fake_feature/13057.npy,fake_label/13057.npy
fake_feature/13058.npy,fake_label/13058.npy
fake_feature/13059.npy,fake_label/13059.npy
fake_feature/13060.npy,fake_label/13060.npy
fake_feature/13061.npy,fake_label/13061.npy
fake_feature/13062.npy,fake_label/13062.npy
fake_feature/13063.npy,fake_label/13063.npy
fake_feature/13064.npy,fake_label/13064.npy
fake_feature/13065.npy,fake_label/13065.npy
fake_feature/13066.npy,fake_label/13066.npy
fake_feature/13067.npy,fake_label/13067.npy
fake_feature/13068.npy,fake_label/13068.npy
fake_feature/13069.npy,fake_label/13069.npy
fake_feature/13070.npy,fake_label/13070.npy
fake_feature/13071.npy,fake_label/13071.npy
fake_feature/13072.npy,fake_label/13072.npy
fake_feature/13073.npy,fake_label/13073.npy
fake_feature/13074.npy,fake_label/13074.npy
fake_feature/13075.npy,fake_label/13075.npy
fake_feature/13076.npy,fake_label/13076.npy
fake_feature/13077.npy,fake_label/13077.npy
fake_feature/13078.npy,fake_label/13078.npy
fake_feature/13079.npy,fake_label/13079.npy
fake_feature/13080.npy,fake_label/13080.npy
fake_feature/13081.npy,fake_label/13081.npy
fake_feature/13082.npy,fake_label/13082.npy
fake_feature/13083.npy,fake_label/13083.npy
fake_feature/13084.npy,fake_label/13084.npy
fake_feature/13085.npy,fake_label/13085.npy
fake_feature/13086.npy,fake_label/13086.npy
fake_feature/13087.npy,fake_label/13087.npy
fake_feature/13088.npy,fake_label/13088.npy
fake_feature/13089.npy,fake_label/13089.npy
fake_feature/13090.npy,fake_label/13090.npy
fake_feature/13091.npy,fake_label/13091.npy
fake_feature/13092.npy,fake_label/13092.npy
fake_feature/13093.npy,fake_label/13093.npy
fake_feature/13094.npy,fake_label/13094.npy
fake_feature/13095.npy,fake_label/13095.npy
fake_feature/13096.npy,fake_label/13096.npy
fake_feature/13097.npy,fake_label/13097.npy
fake_feature/13098.npy,fake_label/13098.npy
fake_feature/13099.npy,fake_label/13099.npy
fake_feature/13100.npy,fake_label/13100.npy
fake_feature/13101.npy,fake_label/13101.npy
fake_feature/13102.npy,fake_label/13102.npy
fake_feature/13103.npy,fake_label/13103.npy
fake_feature/13104.npy,fake_label/13104.npy
fake_feature/13105.npy,fake_label/13105.npy
fake_feature/13106.npy,fake_label/13106.npy
fake_feature/13107.npy,fake_label/13107.npy
fake_feature/13108.npy,fake_label/13108.npy
fake_feature/13109.npy,fake_label/13109.npy
fake_feature/13110.npy,fake_label/13110.npy
fake_feature/13111.npy,fake_label/13111.npy
fake_feature/13112.npy,fake_label/13112.npy
fake_feature/13113.npy,fake_label/13113.npy
fake_feature/13114.npy,fake_label/13114.npy
fake_feature/13115.npy,fake_label/13115.npy
fake_feature/13116.npy,fake_label/13116.npy
fake_feature/13117.npy,fake_label/13117.npy
fake_feature/13118.npy,fake_label/13118.npy
fake_feature/13119.npy,fake_label/13119.npy
fake_feature/13120.npy,fake_label/13120.npy
fake_feature/13121.npy,fake_label/13121.npy
fake_feature/13122.npy,fake_label/13122.npy
fake_feature/13123.npy,fake_label/13123.npy
fake_feature/13124.npy,fake_label/13124.npy
fake_feature/13125.npy,fake_label/13125.npy
fake_feature/13126.npy,fake_label/13126.npy
fake_feature/13127.npy,fake_label/13127.npy
fake_feature/13128.npy,fake_label/13128.npy
fake_feature/13129.npy,fake_label/13129.npy
fake_feature/13130.npy,fake_label/13130.npy
fake_feature/13131.npy,fake_label/13131.npy
fake_feature/13132.npy,fake_label/13132.npy
fake_feature/13133.npy,fake_label/13133.npy
fake_feature/13134.npy,fake_label/13134.npy
fake_feature/13135.npy,fake_label/13135.npy
fake_feature/13136.npy,fake_label/13136.npy
fake_feature/13137.npy,fake_label/13137.npy
fake_feature/13138.npy,fake_label/13138.npy
fake_feature/13139.npy,fake_label/13139.npy
fake_feature/13140.npy,fake_label/13140.npy
fake_feature/13141.npy,fake_label/13141.npy
fake_feature/13142.npy,fake_label/13142.npy
fake_feature/13143.npy,fake_label/13143.npy
fake_feature/13144.npy,fake_label/13144.npy
fake_feature/13145.npy,fake_label/13145.npy
fake_feature/13146.npy,fake_label/13146.npy
fake_feature/13147.npy,fake_label/13147.npy
fake_feature/13148.npy,fake_label/13148.npy
fake_feature/13149.npy,fake_label/13149.npy
fake_feature/13150.npy,fake_label/13150.npy
fake_feature/13151.npy,fake_label/13151.npy
fake_feature/13152.npy,fake_label/13152.npy
fake_feature/13153.npy,fake_label/13153.npy
fake_feature/13154.npy,fake_label/13154.npy
fake_feature/13155.npy,fake_label/13155.npy
fake_feature/13156.npy,fake_label/13156.npy
fake_feature/13157.npy,fake_label/13157.npy
fake_feature/13158.npy,fake_label/13158.npy
fake_feature/13159.npy,fake_label/13159.npy
fake_feature/13160.npy,fake_label/13160.npy
fake_feature/13161.npy,fake_label/13161.npy
fake_feature/13162.npy,fake_label/13162.npy
fake_feature/13163.npy,fake_label/13163.npy
fake_feature/13164.npy,fake_label/13164.npy
fake_feature/13165.npy,fake_label/13165.npy
fake_feature/13166.npy,fake_label/13166.npy
fake_feature/13167.npy,fake_label/13167.npy
fake_feature/13168.npy,fake_label/13168.npy
fake_feature/13169.npy,fake_label/13169.npy
fake_feature/13170.npy,fake_label/13170.npy
fake_feature/13171.npy,fake_label/13171.npy
fake_feature/13172.npy,fake_label/13172.npy
fake_feature/13173.npy,fake_label/13173.npy
fake_feature/13174.npy,fake_label/13174.npy
fake_feature/13175.npy,fake_label/13175.npy
fake_feature/13176.npy,fake_label/13176.npy
fake_feature/13177.npy,fake_label/13177.npy
fake_feature/13178.npy,fake_label/13178.npy
fake_feature/13179.npy,fake_label/13179.npy
fake_feature/13180.npy,fake_label/13180.npy
fake_feature/13181.npy,fake_label/13181.npy
fake_feature/13182.npy,fake_label/13182.npy
fake_feature/13183.npy,fake_label/13183.npy
fake_feature/13184.npy,fake_label/13184.npy
fake_feature/13185.npy,fake_label/13185.npy
fake_feature/13186.npy,fake_label/13186.npy
fake_feature/13187.npy,fake_label/13187.npy
fake_feature/13188.npy,fake_label/13188.npy
fake_feature/13189.npy,fake_label/13189.npy
fake_feature/13190.npy,fake_label/13190.npy
fake_feature/13191.npy,fake_label/13191.npy
fake_feature/13192.npy,fake_label/13192.npy
fake_feature/13193.npy,fake_label/13193.npy
fake_feature/13194.npy,fake_label/13194.npy
fake_feature/13195.npy,fake_label/13195.npy
fake_feature/13196.npy,fake_label/13196.npy
fake_feature/13197.npy,fake_label/13197.npy
fake_feature/13198.npy,fake_label/13198.npy
fake_feature/13199.npy,fake_label/13199.npy
fake_feature/13200.npy,fake_label/13200.npy
fake_feature/13201.npy,fake_label/13201.npy
fake_feature/13202.npy,fake_label/13202.npy
fake_feature/13203.npy,fake_label/13203.npy
fake_feature/13204.npy,fake_label/13204.npy
fake_feature/13205.npy,fake_label/13205.npy
fake_feature/13206.npy,fake_label/13206.npy
fake_feature/13207.npy,fake_label/13207.npy
fake_feature/13208.npy,fake_label/13208.npy
fake_feature/13209.npy,fake_label/13209.npy
fake_feature/13210.npy,fake_label/13210.npy
fake_feature/13211.npy,fake_label/13211.npy
fake_feature/13212.npy,fake_label/13212.npy
fake_feature/13213.npy,fake_label/13213.npy
fake_feature/13214.npy,fake_label/13214.npy
fake_feature/13215.npy,fake_label/13215.npy
fake_feature/13216.npy,fake_label/13216.npy
fake_feature/13217.npy,fake_label/13217.npy
fake_feature/13218.npy,fake_label/13218.npy
fake_feature/13219.npy,fake_label/13219.npy
fake_feature/13220.npy,fake_label/13220.npy
fake_feature/13221.npy,fake_label/13221.npy
fake_feature/13222.npy,fake_label/13222.npy
fake_feature/13223.npy,fake_label/13223.npy
fake_feature/13224.npy,fake_label/13224.npy
fake_feature/13225.npy,fake_label/13225.npy
fake_feature/13226.npy,fake_label/13226.npy
fake_feature/13227.npy,fake_label/13227.npy
fake_feature/13228.npy,fake_label/13228.npy
fake_feature/13229.npy,fake_label/13229.npy
fake_feature/13230.npy,fake_label/13230.npy
fake_feature/13231.npy,fake_label/13231.npy
fake_feature/13232.npy,fake_label/13232.npy
fake_feature/13233.npy,fake_label/13233.npy
fake_feature/13234.npy,fake_label/13234.npy
fake_feature/13235.npy,fake_label/13235.npy
fake_feature/13236.npy,fake_label/13236.npy
fake_feature/13237.npy,fake_label/13237.npy
fake_feature/13238.npy,fake_label/13238.npy
fake_feature/13239.npy,fake_label/13239.npy
fake_feature/13240.npy,fake_label/13240.npy
fake_feature/13241.npy,fake_label/13241.npy
fake_feature/13242.npy,fake_label/13242.npy
fake_feature/13243.npy,fake_label/13243.npy
fake_feature/13244.npy,fake_label/13244.npy
fake_feature/13245.npy,fake_label/13245.npy
fake_feature/13246.npy,fake_label/13246.npy
fake_feature/13247.npy,fake_label/13247.npy
fake_feature/13248.npy,fake_label/13248.npy
fake_feature/13249.npy,fake_label/13249.npy
fake_feature/13250.npy,fake_label/13250.npy
fake_feature/13251.npy,fake_label/13251.npy
fake_feature/13252.npy,fake_label/13252.npy
fake_feature/13253.npy,fake_label/13253.npy
fake_feature/13254.npy,fake_label/13254.npy
fake_feature/13255.npy,fake_label/13255.npy
fake_feature/13256.npy,fake_label/13256.npy
fake_feature/13257.npy,fake_label/13257.npy
fake_feature/13258.npy,fake_label/13258.npy
fake_feature/13259.npy,fake_label/13259.npy
fake_feature/13260.npy,fake_label/13260.npy
fake_feature/13261.npy,fake_label/13261.npy
fake_feature/13262.npy,fake_label/13262.npy
fake_feature/13263.npy,fake_label/13263.npy
fake_feature/13264.npy,fake_label/13264.npy
fake_feature/13265.npy,fake_label/13265.npy
fake_feature/13266.npy,fake_label/13266.npy
fake_feature/13267.npy,fake_label/13267.npy
fake_feature/13268.npy,fake_label/13268.npy
fake_feature/13269.npy,fake_label/13269.npy
fake_feature/13270.npy,fake_label/13270.npy
fake_feature/13271.npy,fake_label/13271.npy
fake_feature/13272.npy,fake_label/13272.npy
fake_feature/13273.npy,fake_label/13273.npy
fake_feature/13274.npy,fake_label/13274.npy
fake_feature/13275.npy,fake_label/13275.npy
fake_feature/13276.npy,fake_label/13276.npy
fake_feature/13277.npy,fake_label/13277.npy
fake_feature/13278.npy,fake_label/13278.npy
fake_feature/13279.npy,fake_label/13279.npy
fake_feature/13280.npy,fake_label/13280.npy
fake_feature/13281.npy,fake_label/13281.npy
fake_feature/13282.npy,fake_label/13282.npy
fake_feature/13283.npy,fake_label/13283.npy
fake_feature/13284.npy,fake_label/13284.npy
fake_feature/13285.npy,fake_label/13285.npy
fake_feature/13286.npy,fake_label/13286.npy
fake_feature/13287.npy,fake_label/13287.npy
fake_feature/13288.npy,fake_label/13288.npy
fake_feature/13289.npy,fake_label/13289.npy
fake_feature/13290.npy,fake_label/13290.npy
fake_feature/13291.npy,fake_label/13291.npy
fake_feature/13292.npy,fake_label/13292.npy
fake_feature/13293.npy,fake_label/13293.npy
fake_feature/13294.npy,fake_label/13294.npy
fake_feature/13295.npy,fake_label/13295.npy
fake_feature/13296.npy,fake_label/13296.npy
fake_feature/13297.npy,fake_label/13297.npy
fake_feature/13298.npy,fake_label/13298.npy
fake_feature/13299.npy,fake_label/13299.npy
fake_feature/13300.npy,fake_label/13300.npy
fake_feature/13301.npy,fake_label/13301.npy
fake_feature/13302.npy,fake_label/13302.npy
fake_feature/13303.npy,fake_label/13303.npy
fake_feature/13304.npy,fake_label/13304.npy
fake_feature/13305.npy,fake_label/13305.npy
fake_feature/13306.npy,fake_label/13306.npy
fake_feature/13307.npy,fake_label/13307.npy
fake_feature/13308.npy,fake_label/13308.npy
fake_feature/13309.npy,fake_label/13309.npy
fake_feature/13310.npy,fake_label/13310.npy
fake_feature/13311.npy,fake_label/13311.npy
fake_feature/13312.npy,fake_label/13312.npy
fake_feature/13313.npy,fake_label/13313.npy
fake_feature/13314.npy,fake_label/13314.npy
fake_feature/13315.npy,fake_label/13315.npy
fake_feature/13316.npy,fake_label/13316.npy
fake_feature/13317.npy,fake_label/13317.npy
fake_feature/13318.npy,fake_label/13318.npy
fake_feature/13319.npy,fake_label/13319.npy
fake_feature/13320.npy,fake_label/13320.npy
fake_feature/13321.npy,fake_label/13321.npy
fake_feature/13322.npy,fake_label/13322.npy
fake_feature/13323.npy,fake_label/13323.npy
fake_feature/13324.npy,fake_label/13324.npy
fake_feature/13325.npy,fake_label/13325.npy
fake_feature/13326.npy,fake_label/13326.npy
fake_feature/13327.npy,fake_label/13327.npy
fake_feature/13328.npy,fake_label/13328.npy
fake_feature/13329.npy,fake_label/13329.npy
fake_feature/13330.npy,fake_label/13330.npy
fake_feature/13331.npy,fake_label/13331.npy
fake_feature/13332.npy,fake_label/13332.npy
fake_feature/13333.npy,fake_label/13333.npy
fake_feature/13334.npy,fake_label/13334.npy
fake_feature/13335.npy,fake_label/13335.npy
fake_feature/13336.npy,fake_label/13336.npy
fake_feature/13337.npy,fake_label/13337.npy
fake_feature/13338.npy,fake_label/13338.npy
fake_feature/13339.npy,fake_label/13339.npy
fake_feature/13340.npy,fake_label/13340.npy
fake_feature/13341.npy,fake_label/13341.npy
fake_feature/13342.npy,fake_label/13342.npy
fake_feature/13343.npy,fake_label/13343.npy
fake_feature/13344.npy,fake_label/13344.npy
fake_feature/13345.npy,fake_label/13345.npy
fake_feature/13346.npy,fake_label/13346.npy
fake_feature/13347.npy,fake_label/13347.npy
fake_feature/13348.npy,fake_label/13348.npy
fake_feature/13349.npy,fake_label/13349.npy
fake_feature/13350.npy,fake_label/13350.npy
fake_feature/13351.npy,fake_label/13351.npy
fake_feature/13352.npy,fake_label/13352.npy
fake_feature/13353.npy,fake_label/13353.npy
fake_feature/13354.npy,fake_label/13354.npy
fake_feature/13355.npy,fake_label/13355.npy
fake_feature/13356.npy,fake_label/13356.npy
fake_feature/13357.npy,fake_label/13357.npy
fake_feature/13358.npy,fake_label/13358.npy
fake_feature/13359.npy,fake_label/13359.npy
fake_feature/13360.npy,fake_label/13360.npy
fake_feature/13361.npy,fake_label/13361.npy
fake_feature/13362.npy,fake_label/13362.npy
fake_feature/13363.npy,fake_label/13363.npy
fake_feature/13364.npy,fake_label/13364.npy
fake_feature/13365.npy,fake_label/13365.npy
fake_feature/13366.npy,fake_label/13366.npy
fake_feature/13367.npy,fake_label/13367.npy
fake_feature/13368.npy,fake_label/13368.npy
fake_feature/13369.npy,fake_label/13369.npy
fake_feature/13370.npy,fake_label/13370.npy
fake_feature/13371.npy,fake_label/13371.npy
fake_feature/13372.npy,fake_label/13372.npy
fake_feature/13373.npy,fake_label/13373.npy
fake_feature/13374.npy,fake_label/13374.npy
fake_feature/13375.npy,fake_label/13375.npy
fake_feature/13376.npy,fake_label/13376.npy
fake_feature/13377.npy,fake_label/13377.npy
fake_feature/13378.npy,fake_label/13378.npy
fake_feature/13379.npy,fake_label/13379.npy
fake_feature/13380.npy,fake_label/13380.npy
fake_feature/13381.npy,fake_label/13381.npy
fake_feature/13382.npy,fake_label/13382.npy
fake_feature/13383.npy,fake_label/13383.npy
fake_feature/13384.npy,fake_label/13384.npy
fake_feature/13385.npy,fake_label/13385.npy
fake_feature/13386.npy,fake_label/13386.npy
fake_feature/13387.npy,fake_label/13387.npy
fake_feature/13388.npy,fake_label/13388.npy
fake_feature/13389.npy,fake_label/13389.npy
fake_feature/13390.npy,fake_label/13390.npy
fake_feature/13391.npy,fake_label/13391.npy
fake_feature/13392.npy,fake_label/13392.npy
fake_feature/13393.npy,fake_label/13393.npy
fake_feature/13394.npy,fake_label/13394.npy
fake_feature/13395.npy,fake_label/13395.npy
fake_feature/13396.npy,fake_label/13396.npy
fake_feature/13397.npy,fake_label/13397.npy
fake_feature/13398.npy,fake_label/13398.npy
fake_feature/13399.npy,fake_label/13399.npy
fake_feature/13400.npy,fake_label/13400.npy
fake_feature/13401.npy,fake_label/13401.npy
fake_feature/13402.npy,fake_label/13402.npy
fake_feature/13403.npy,fake_label/13403.npy
fake_feature/13404.npy,fake_label/13404.npy
fake_feature/13405.npy,fake_label/13405.npy
fake_feature/13406.npy,fake_label/13406.npy
fake_feature/13407.npy,fake_label/13407.npy
fake_feature/13408.npy,fake_label/13408.npy
fake_feature/13409.npy,fake_label/13409.npy
fake_feature/13410.npy,fake_label/13410.npy
fake_feature/13411.npy,fake_label/13411.npy
fake_feature/13412.npy,fake_label/13412.npy
fake_feature/13413.npy,fake_label/13413.npy
fake_feature/13414.npy,fake_label/13414.npy
fake_feature/13415.npy,fake_label/13415.npy
fake_feature/13416.npy,fake_label/13416.npy
fake_feature/13417.npy,fake_label/13417.npy
fake_feature/13418.npy,fake_label/13418.npy
fake_feature/13419.npy,fake_label/13419.npy
fake_feature/13420.npy,fake_label/13420.npy
fake_feature/13421.npy,fake_label/13421.npy
fake_feature/13422.npy,fake_label/13422.npy
fake_feature/13423.npy,fake_label/13423.npy
fake_feature/13424.npy,fake_label/13424.npy
fake_feature/13425.npy,fake_label/13425.npy
fake_feature/13426.npy,fake_label/13426.npy
fake_feature/13427.npy,fake_label/13427.npy
fake_feature/13428.npy,fake_label/13428.npy
fake_feature/13429.npy,fake_label/13429.npy
fake_feature/13430.npy,fake_label/13430.npy
fake_feature/13431.npy,fake_label/13431.npy
fake_feature/13432.npy,fake_label/13432.npy
fake_feature/13433.npy,fake_label/13433.npy
fake_feature/13434.npy,fake_label/13434.npy
fake_feature/13435.npy,fake_label/13435.npy
fake_feature/13436.npy,fake_label/13436.npy
fake_feature/13437.npy,fake_label/13437.npy
fake_feature/13438.npy,fake_label/13438.npy
fake_feature/13439.npy,fake_label/13439.npy
fake_feature/13440.npy,fake_label/13440.npy
fake_feature/13441.npy,fake_label/13441.npy
fake_feature/13442.npy,fake_label/13442.npy
fake_feature/13443.npy,fake_label/13443.npy
fake_feature/13444.npy,fake_label/13444.npy
fake_feature/13445.npy,fake_label/13445.npy
fake_feature/13446.npy,fake_label/13446.npy
fake_feature/13447.npy,fake_label/13447.npy
fake_feature/13448.npy,fake_label/13448.npy
fake_feature/13449.npy,fake_label/13449.npy
fake_feature/13450.npy,fake_label/13450.npy
fake_feature/13451.npy,fake_label/13451.npy
fake_feature/13452.npy,fake_label/13452.npy
fake_feature/13453.npy,fake_label/13453.npy
fake_feature/13454.npy,fake_label/13454.npy
fake_feature/13455.npy,fake_label/13455.npy
fake_feature/13456.npy,fake_label/13456.npy
fake_feature/13457.npy,fake_label/13457.npy
fake_feature/13458.npy,fake_label/13458.npy
fake_feature/13459.npy,fake_label/13459.npy
fake_feature/13460.npy,fake_label/13460.npy
fake_feature/13461.npy,fake_label/13461.npy
fake_feature/13462.npy,fake_label/13462.npy
fake_feature/13463.npy,fake_label/13463.npy
fake_feature/13464.npy,fake_label/13464.npy
fake_feature/13465.npy,fake_label/13465.npy
fake_feature/13466.npy,fake_label/13466.npy
fake_feature/13467.npy,fake_label/13467.npy
fake_feature/13468.npy,fake_label/13468.npy
fake_feature/13469.npy,fake_label/13469.npy
fake_feature/13470.npy,fake_label/13470.npy
fake_feature/13471.npy,fake_label/13471.npy
fake_feature/13472.npy,fake_label/13472.npy
fake_feature/13473.npy,fake_label/13473.npy
fake_feature/13474.npy,fake_label/13474.npy
fake_feature/13475.npy,fake_label/13475.npy
fake_feature/13476.npy,fake_label/13476.npy
fake_feature/13477.npy,fake_label/13477.npy
fake_feature/13478.npy,fake_label/13478.npy
fake_feature/13479.npy,fake_label/13479.npy
fake_feature/13480.npy,fake_label/13480.npy
fake_feature/13481.npy,fake_label/13481.npy
fake_feature/13482.npy,fake_label/13482.npy
fake_feature/13483.npy,fake_label/13483.npy
fake_feature/13484.npy,fake_label/13484.npy
fake_feature/13485.npy,fake_label/13485.npy
fake_feature/13486.npy,fake_label/13486.npy
fake_feature/13487.npy,fake_label/13487.npy
fake_feature/13488.npy,fake_label/13488.npy
fake_feature/13489.npy,fake_label/13489.npy
fake_feature/13490.npy,fake_label/13490.npy
fake_feature/13491.npy,fake_label/13491.npy
fake_feature/13492.npy,fake_label/13492.npy
fake_feature/13493.npy,fake_label/13493.npy
fake_feature/13494.npy,fake_label/13494.npy
fake_feature/13495.npy,fake_label/13495.npy
fake_feature/13496.npy,fake_label/13496.npy
fake_feature/13497.npy,fake_label/13497.npy
fake_feature/13498.npy,fake_label/13498.npy
fake_feature/13499.npy,fake_label/13499.npy
fake_feature/13500.npy,fake_label/13500.npy
fake_feature/13501.npy,fake_label/13501.npy
fake_feature/13502.npy,fake_label/13502.npy
fake_feature/13503.npy,fake_label/13503.npy
fake_feature/13504.npy,fake_label/13504.npy
fake_feature/13505.npy,fake_label/13505.npy
fake_feature/13506.npy,fake_label/13506.npy
fake_feature/13507.npy,fake_label/13507.npy
fake_feature/13508.npy,fake_label/13508.npy
fake_feature/13509.npy,fake_label/13509.npy
fake_feature/13510.npy,fake_label/13510.npy
fake_feature/13511.npy,fake_label/13511.npy
fake_feature/13512.npy,fake_label/13512.npy
fake_feature/13513.npy,fake_label/13513.npy
fake_feature/13514.npy,fake_label/13514.npy
fake_feature/13515.npy,fake_label/13515.npy
fake_feature/13516.npy,fake_label/13516.npy
fake_feature/13517.npy,fake_label/13517.npy
fake_feature/13518.npy,fake_label/13518.npy
fake_feature/13519.npy,fake_label/13519.npy
fake_feature/13520.npy,fake_label/13520.npy
fake_feature/13521.npy,fake_label/13521.npy
fake_feature/13522.npy,fake_label/13522.npy
fake_feature/13523.npy,fake_label/13523.npy
fake_feature/13524.npy,fake_label/13524.npy
fake_feature/13525.npy,fake_label/13525.npy
fake_feature/13526.npy,fake_label/13526.npy
fake_feature/13527.npy,fake_label/13527.npy
fake_feature/13528.npy,fake_label/13528.npy
fake_feature/13529.npy,fake_label/13529.npy
fake_feature/13530.npy,fake_label/13530.npy
fake_feature/13531.npy,fake_label/13531.npy
fake_feature/13532.npy,fake_label/13532.npy
fake_feature/13533.npy,fake_label/13533.npy
fake_feature/13534.npy,fake_label/13534.npy
fake_feature/13535.npy,fake_label/13535.npy
fake_feature/13536.npy,fake_label/13536.npy
fake_feature/13537.npy,fake_label/13537.npy
fake_feature/13538.npy,fake_label/13538.npy
fake_feature/13539.npy,fake_label/13539.npy
fake_feature/13540.npy,fake_label/13540.npy
fake_feature/13541.npy,fake_label/13541.npy
fake_feature/13542.npy,fake_label/13542.npy
fake_feature/13543.npy,fake_label/13543.npy
fake_feature/13544.npy,fake_label/13544.npy
fake_feature/13545.npy,fake_label/13545.npy
fake_feature/13546.npy,fake_label/13546.npy
fake_feature/13547.npy,fake_label/13547.npy
fake_feature/13548.npy,fake_label/13548.npy
fake_feature/13549.npy,fake_label/13549.npy
fake_feature/13550.npy,fake_label/13550.npy
fake_feature/13551.npy,fake_label/13551.npy
fake_feature/13552.npy,fake_label/13552.npy
fake_feature/13553.npy,fake_label/13553.npy
fake_feature/13554.npy,fake_label/13554.npy
fake_feature/13555.npy,fake_label/13555.npy
fake_feature/13556.npy,fake_label/13556.npy
fake_feature/13557.npy,fake_label/13557.npy
fake_feature/13558.npy,fake_label/13558.npy
fake_feature/13559.npy,fake_label/13559.npy
fake_feature/13560.npy,fake_label/13560.npy
fake_feature/13561.npy,fake_label/13561.npy
fake_feature/13562.npy,fake_label/13562.npy
fake_feature/13563.npy,fake_label/13563.npy
fake_feature/13564.npy,fake_label/13564.npy
fake_feature/13565.npy,fake_label/13565.npy
fake_feature/13566.npy,fake_label/13566.npy
fake_feature/13567.npy,fake_label/13567.npy
fake_feature/13568.npy,fake_label/13568.npy
fake_feature/13569.npy,fake_label/13569.npy
fake_feature/13570.npy,fake_label/13570.npy
fake_feature/13571.npy,fake_label/13571.npy
fake_feature/13572.npy,fake_label/13572.npy
fake_feature/13573.npy,fake_label/13573.npy
fake_feature/13574.npy,fake_label/13574.npy
fake_feature/13575.npy,fake_label/13575.npy
fake_feature/13576.npy,fake_label/13576.npy
fake_feature/13577.npy,fake_label/13577.npy
fake_feature/13578.npy,fake_label/13578.npy
fake_feature/13579.npy,fake_label/13579.npy
fake_feature/13580.npy,fake_label/13580.npy
fake_feature/13581.npy,fake_label/13581.npy
fake_feature/13582.npy,fake_label/13582.npy
fake_feature/13583.npy,fake_label/13583.npy
fake_feature/13584.npy,fake_label/13584.npy
fake_feature/13585.npy,fake_label/13585.npy
fake_feature/13586.npy,fake_label/13586.npy
fake_feature/13587.npy,fake_label/13587.npy
fake_feature/13588.npy,fake_label/13588.npy
fake_feature/13589.npy,fake_label/13589.npy
fake_feature/13590.npy,fake_label/13590.npy
fake_feature/13591.npy,fake_label/13591.npy
fake_feature/13592.npy,fake_label/13592.npy
fake_feature/13593.npy,fake_label/13593.npy
fake_feature/13594.npy,fake_label/13594.npy
fake_feature/13595.npy,fake_label/13595.npy
fake_feature/13596.npy,fake_label/13596.npy
fake_feature/13597.npy,fake_label/13597.npy
fake_feature/13598.npy,fake_label/13598.npy
fake_feature/13599.npy,fake_label/13599.npy
fake_feature/13600.npy,fake_label/13600.npy
fake_feature/13601.npy,fake_label/13601.npy
fake_feature/13602.npy,fake_label/13602.npy
fake_feature/13603.npy,fake_label/13603.npy
fake_feature/13604.npy,fake_label/13604.npy
fake_feature/13605.npy,fake_label/13605.npy
fake_feature/13606.npy,fake_label/13606.npy
fake_feature/13607.npy,fake_label/13607.npy
fake_feature/13608.npy,fake_label/13608.npy
fake_feature/13609.npy,fake_label/13609.npy
fake_feature/13610.npy,fake_label/13610.npy
fake_feature/13611.npy,fake_label/13611.npy
fake_feature/13612.npy,fake_label/13612.npy
fake_feature/13613.npy,fake_label/13613.npy
fake_feature/13614.npy,fake_label/13614.npy
fake_feature/13615.npy,fake_label/13615.npy
fake_feature/13616.npy,fake_label/13616.npy
fake_feature/13617.npy,fake_label/13617.npy
fake_feature/13618.npy,fake_label/13618.npy
fake_feature/13619.npy,fake_label/13619.npy
fake_feature/13620.npy,fake_label/13620.npy
fake_feature/13621.npy,fake_label/13621.npy
fake_feature/13622.npy,fake_label/13622.npy
fake_feature/13623.npy,fake_label/13623.npy
fake_feature/13624.npy,fake_label/13624.npy
fake_feature/13625.npy,fake_label/13625.npy
fake_feature/13626.npy,fake_label/13626.npy
fake_feature/13627.npy,fake_label/13627.npy
fake_feature/13628.npy,fake_label/13628.npy
fake_feature/13629.npy,fake_label/13629.npy
fake_feature/13630.npy,fake_label/13630.npy
fake_feature/13631.npy,fake_label/13631.npy
fake_feature/13632.npy,fake_label/13632.npy
fake_feature/13633.npy,fake_label/13633.npy
fake_feature/13634.npy,fake_label/13634.npy
fake_feature/13635.npy,fake_label/13635.npy
fake_feature/13636.npy,fake_label/13636.npy
fake_feature/13637.npy,fake_label/13637.npy
fake_feature/13638.npy,fake_label/13638.npy
fake_feature/13639.npy,fake_label/13639.npy
fake_feature/13640.npy,fake_label/13640.npy
fake_feature/13641.npy,fake_label/13641.npy
fake_feature/13642.npy,fake_label/13642.npy
fake_feature/13643.npy,fake_label/13643.npy
fake_feature/13644.npy,fake_label/13644.npy
fake_feature/13645.npy,fake_label/13645.npy
fake_feature/13646.npy,fake_label/13646.npy
fake_feature/13647.npy,fake_label/13647.npy
fake_feature/13648.npy,fake_label/13648.npy
fake_feature/13649.npy,fake_label/13649.npy
fake_feature/13650.npy,fake_label/13650.npy
fake_feature/13651.npy,fake_label/13651.npy
fake_feature/13652.npy,fake_label/13652.npy
fake_feature/13653.npy,fake_label/13653.npy
fake_feature/13654.npy,fake_label/13654.npy
fake_feature/13655.npy,fake_label/13655.npy
fake_feature/13656.npy,fake_label/13656.npy
fake_feature/13657.npy,fake_label/13657.npy
fake_feature/13658.npy,fake_label/13658.npy
fake_feature/13659.npy,fake_label/13659.npy
fake_feature/13660.npy,fake_label/13660.npy
fake_feature/13661.npy,fake_label/13661.npy
fake_feature/13662.npy,fake_label/13662.npy
fake_feature/13663.npy,fake_label/13663.npy
fake_feature/13664.npy,fake_label/13664.npy
fake_feature/13665.npy,fake_label/13665.npy
fake_feature/13666.npy,fake_label/13666.npy
fake_feature/13667.npy,fake_label/13667.npy
fake_feature/13668.npy,fake_label/13668.npy
fake_feature/13669.npy,fake_label/13669.npy
fake_feature/13670.npy,fake_label/13670.npy
fake_feature/13671.npy,fake_label/13671.npy
fake_feature/13672.npy,fake_label/13672.npy
fake_feature/13673.npy,fake_label/13673.npy
fake_feature/13674.npy,fake_label/13674.npy
fake_feature/13675.npy,fake_label/13675.npy
fake_feature/13676.npy,fake_label/13676.npy
fake_feature/13677.npy,fake_label/13677.npy
fake_feature/13678.npy,fake_label/13678.npy
fake_feature/13679.npy,fake_label/13679.npy
fake_feature/13680.npy,fake_label/13680.npy
fake_feature/13681.npy,fake_label/13681.npy
fake_feature/13682.npy,fake_label/13682.npy
fake_feature/13683.npy,fake_label/13683.npy
fake_feature/13684.npy,fake_label/13684.npy
fake_feature/13685.npy,fake_label/13685.npy
fake_feature/13686.npy,fake_label/13686.npy
fake_feature/13687.npy,fake_label/13687.npy
fake_feature/13688.npy,fake_label/13688.npy
fake_feature/13689.npy,fake_label/13689.npy
fake_feature/13690.npy,fake_label/13690.npy
fake_feature/13691.npy,fake_label/13691.npy
fake_feature/13692.npy,fake_label/13692.npy
fake_feature/13693.npy,fake_label/13693.npy
fake_feature/13694.npy,fake_label/13694.npy
fake_feature/13695.npy,fake_label/13695.npy
fake_feature/13696.npy,fake_label/13696.npy
fake_feature/13697.npy,fake_label/13697.npy
fake_feature/13698.npy,fake_label/13698.npy
fake_feature/13699.npy,fake_label/13699.npy
fake_feature/13700.npy,fake_label/13700.npy
fake_feature/13701.npy,fake_label/13701.npy
fake_feature/13702.npy,fake_label/13702.npy
fake_feature/13703.npy,fake_label/13703.npy
fake_feature/13704.npy,fake_label/13704.npy
fake_feature/13705.npy,fake_label/13705.npy
fake_feature/13706.npy,fake_label/13706.npy
fake_feature/13707.npy,fake_label/13707.npy
fake_feature/13708.npy,fake_label/13708.npy
fake_feature/13709.npy,fake_label/13709.npy
fake_feature/13710.npy,fake_label/13710.npy
fake_feature/13711.npy,fake_label/13711.npy
fake_feature/13712.npy,fake_label/13712.npy
fake_feature/13713.npy,fake_label/13713.npy
fake_feature/13714.npy,fake_label/13714.npy
fake_feature/13715.npy,fake_label/13715.npy
fake_feature/13716.npy,fake_label/13716.npy
fake_feature/13717.npy,fake_label/13717.npy
fake_feature/13718.npy,fake_label/13718.npy
fake_feature/13719.npy,fake_label/13719.npy
fake_feature/13720.npy,fake_label/13720.npy
fake_feature/13721.npy,fake_label/13721.npy
fake_feature/13722.npy,fake_label/13722.npy
fake_feature/13723.npy,fake_label/13723.npy
fake_feature/13724.npy,fake_label/13724.npy
fake_feature/13725.npy,fake_label/13725.npy
fake_feature/13726.npy,fake_label/13726.npy
fake_feature/13727.npy,fake_label/13727.npy
fake_feature/13728.npy,fake_label/13728.npy
fake_feature/13729.npy,fake_label/13729.npy
fake_feature/13730.npy,fake_label/13730.npy
fake_feature/13731.npy,fake_label/13731.npy
fake_feature/13732.npy,fake_label/13732.npy
fake_feature/13733.npy,fake_label/13733.npy
fake_feature/13734.npy,fake_label/13734.npy
fake_feature/13735.npy,fake_label/13735.npy
fake_feature/13736.npy,fake_label/13736.npy
fake_feature/13737.npy,fake_label/13737.npy
fake_feature/13738.npy,fake_label/13738.npy
fake_feature/13739.npy,fake_label/13739.npy
fake_feature/13740.npy,fake_label/13740.npy
fake_feature/13741.npy,fake_label/13741.npy
fake_feature/13742.npy,fake_label/13742.npy
fake_feature/13743.npy,fake_label/13743.npy
fake_feature/13744.npy,fake_label/13744.npy
fake_feature/13745.npy,fake_label/13745.npy
fake_feature/13746.npy,fake_label/13746.npy
fake_feature/13747.npy,fake_label/13747.npy
fake_feature/13748.npy,fake_label/13748.npy
fake_feature/13749.npy,fake_label/13749.npy
fake_feature/13750.npy,fake_label/13750.npy
fake_feature/13751.npy,fake_label/13751.npy
fake_feature/13752.npy,fake_label/13752.npy
fake_feature/13753.npy,fake_label/13753.npy
fake_feature/13754.npy,fake_label/13754.npy
fake_feature/13755.npy,fake_label/13755.npy
fake_feature/13756.npy,fake_label/13756.npy
fake_feature/13757.npy,fake_label/13757.npy
fake_feature/13758.npy,fake_label/13758.npy
fake_feature/13759.npy,fake_label/13759.npy
fake_feature/13760.npy,fake_label/13760.npy
fake_feature/13761.npy,fake_label/13761.npy
fake_feature/13762.npy,fake_label/13762.npy
fake_feature/13763.npy,fake_label/13763.npy
fake_feature/13764.npy,fake_label/13764.npy
fake_feature/13765.npy,fake_label/13765.npy
fake_feature/13766.npy,fake_label/13766.npy
fake_feature/13767.npy,fake_label/13767.npy
fake_feature/13768.npy,fake_label/13768.npy
fake_feature/13769.npy,fake_label/13769.npy
fake_feature/13770.npy,fake_label/13770.npy
fake_feature/13771.npy,fake_label/13771.npy
fake_feature/13772.npy,fake_label/13772.npy
fake_feature/13773.npy,fake_label/13773.npy
fake_feature/13774.npy,fake_label/13774.npy
fake_feature/13775.npy,fake_label/13775.npy
fake_feature/13776.npy,fake_label/13776.npy
fake_feature/13777.npy,fake_label/13777.npy
fake_feature/13778.npy,fake_label/13778.npy
fake_feature/13779.npy,fake_label/13779.npy
fake_feature/13780.npy,fake_label/13780.npy
fake_feature/13781.npy,fake_label/13781.npy
fake_feature/13782.npy,fake_label/13782.npy
fake_feature/13783.npy,fake_label/13783.npy
fake_feature/13784.npy,fake_label/13784.npy
fake_feature/13785.npy,fake_label/13785.npy
fake_feature/13786.npy,fake_label/13786.npy
fake_feature/13787.npy,fake_label/13787.npy
fake_feature/13788.npy,fake_label/13788.npy
fake_feature/13789.npy,fake_label/13789.npy
fake_feature/13790.npy,fake_label/13790.npy
fake_feature/13791.npy,fake_label/13791.npy
fake_feature/13792.npy,fake_label/13792.npy
fake_feature/13793.npy,fake_label/13793.npy
fake_feature/13794.npy,fake_label/13794.npy
fake_feature/13795.npy,fake_label/13795.npy
fake_feature/13796.npy,fake_label/13796.npy
fake_feature/13797.npy,fake_label/13797.npy
fake_feature/13798.npy,fake_label/13798.npy
fake_feature/13799.npy,fake_label/13799.npy
fake_feature/13800.npy,fake_label/13800.npy
fake_feature/13801.npy,fake_label/13801.npy
fake_feature/13802.npy,fake_label/13802.npy
fake_feature/13803.npy,fake_label/13803.npy
fake_feature/13804.npy,fake_label/13804.npy
fake_feature/13805.npy,fake_label/13805.npy
fake_feature/13806.npy,fake_label/13806.npy
fake_feature/13807.npy,fake_label/13807.npy
fake_feature/13808.npy,fake_label/13808.npy
fake_feature/13809.npy,fake_label/13809.npy
fake_feature/13810.npy,fake_label/13810.npy
fake_feature/13811.npy,fake_label/13811.npy
fake_feature/13812.npy,fake_label/13812.npy
fake_feature/13813.npy,fake_label/13813.npy
fake_feature/13814.npy,fake_label/13814.npy
fake_feature/13815.npy,fake_label/13815.npy
fake_feature/13816.npy,fake_label/13816.npy
fake_feature/13817.npy,fake_label/13817.npy
fake_feature/13818.npy,fake_label/13818.npy
fake_feature/13819.npy,fake_label/13819.npy
fake_feature/13820.npy,fake_label/13820.npy
fake_feature/13821.npy,fake_label/13821.npy
fake_feature/13822.npy,fake_label/13822.npy
fake_feature/13823.npy,fake_label/13823.npy
fake_feature/13824.npy,fake_label/13824.npy
fake_feature/13825.npy,fake_label/13825.npy
fake_feature/13826.npy,fake_label/13826.npy
fake_feature/13827.npy,fake_label/13827.npy
fake_feature/13828.npy,fake_label/13828.npy
fake_feature/13829.npy,fake_label/13829.npy
fake_feature/13830.npy,fake_label/13830.npy
fake_feature/13831.npy,fake_label/13831.npy
fake_feature/13832.npy,fake_label/13832.npy
fake_feature/13833.npy,fake_label/13833.npy
fake_feature/13834.npy,fake_label/13834.npy
fake_feature/13835.npy,fake_label/13835.npy
fake_feature/13836.npy,fake_label/13836.npy
fake_feature/13837.npy,fake_label/13837.npy
fake_feature/13838.npy,fake_label/13838.npy
fake_feature/13839.npy,fake_label/13839.npy
fake_feature/13840.npy,fake_label/13840.npy
fake_feature/13841.npy,fake_label/13841.npy
fake_feature/13842.npy,fake_label/13842.npy
fake_feature/13843.npy,fake_label/13843.npy
fake_feature/13844.npy,fake_label/13844.npy
fake_feature/13845.npy,fake_label/13845.npy
fake_feature/13846.npy,fake_label/13846.npy
fake_feature/13847.npy,fake_label/13847.npy
fake_feature/13848.npy,fake_label/13848.npy
fake_feature/13849.npy,fake_label/13849.npy
fake_feature/13850.npy,fake_label/13850.npy
fake_feature/13851.npy,fake_label/13851.npy
fake_feature/13852.npy,fake_label/13852.npy
fake_feature/13853.npy,fake_label/13853.npy
fake_feature/13854.npy,fake_label/13854.npy
fake_feature/13855.npy,fake_label/13855.npy
fake_feature/13856.npy,fake_label/13856.npy
fake_feature/13857.npy,fake_label/13857.npy
fake_feature/13858.npy,fake_label/13858.npy
fake_feature/13859.npy,fake_label/13859.npy
fake_feature/13860.npy,fake_label/13860.npy
fake_feature/13861.npy,fake_label/13861.npy
fake_feature/13862.npy,fake_label/13862.npy
fake_feature/13863.npy,fake_label/13863.npy
fake_feature/13864.npy,fake_label/13864.npy
fake_feature/13865.npy,fake_label/13865.npy
fake_feature/13866.npy,fake_label/13866.npy
fake_feature/13867.npy,fake_label/13867.npy
fake_feature/13868.npy,fake_label/13868.npy
fake_feature/13869.npy,fake_label/13869.npy
fake_feature/13870.npy,fake_label/13870.npy
fake_feature/13871.npy,fake_label/13871.npy
fake_feature/13872.npy,fake_label/13872.npy
fake_feature/13873.npy,fake_label/13873.npy
fake_feature/13874.npy,fake_label/13874.npy
fake_feature/13875.npy,fake_label/13875.npy
fake_feature/13876.npy,fake_label/13876.npy
fake_feature/13877.npy,fake_label/13877.npy
fake_feature/13878.npy,fake_label/13878.npy
fake_feature/13879.npy,fake_label/13879.npy
fake_feature/13880.npy,fake_label/13880.npy
fake_feature/13881.npy,fake_label/13881.npy
fake_feature/13882.npy,fake_label/13882.npy
fake_feature/13883.npy,fake_label/13883.npy
fake_feature/13884.npy,fake_label/13884.npy
fake_feature/13885.npy,fake_label/13885.npy
fake_feature/13886.npy,fake_label/13886.npy
fake_feature/13887.npy,fake_label/13887.npy
fake_feature/13888.npy,fake_label/13888.npy
fake_feature/13889.npy,fake_label/13889.npy
fake_feature/13890.npy,fake_label/13890.npy
fake_feature/13891.npy,fake_label/13891.npy
fake_feature/13892.npy,fake_label/13892.npy
fake_feature/13893.npy,fake_label/13893.npy
fake_feature/13894.npy,fake_label/13894.npy
fake_feature/13895.npy,fake_label/13895.npy
fake_feature/13896.npy,fake_label/13896.npy
fake_feature/13897.npy,fake_label/13897.npy
fake_feature/13898.npy,fake_label/13898.npy
fake_feature/13899.npy,fake_label/13899.npy
fake_feature/13900.npy,fake_label/13900.npy
fake_feature/13901.npy,fake_label/13901.npy
fake_feature/13902.npy,fake_label/13902.npy
fake_feature/13903.npy,fake_label/13903.npy
fake_feature/13904.npy,fake_label/13904.npy
fake_feature/13905.npy,fake_label/13905.npy
fake_feature/13906.npy,fake_label/13906.npy
fake_feature/13907.npy,fake_label/13907.npy
fake_feature/13908.npy,fake_label/13908.npy
fake_feature/13909.npy,fake_label/13909.npy
fake_feature/13910.npy,fake_label/13910.npy
fake_feature/13911.npy,fake_label/13911.npy
fake_feature/13912.npy,fake_label/13912.npy
fake_feature/13913.npy,fake_label/13913.npy
fake_feature/13914.npy,fake_label/13914.npy
fake_feature/13915.npy,fake_label/13915.npy
fake_feature/13916.npy,fake_label/13916.npy
fake_feature/13917.npy,fake_label/13917.npy
fake_feature/13918.npy,fake_label/13918.npy
fake_feature/13919.npy,fake_label/13919.npy
fake_feature/13920.npy,fake_label/13920.npy
fake_feature/13921.npy,fake_label/13921.npy
fake_feature/13922.npy,fake_label/13922.npy
fake_feature/13923.npy,fake_label/13923.npy
fake_feature/13924.npy,fake_label/13924.npy
fake_feature/13925.npy,fake_label/13925.npy
fake_feature/13926.npy,fake_label/13926.npy
fake_feature/13927.npy,fake_label/13927.npy
fake_feature/13928.npy,fake_label/13928.npy
fake_feature/13929.npy,fake_label/13929.npy
fake_feature/13930.npy,fake_label/13930.npy
fake_feature/13931.npy,fake_label/13931.npy
fake_feature/13932.npy,fake_label/13932.npy
fake_feature/13933.npy,fake_label/13933.npy
fake_feature/13934.npy,fake_label/13934.npy
fake_feature/13935.npy,fake_label/13935.npy
fake_feature/13936.npy,fake_label/13936.npy
fake_feature/13937.npy,fake_label/13937.npy
fake_feature/13938.npy,fake_label/13938.npy
fake_feature/13939.npy,fake_label/13939.npy
fake_feature/13940.npy,fake_label/13940.npy
fake_feature/13941.npy,fake_label/13941.npy
fake_feature/13942.npy,fake_label/13942.npy
fake_feature/13943.npy,fake_label/13943.npy
fake_feature/13944.npy,fake_label/13944.npy
fake_feature/13945.npy,fake_label/13945.npy
fake_feature/13946.npy,fake_label/13946.npy
fake_feature/13947.npy,fake_label/13947.npy
fake_feature/13948.npy,fake_label/13948.npy
fake_feature/13949.npy,fake_label/13949.npy
fake_feature/13950.npy,fake_label/13950.npy
fake_feature/13951.npy,fake_label/13951.npy
fake_feature/13952.npy,fake_label/13952.npy
fake_feature/13953.npy,fake_label/13953.npy
fake_feature/13954.npy,fake_label/13954.npy
fake_feature/13955.npy,fake_label/13955.npy
fake_feature/13956.npy,fake_label/13956.npy
fake_feature/13957.npy,fake_label/13957.npy
fake_feature/13958.npy,fake_label/13958.npy
fake_feature/13959.npy,fake_label/13959.npy
fake_feature/13960.npy,fake_label/13960.npy
fake_feature/13961.npy,fake_label/13961.npy
fake_feature/13962.npy,fake_label/13962.npy
fake_feature/13963.npy,fake_label/13963.npy
fake_feature/13964.npy,fake_label/13964.npy
fake_feature/13965.npy,fake_label/13965.npy
fake_feature/13966.npy,fake_label/13966.npy
fake_feature/13967.npy,fake_label/13967.npy
fake_feature/13968.npy,fake_label/13968.npy
fake_feature/13969.npy,fake_label/13969.npy
fake_feature/13970.npy,fake_label/13970.npy
fake_feature/13971.npy,fake_label/13971.npy
fake_feature/13972.npy,fake_label/13972.npy
fake_feature/13973.npy,fake_label/13973.npy
fake_feature/13974.npy,fake_label/13974.npy
fake_feature/13975.npy,fake_label/13975.npy
fake_feature/13976.npy,fake_label/13976.npy
fake_feature/13977.npy,fake_label/13977.npy
fake_feature/13978.npy,fake_label/13978.npy
fake_feature/13979.npy,fake_label/13979.npy
fake_feature/13980.npy,fake_label/13980.npy
fake_feature/13981.npy,fake_label/13981.npy
fake_feature/13982.npy,fake_label/13982.npy
fake_feature/13983.npy,fake_label/13983.npy
fake_feature/13984.npy,fake_label/13984.npy
fake_feature/13985.npy,fake_label/13985.npy
fake_feature/13986.npy,fake_label/13986.npy
fake_feature/13987.npy,fake_label/13987.npy
fake_feature/13988.npy,fake_label/13988.npy
fake_feature/13989.npy,fake_label/13989.npy
fake_feature/13990.npy,fake_label/13990.npy
fake_feature/13991.npy,fake_label/13991.npy
fake_feature/13992.npy,fake_label/13992.npy
fake_feature/13993.npy,fake_label/13993.npy
fake_feature/13994.npy,fake_label/13994.npy
fake_feature/13995.npy,fake_label/13995.npy
fake_feature/13996.npy,fake_label/13996.npy
fake_feature/13997.npy,fake_label/13997.npy
fake_feature/13998.npy,fake_label/13998.npy
fake_feature/13999.npy,fake_label/13999.npy
fake_feature/14000.npy,fake_label/14000.npy
fake_feature/14001.npy,fake_label/14001.npy
fake_feature/14002.npy,fake_label/14002.npy
fake_feature/14003.npy,fake_label/14003.npy
fake_feature/14004.npy,fake_label/14004.npy
fake_feature/14005.npy,fake_label/14005.npy
fake_feature/14006.npy,fake_label/14006.npy
fake_feature/14007.npy,fake_label/14007.npy
fake_feature/14008.npy,fake_label/14008.npy
fake_feature/14009.npy,fake_label/14009.npy
fake_feature/14010.npy,fake_label/14010.npy
fake_feature/14011.npy,fake_label/14011.npy
fake_feature/14012.npy,fake_label/14012.npy
fake_feature/14013.npy,fake_label/14013.npy
fake_feature/14014.npy,fake_label/14014.npy
fake_feature/14015.npy,fake_label/14015.npy
fake_feature/14016.npy,fake_label/14016.npy
fake_feature/14017.npy,fake_label/14017.npy
fake_feature/14018.npy,fake_label/14018.npy
fake_feature/14019.npy,fake_label/14019.npy
fake_feature/14020.npy,fake_label/14020.npy
fake_feature/14021.npy,fake_label/14021.npy
fake_feature/14022.npy,fake_label/14022.npy
fake_feature/14023.npy,fake_label/14023.npy
fake_feature/14024.npy,fake_label/14024.npy
fake_feature/14025.npy,fake_label/14025.npy
fake_feature/14026.npy,fake_label/14026.npy
fake_feature/14027.npy,fake_label/14027.npy
fake_feature/14028.npy,fake_label/14028.npy
fake_feature/14029.npy,fake_label/14029.npy
fake_feature/14030.npy,fake_label/14030.npy
fake_feature/14031.npy,fake_label/14031.npy
fake_feature/14032.npy,fake_label/14032.npy
fake_feature/14033.npy,fake_label/14033.npy
fake_feature/14034.npy,fake_label/14034.npy
fake_feature/14035.npy,fake_label/14035.npy
fake_feature/14036.npy,fake_label/14036.npy
fake_feature/14037.npy,fake_label/14037.npy
fake_feature/14038.npy,fake_label/14038.npy
fake_feature/14039.npy,fake_label/14039.npy
fake_feature/14040.npy,fake_label/14040.npy
fake_feature/14041.npy,fake_label/14041.npy
fake_feature/14042.npy,fake_label/14042.npy
fake_feature/14043.npy,fake_label/14043.npy
fake_feature/14044.npy,fake_label/14044.npy
fake_feature/14045.npy,fake_label/14045.npy
fake_feature/14046.npy,fake_label/14046.npy
fake_feature/14047.npy,fake_label/14047.npy
fake_feature/14048.npy,fake_label/14048.npy
fake_feature/14049.npy,fake_label/14049.npy
fake_feature/14050.npy,fake_label/14050.npy
fake_feature/14051.npy,fake_label/14051.npy
fake_feature/14052.npy,fake_label/14052.npy
fake_feature/14053.npy,fake_label/14053.npy
fake_feature/14054.npy,fake_label/14054.npy
fake_feature/14055.npy,fake_label/14055.npy
fake_feature/14056.npy,fake_label/14056.npy
fake_feature/14057.npy,fake_label/14057.npy
fake_feature/14058.npy,fake_label/14058.npy
fake_feature/14059.npy,fake_label/14059.npy
fake_feature/14060.npy,fake_label/14060.npy
fake_feature/14061.npy,fake_label/14061.npy
fake_feature/14062.npy,fake_label/14062.npy
fake_feature/14063.npy,fake_label/14063.npy
fake_feature/14064.npy,fake_label/14064.npy
fake_feature/14065.npy,fake_label/14065.npy
fake_feature/14066.npy,fake_label/14066.npy
fake_feature/14067.npy,fake_label/14067.npy
fake_feature/14068.npy,fake_label/14068.npy
fake_feature/14069.npy,fake_label/14069.npy
fake_feature/14070.npy,fake_label/14070.npy
fake_feature/14071.npy,fake_label/14071.npy
fake_feature/14072.npy,fake_label/14072.npy
fake_feature/14073.npy,fake_label/14073.npy
fake_feature/14074.npy,fake_label/14074.npy
fake_feature/14075.npy,fake_label/14075.npy
fake_feature/14076.npy,fake_label/14076.npy
fake_feature/14077.npy,fake_label/14077.npy
fake_feature/14078.npy,fake_label/14078.npy
fake_feature/14079.npy,fake_label/14079.npy
fake_feature/14080.npy,fake_label/14080.npy
fake_feature/14081.npy,fake_label/14081.npy
fake_feature/14082.npy,fake_label/14082.npy
fake_feature/14083.npy,fake_label/14083.npy
fake_feature/14084.npy,fake_label/14084.npy
fake_feature/14085.npy,fake_label/14085.npy
fake_feature/14086.npy,fake_label/14086.npy
fake_feature/14087.npy,fake_label/14087.npy
fake_feature/14088.npy,fake_label/14088.npy
fake_feature/14089.npy,fake_label/14089.npy
fake_feature/14090.npy,fake_label/14090.npy
fake_feature/14091.npy,fake_label/14091.npy
fake_feature/14092.npy,fake_label/14092.npy
fake_feature/14093.npy,fake_label/14093.npy
fake_feature/14094.npy,fake_label/14094.npy
fake_feature/14095.npy,fake_label/14095.npy
fake_feature/14096.npy,fake_label/14096.npy
fake_feature/14097.npy,fake_label/14097.npy
fake_feature/14098.npy,fake_label/14098.npy
fake_feature/14099.npy,fake_label/14099.npy
fake_feature/14100.npy,fake_label/14100.npy
fake_feature/14101.npy,fake_label/14101.npy
fake_feature/14102.npy,fake_label/14102.npy
fake_feature/14103.npy,fake_label/14103.npy
fake_feature/14104.npy,fake_label/14104.npy
fake_feature/14105.npy,fake_label/14105.npy
fake_feature/14106.npy,fake_label/14106.npy
fake_feature/14107.npy,fake_label/14107.npy
fake_feature/14108.npy,fake_label/14108.npy
fake_feature/14109.npy,fake_label/14109.npy
fake_feature/14110.npy,fake_label/14110.npy
fake_feature/14111.npy,fake_label/14111.npy
fake_feature/14112.npy,fake_label/14112.npy
fake_feature/14113.npy,fake_label/14113.npy
fake_feature/14114.npy,fake_label/14114.npy
fake_feature/14115.npy,fake_label/14115.npy
fake_feature/14116.npy,fake_label/14116.npy
fake_feature/14117.npy,fake_label/14117.npy
fake_feature/14118.npy,fake_label/14118.npy
fake_feature/14119.npy,fake_label/14119.npy
fake_feature/14120.npy,fake_label/14120.npy
fake_feature/14121.npy,fake_label/14121.npy
fake_feature/14122.npy,fake_label/14122.npy
fake_feature/14123.npy,fake_label/14123.npy
fake_feature/14124.npy,fake_label/14124.npy
fake_feature/14125.npy,fake_label/14125.npy
fake_feature/14126.npy,fake_label/14126.npy
fake_feature/14127.npy,fake_label/14127.npy
fake_feature/14128.npy,fake_label/14128.npy
fake_feature/14129.npy,fake_label/14129.npy
fake_feature/14130.npy,fake_label/14130.npy
fake_feature/14131.npy,fake_label/14131.npy
fake_feature/14132.npy,fake_label/14132.npy
fake_feature/14133.npy,fake_label/14133.npy
fake_feature/14134.npy,fake_label/14134.npy
fake_feature/14135.npy,fake_label/14135.npy
fake_feature/14136.npy,fake_label/14136.npy
fake_feature/14137.npy,fake_label/14137.npy
fake_feature/14138.npy,fake_label/14138.npy
fake_feature/14139.npy,fake_label/14139.npy
fake_feature/14140.npy,fake_label/14140.npy
fake_feature/14141.npy,fake_label/14141.npy
fake_feature/14142.npy,fake_label/14142.npy
fake_feature/14143.npy,fake_label/14143.npy
fake_feature/14144.npy,fake_label/14144.npy
fake_feature/14145.npy,fake_label/14145.npy
fake_feature/14146.npy,fake_label/14146.npy
fake_feature/14147.npy,fake_label/14147.npy
fake_feature/14148.npy,fake_label/14148.npy
fake_feature/14149.npy,fake_label/14149.npy
fake_feature/14150.npy,fake_label/14150.npy
fake_feature/14151.npy,fake_label/14151.npy
fake_feature/14152.npy,fake_label/14152.npy
fake_feature/14153.npy,fake_label/14153.npy
fake_feature/14154.npy,fake_label/14154.npy
fake_feature/14155.npy,fake_label/14155.npy
fake_feature/14156.npy,fake_label/14156.npy
fake_feature/14157.npy,fake_label/14157.npy
fake_feature/14158.npy,fake_label/14158.npy
fake_feature/14159.npy,fake_label/14159.npy
fake_feature/14160.npy,fake_label/14160.npy
fake_feature/14161.npy,fake_label/14161.npy
fake_feature/14162.npy,fake_label/14162.npy
fake_feature/14163.npy,fake_label/14163.npy
fake_feature/14164.npy,fake_label/14164.npy
fake_feature/14165.npy,fake_label/14165.npy
fake_feature/14166.npy,fake_label/14166.npy
fake_feature/14167.npy,fake_label/14167.npy
fake_feature/14168.npy,fake_label/14168.npy
fake_feature/14169.npy,fake_label/14169.npy
fake_feature/14170.npy,fake_label/14170.npy
fake_feature/14171.npy,fake_label/14171.npy
fake_feature/14172.npy,fake_label/14172.npy
fake_feature/14173.npy,fake_label/14173.npy
fake_feature/14174.npy,fake_label/14174.npy
fake_feature/14175.npy,fake_label/14175.npy
fake_feature/14176.npy,fake_label/14176.npy
fake_feature/14177.npy,fake_label/14177.npy
fake_feature/14178.npy,fake_label/14178.npy
fake_feature/14179.npy,fake_label/14179.npy
fake_feature/14180.npy,fake_label/14180.npy
fake_feature/14181.npy,fake_label/14181.npy
fake_feature/14182.npy,fake_label/14182.npy
fake_feature/14183.npy,fake_label/14183.npy
fake_feature/14184.npy,fake_label/14184.npy
fake_feature/14185.npy,fake_label/14185.npy
fake_feature/14186.npy,fake_label/14186.npy
fake_feature/14187.npy,fake_label/14187.npy
fake_feature/14188.npy,fake_label/14188.npy
fake_feature/14189.npy,fake_label/14189.npy
fake_feature/14190.npy,fake_label/14190.npy
fake_feature/14191.npy,fake_label/14191.npy
fake_feature/14192.npy,fake_label/14192.npy
fake_feature/14193.npy,fake_label/14193.npy
fake_feature/14194.npy,fake_label/14194.npy
fake_feature/14195.npy,fake_label/14195.npy
fake_feature/14196.npy,fake_label/14196.npy
fake_feature/14197.npy,fake_label/14197.npy
fake_feature/14198.npy,fake_label/14198.npy
fake_feature/14199.npy,fake_label/14199.npy
fake_feature/14200.npy,fake_label/14200.npy
fake_feature/14201.npy,fake_label/14201.npy
fake_feature/14202.npy,fake_label/14202.npy
fake_feature/14203.npy,fake_label/14203.npy
fake_feature/14204.npy,fake_label/14204.npy
fake_feature/14205.npy,fake_label/14205.npy
fake_feature/14206.npy,fake_label/14206.npy
fake_feature/14207.npy,fake_label/14207.npy
fake_feature/14208.npy,fake_label/14208.npy
fake_feature/14209.npy,fake_label/14209.npy
fake_feature/14210.npy,fake_label/14210.npy
fake_feature/14211.npy,fake_label/14211.npy
fake_feature/14212.npy,fake_label/14212.npy
fake_feature/14213.npy,fake_label/14213.npy
fake_feature/14214.npy,fake_label/14214.npy
fake_feature/14215.npy,fake_label/14215.npy
fake_feature/14216.npy,fake_label/14216.npy
fake_feature/14217.npy,fake_label/14217.npy
fake_feature/14218.npy,fake_label/14218.npy
fake_feature/14219.npy,fake_label/14219.npy
fake_feature/14220.npy,fake_label/14220.npy
fake_feature/14221.npy,fake_label/14221.npy
fake_feature/14222.npy,fake_label/14222.npy
fake_feature/14223.npy,fake_label/14223.npy
fake_feature/14224.npy,fake_label/14224.npy
fake_feature/14225.npy,fake_label/14225.npy
fake_feature/14226.npy,fake_label/14226.npy
fake_feature/14227.npy,fake_label/14227.npy
fake_feature/14228.npy,fake_label/14228.npy
fake_feature/14229.npy,fake_label/14229.npy
fake_feature/14230.npy,fake_label/14230.npy
fake_feature/14231.npy,fake_label/14231.npy
fake_feature/14232.npy,fake_label/14232.npy
fake_feature/14233.npy,fake_label/14233.npy
fake_feature/14234.npy,fake_label/14234.npy
fake_feature/14235.npy,fake_label/14235.npy
fake_feature/14236.npy,fake_label/14236.npy
fake_feature/14237.npy,fake_label/14237.npy
fake_feature/14238.npy,fake_label/14238.npy
fake_feature/14239.npy,fake_label/14239.npy
fake_feature/14240.npy,fake_label/14240.npy
fake_feature/14241.npy,fake_label/14241.npy
fake_feature/14242.npy,fake_label/14242.npy
fake_feature/14243.npy,fake_label/14243.npy
fake_feature/14244.npy,fake_label/14244.npy
fake_feature/14245.npy,fake_label/14245.npy
fake_feature/14246.npy,fake_label/14246.npy
fake_feature/14247.npy,fake_label/14247.npy
fake_feature/14248.npy,fake_label/14248.npy
fake_feature/14249.npy,fake_label/14249.npy
fake_feature/14250.npy,fake_label/14250.npy
fake_feature/14251.npy,fake_label/14251.npy
fake_feature/14252.npy,fake_label/14252.npy
fake_feature/14253.npy,fake_label/14253.npy
fake_feature/14254.npy,fake_label/14254.npy
fake_feature/14255.npy,fake_label/14255.npy
fake_feature/14256.npy,fake_label/14256.npy
fake_feature/14257.npy,fake_label/14257.npy
fake_feature/14258.npy,fake_label/14258.npy
fake_feature/14259.npy,fake_label/14259.npy
fake_feature/14260.npy,fake_label/14260.npy
fake_feature/14261.npy,fake_label/14261.npy
fake_feature/14262.npy,fake_label/14262.npy
fake_feature/14263.npy,fake_label/14263.npy
fake_feature/14264.npy,fake_label/14264.npy
fake_feature/14265.npy,fake_label/14265.npy
fake_feature/14266.npy,fake_label/14266.npy
fake_feature/14267.npy,fake_label/14267.npy
fake_feature/14268.npy,fake_label/14268.npy
fake_feature/14269.npy,fake_label/14269.npy
fake_feature/14270.npy,fake_label/14270.npy
fake_feature/14271.npy,fake_label/14271.npy
fake_feature/14272.npy,fake_label/14272.npy
fake_feature/14273.npy,fake_label/14273.npy
fake_feature/14274.npy,fake_label/14274.npy
fake_feature/14275.npy,fake_label/14275.npy
fake_feature/14276.npy,fake_label/14276.npy
fake_feature/14277.npy,fake_label/14277.npy
fake_feature/14278.npy,fake_label/14278.npy
fake_feature/14279.npy,fake_label/14279.npy
fake_feature/14280.npy,fake_label/14280.npy
fake_feature/14281.npy,fake_label/14281.npy
fake_feature/14282.npy,fake_label/14282.npy
fake_feature/14283.npy,fake_label/14283.npy
fake_feature/14284.npy,fake_label/14284.npy
fake_feature/14285.npy,fake_label/14285.npy
fake_feature/14286.npy,fake_label/14286.npy
fake_feature/14287.npy,fake_label/14287.npy
fake_feature/14288.npy,fake_label/14288.npy
fake_feature/14289.npy,fake_label/14289.npy
fake_feature/14290.npy,fake_label/14290.npy
fake_feature/14291.npy,fake_label/14291.npy
fake_feature/14292.npy,fake_label/14292.npy
fake_feature/14293.npy,fake_label/14293.npy
fake_feature/14294.npy,fake_label/14294.npy
fake_feature/14295.npy,fake_label/14295.npy
fake_feature/14296.npy,fake_label/14296.npy
fake_feature/14297.npy,fake_label/14297.npy
fake_feature/14298.npy,fake_label/14298.npy
fake_feature/14299.npy,fake_label/14299.npy
fake_feature/14300.npy,fake_label/14300.npy
fake_feature/14301.npy,fake_label/14301.npy
fake_feature/14302.npy,fake_label/14302.npy
fake_feature/14303.npy,fake_label/14303.npy
fake_feature/14304.npy,fake_label/14304.npy
fake_feature/14305.npy,fake_label/14305.npy
fake_feature/14306.npy,fake_label/14306.npy
fake_feature/14307.npy,fake_label/14307.npy
fake_feature/14308.npy,fake_label/14308.npy
fake_feature/14309.npy,fake_label/14309.npy
fake_feature/14310.npy,fake_label/14310.npy
fake_feature/14311.npy,fake_label/14311.npy
fake_feature/14312.npy,fake_label/14312.npy
fake_feature/14313.npy,fake_label/14313.npy
fake_feature/14314.npy,fake_label/14314.npy
fake_feature/14315.npy,fake_label/14315.npy
fake_feature/14316.npy,fake_label/14316.npy
fake_feature/14317.npy,fake_label/14317.npy
fake_feature/14318.npy,fake_label/14318.npy
fake_feature/14319.npy,fake_label/14319.npy
fake_feature/14320.npy,fake_label/14320.npy
fake_feature/14321.npy,fake_label/14321.npy
fake_feature/14322.npy,fake_label/14322.npy
fake_feature/14323.npy,fake_label/14323.npy
fake_feature/14324.npy,fake_label/14324.npy
fake_feature/14325.npy,fake_label/14325.npy
fake_feature/14326.npy,fake_label/14326.npy
fake_feature/14327.npy,fake_label/14327.npy
fake_feature/14328.npy,fake_label/14328.npy
fake_feature/14329.npy,fake_label/14329.npy
fake_feature/14330.npy,fake_label/14330.npy
fake_feature/14331.npy,fake_label/14331.npy
fake_feature/14332.npy,fake_label/14332.npy
fake_feature/14333.npy,fake_label/14333.npy
fake_feature/14334.npy,fake_label/14334.npy
fake_feature/14335.npy,fake_label/14335.npy
fake_feature/14336.npy,fake_label/14336.npy
fake_feature/14337.npy,fake_label/14337.npy
